claim_id,customer_id,policy_id,policy_line,incident_date,filing_date,filing_delay_days,incident_type,incident_severity,claim_amount_usd,coverage_limit_usd,claim_to_limit_ratio,estimated_annual_premium_usd,claim_to_premium_ratio,claim_status,risk_label,is_anomaly_ground_truth,anomaly_reasons,incident_narrative,adjuster_notes
CLM-2024-00001,CUST-06492,POL-010263,Fire,2023-01-26,2023-01-31,5,Chimney / Fireplace Thermal Spread,Moderate,16302.84,500000.0,0.0326,750.0,21.74,Approved,Medium,False,NONE,Creosote buildup in masonry chimney flue sparked internal combustion. Thermal crack allowed embers into attic insulation. Prompt response by local brigade prevented full roof ignition. Flue relining and attic decontamination required.,Standard verification complete. Estimates match third-party independent inspection. Documentation verified.
CLM-2024-00002,CUST-00762,POL-001194,Fire,2023-03-31,2023-04-04,4,Chimney / Fireplace Thermal Spread,Moderate,7118.46,400000.0,0.0178,350.0,20.34,Settled,Low,False,NONE,Creosote buildup in masonry chimney flue sparked internal combustion. Thermal crack allowed embers into attic insulation. Prompt response by local brigade prevented full roof ignition. Flue relining and attic decontamination required.,Standard verification complete. Estimates match third-party independent inspection. Documentation verified.
CLM-2024-00003,CUST-04819,POL-007629,Auto,2023-07-23,2023-08-14,22,High-Value Marine Equipment Loss,Moderate,21217.82,120000.0,0.1768,3000.0,7.07,Open,High,True,PHANTOM_LUXURY_BOAT_THEFT,Claimant alleges twin 350HP marine engines unbolted and removed from dry dock trailer overnight with no perimeter fence breaches or security footage. Claim amount matches maximum policy limit to the exact dollar. Title transfer completed only 3 weeks prior.,Potential Billing Discrepancy: Itemized labor and parts estimates exceed regional peer averages by 25-40%.
CLM-2024-00004,CUST-04639,POL-007343,Fire,2023-01-07,2023-01-10,3,Kitchen Grease Fire,Major,30388.81,200000.0,0.1519,75.0,405.18,Approved,Medium,False,NONE,"Deep fryer flare-up caused flame spread to kitchen drywall. Heat blistering across ceiling joists. Structural fire damage contained to kitchen area, but substantial soot cleanup needed throughout residence.",Standard verification complete. Estimates match third-party independent inspection. Documentation verified.
CLM-2024-00005,CUST-05120,POL-008100,Fire,2024-01-25,2024-02-12,18,Suspicious Early Inception Fire,Major,201503.01,300000.0,0.6717,150.0,1343.35,Under Investigation,High,True,RECENT_COVERAGE_SPIKE_FIRE,"Commercial property fire reported 9 days following policy contribution upgrade. Fire originated in storage room with two distinct, unlinked burn patterns detected by arson investigator. Stock inventory records requested but claimant unable to provide supporting receipts or tax filings.",SIU Audit Triggered: Indicator matches RECENT_COVERAGE_SPIKE_FIRE. Significant inconsistencies in physical damage inspection vs reported narrative.
CLM-2024-00006,CUST-05570,POL-008838,Fire,2024-04-15,2024-04-18,3,Chimney / Fireplace Thermal Spread,Minor,4786.8,300000.0,0.016,150.0,31.91,Settled,Low,False,NONE,Creosote buildup in masonry chimney flue sparked internal combustion. Thermal crack allowed embers into attic insulation. Prompt response by local brigade prevented full roof ignition. Flue relining and attic decontamination required.,Standard verification complete. Estimates match third-party independent inspection. Documentation verified.
CLM-2024-00007,CUST-00400,POL-000646,Auto,2024-01-06,2024-01-13,7,Intersection T-Bone Impact,Total Loss,69571.73,120000.0,0.5798,3000.0,23.19,Settled,Medium,False,NONE,Insured was proceeding on green light when a third-party vehicle failed to yield and impacted the passenger side. Significant structural intrusion along B-pillar and both passenger doors. Side curtain airbags deployed. Tow required.,"Comprehensive field adjuster verification complete. Police report, independent surveyor report, and official repair bids on file. Verified genuine catastrophic loss."
CLM-2024-00008,CUST-03966,POL-006275,Fire,2023-08-27,2023-08-31,4,High-Value Marine Equipment Loss,Major,96272.82,200000.0,0.4814,75.0,1283.64,Under Investigation,High,True,PHANTOM_LUXURY_BOAT_THEFT,Claimant alleges twin 350HP marine engines unbolted and removed from dry dock trailer overnight with no perimeter fence breaches or security footage. Claim amount matches maximum policy limit to the exact dollar. Title transfer completed only 3 weeks prior.,Policy Inception Audit: High-severity claim filed immediately following policy coverage modification.
CLM-2024-00009,CUST-04988,POL-007883,Fire,2023-06-16,2023-06-21,5,Electrical Fault Fire,Total Loss,126821.08,300000.0,0.4227,150.0,845.47,Approved,Medium,False,NONE,Overheated breaker panel in basement initiated smoldering fire inside stud wall cavity. Flames traveled upward between floors before breaching living room drywall. Significant structural timber charring and complete electrical overhaul required.,Standard verification complete. Estimates match third-party independent inspection. Documentation verified.
CLM-2024-00010,CUST-07471,POL-011764,Fire,2023-06-25,2023-07-10,15,Inflated Water Restoration,Moderate,21418.81,400000.0,0.0535,350.0,61.2,Open,High,True,INFLATED_WATER_REPAIR,"Claim submitted for sudden pipe rupture in unoccupied guest wing. Restoration contractor billed 24 industrial air movers and 6 commercial dehumidifiers for 21 days continuously, exceeding standard mitigation duration by 400%. Demolition invoices include pre-existing renovation materials not damaged by water.",Potential Billing Discrepancy: Itemized labor and parts estimates exceed regional peer averages by 25-40%.
CLM-2024-00011,CUST-01479,POL-002386,Fire,2024-07-24,2024-08-24,31,Kitchen Grease Fire,Major,16709.83,125000.0,0.1337,25.0,668.39,Settled,Medium,False,NONE,"Unattended cooking oil ignited on stovetop, spreading rapidly to wooden cabinetry and exhaust hood. Fire department responded within 12 minutes. Heavy smoke damage throughout ground floor and water saturation across kitchen subflooring.",Standard verification complete. Estimates match third-party independent inspection. Documentation verified.
CLM-2024-00012,CUST-00675,POL-001065,Auto,2023-08-05,2023-08-06,1,Single Vehicle Roadside Impact,Minor,5440.22,120000.0,0.0453,3000.0,1.81,Settled,Low,False,NONE,Loss of traction on black ice caused vehicle to slide into concrete median barrier. Front subframe and wheel rim cracked. No injuries reported.,Standard verification complete. Estimates match third-party independent inspection. Documentation verified.
CLM-2024-00013,CUST-09425,POL-014920,Fire,2023-09-10,2023-09-14,4,Chimney / Fireplace Thermal Spread,Moderate,9466.28,400000.0,0.0237,350.0,27.05,Settled,Low,False,NONE,Creosote buildup in masonry chimney flue sparked internal combustion. Thermal crack allowed embers into attic insulation. Prompt response by local brigade prevented full roof ignition. Flue relining and attic decontamination required.,Standard verification complete. Estimates match third-party independent inspection. Documentation verified.
CLM-2024-00014,CUST-06183,POL-009807,Fire,2024-06-05,2024-06-15,10,Electrical Fault Fire,Major,55855.73,400000.0,0.1396,350.0,159.59,Settled,Medium,False,NONE,Overheated breaker panel in basement initiated smoldering fire inside stud wall cavity. Flames traveled upward between floors before breaching living room drywall. Significant structural timber charring and complete electrical overhaul required.,Standard verification complete. Estimates match third-party independent inspection. Documentation verified.
CLM-2024-00015,CUST-02153,POL-003442,Caravan,2023-03-07,2023-03-15,8,Storm Hail and Tree Branch Impact,Moderate,13125.0,17500.0,0.75,25.0,525.0,Approved,Medium,False,NONE,High winds at holiday park caused awning detachment and side panel punctures. Water entered electrical breaker enclosure.,Standard verification complete. Estimates match third-party independent inspection. Documentation verified.
CLM-2024-00016,CUST-04747,POL-007516,Auto,2023-04-28,2023-05-19,21,Suspicious Early Inception Fire,Major,16017.9,120000.0,0.1335,3000.0,5.34,Open,High,True,RECENT_COVERAGE_SPIKE_FIRE,"Commercial property fire reported 9 days following policy contribution upgrade. Fire originated in storage room with two distinct, unlinked burn patterns detected by arson investigator. Stock inventory records requested but claimant unable to provide supporting receipts or tax filings.",Potential Billing Discrepancy: Itemized labor and parts estimates exceed regional peer averages by 25-40%.
CLM-2024-00017,CUST-04510,POL-007154,Fire,2023-01-04,2023-01-05,1,Chimney / Fireplace Thermal Spread,Moderate,4900.11,400000.0,0.0123,350.0,14.0,Settled,Low,False,NONE,Creosote buildup in masonry chimney flue sparked internal combustion. Thermal crack allowed embers into attic insulation. Prompt response by local brigade prevented full roof ignition. Flue relining and attic decontamination required.,Standard verification complete. Estimates match third-party independent inspection. Documentation verified.
CLM-2024-00018,CUST-05712,POL-009052,Caravan,2024-06-03,2024-06-06,3,Storm Hail and Tree Branch Impact,Minor,5114.95,17500.0,0.2923,25.0,204.6,Approved,Low,False,NONE,High winds at holiday park caused awning detachment and side panel punctures. Water entered electrical breaker enclosure.,Standard verification complete. Estimates match third-party independent inspection. Documentation verified.
CLM-2024-00019,CUST-01033,POL-001656,Auto,2023-01-01,2023-01-08,7,Single Vehicle Roadside Impact,Moderate,4456.61,120000.0,0.0371,3000.0,1.49,Under Investigation,Low,False,NONE,"Insured swerved to avoid crossing wildlife on unlit rural road, colliding with roadside guardrail. Damage concentrated on driver front bumper, headlight, and wheel arch. No other vehicles involved.",Standard verification complete. Estimates match third-party independent inspection. Documentation verified.
CLM-2024-00020,CUST-04074,POL-006457,Auto,2023-09-03,2023-09-05,2,Rear-End Collision,Minor,3265.19,120000.0,0.0272,3000.0,1.09,Settled,Low,False,NONE,"Insured vehicle was struck from behind while stationary at a signalized intersection. Rear bumper crushed, trunk lid misaligned, and tail light assemblies shattered. Airbags did not deploy. Claimant reported minor neck stiffness.",Standard verification complete. Estimates match third-party independent inspection. Documentation verified.
CLM-2024-00021,CUST-02999,POL-004795,Auto,2023-05-09,2023-05-13,4,Intersection T-Bone Impact,Total Loss,19570.39,120000.0,0.1631,3000.0,6.52,Settled,Medium,False,NONE,"Broadside collision at uncontrolled intersection during heavy rain. Front quarter panel, suspension, and steering rack compromised. Vehicle deemed unsafe to drive and towed to certified repair facility.",Standard verification complete. Estimates match third-party independent inspection. Documentation verified.
CLM-2024-00022,CUST-05692,POL-009021,Fire,2023-08-05,2023-08-12,7,Chimney / Fireplace Thermal Spread,Minor,8089.07,500000.0,0.0162,750.0,10.79,Settled,Low,False,NONE,Creosote buildup in masonry chimney flue sparked internal combustion. Thermal crack allowed embers into attic insulation. Prompt response by local brigade prevented full roof ignition. Flue relining and attic decontamination required.,Standard verification complete. Estimates match third-party independent inspection. Documentation verified.
CLM-2024-00023,CUST-07758,POL-012251,Fire,2024-04-07,2024-04-12,5,Kitchen Grease Fire,Moderate,10700.28,400000.0,0.0268,350.0,30.57,Settled,Low,False,NONE,"Unattended cooking oil ignited on stovetop, spreading rapidly to wooden cabinetry and exhaust hood. Fire department responded within 12 minutes. Heavy smoke damage throughout ground floor and water saturation across kitchen subflooring.",Standard verification complete. Estimates match third-party independent inspection. Documentation verified.
CLM-2024-00024,CUST-08298,POL-013101,Auto,2023-01-08,2023-01-13,5,Rear-End Collision,Major,14994.47,120000.0,0.125,3000.0,5.0,Approved,Medium,False,NONE,"Insured vehicle was struck from behind while stationary at a signalized intersection. Rear bumper crushed, trunk lid misaligned, and tail light assemblies shattered. Airbags did not deploy. Claimant reported minor neck stiffness.",Standard verification complete. Estimates match third-party independent inspection. Documentation verified.
CLM-2024-00025,CUST-02279,POL-003621,Auto,2023-09-01,2023-10-05,34,High-Value Marine Equipment Loss,Major,59568.79,120000.0,0.4964,3000.0,19.86,Under Investigation,High,True,PHANTOM_LUXURY_BOAT_THEFT,Claimant alleges twin 350HP marine engines unbolted and removed from dry dock trailer overnight with no perimeter fence breaches or security footage. Claim amount matches maximum policy limit to the exact dollar. Title transfer completed only 3 weeks prior.,SIU Audit Triggered: Indicator matches PHANTOM_LUXURY_BOAT_THEFT. Significant inconsistencies in physical damage inspection vs reported narrative.
CLM-2024-00026,CUST-07028,POL-011093,Fire,2024-08-07,2024-08-29,22,Chimney / Fireplace Thermal Spread,Moderate,16244.87,400000.0,0.0406,350.0,46.41,Settled,Medium,False,NONE,Creosote buildup in masonry chimney flue sparked internal combustion. Thermal crack allowed embers into attic insulation. Prompt response by local brigade prevented full roof ignition. Flue relining and attic decontamination required.,Standard verification complete. Estimates match third-party independent inspection. Documentation verified.
CLM-2024-00027,CUST-01798,POL-002889,Auto,2024-03-17,2024-04-01,15,High-Value Marine Equipment Loss,Major,27603.09,100000.0,0.276,750.0,36.8,Under Investigation,High,True,PHANTOM_LUXURY_BOAT_THEFT,Claimant alleges twin 350HP marine engines unbolted and removed from dry dock trailer overnight with no perimeter fence breaches or security footage. Claim amount matches maximum policy limit to the exact dollar. Title transfer completed only 3 weeks prior.,Potential Billing Discrepancy: Itemized labor and parts estimates exceed regional peer averages by 25-40%.
CLM-2024-00028,CUST-02450,POL-003889,Auto,2023-04-11,2023-04-22,11,Rear-End Collision,Moderate,2016.73,120000.0,0.0168,3000.0,0.67,Settled,Low,False,NONE,"Vehicle was rear-ended in heavy stop-and-go highway traffic. Impact pushed vehicle into leading car, resulting in front and rear fascia damage. Radiator support cracked. Police report filed at scene.",Standard verification complete. Estimates match third-party independent inspection. Documentation verified.
CLM-2024-00029,CUST-08206,POL-012948,Fire,2023-05-24,2023-05-27,3,Electrical Fault Fire,Major,134157.96,400000.0,0.3354,350.0,383.31,Settled,Medium,False,NONE,Faulty space heater wiring ignited living room drapery while residents were asleep. Smoke detectors alerted occupants. Fire caused severe burn-through of roof rafters and extensive water damage from fire brigade hoses.,Standard verification complete. Estimates match third-party independent inspection. Documentation verified.
CLM-2024-00030,CUST-08929,POL-014119,Fire,2024-07-17,2024-07-20,3,Kitchen Grease Fire,Moderate,36280.78,400000.0,0.0907,350.0,103.66,Approved,Medium,False,NONE,"Unattended cooking oil ignited on stovetop, spreading rapidly to wooden cabinetry and exhaust hood. Fire department responded within 12 minutes. Heavy smoke damage throughout ground floor and water saturation across kitchen subflooring.",Standard verification complete. Estimates match third-party independent inspection. Documentation verified.
CLM-2024-00031,CUST-00173,POL-000268,Fire,2024-05-12,2024-05-18,6,Electrical Fault Fire,Major,43368.46,500000.0,0.0867,750.0,57.82,Settled,Medium,False,NONE,Faulty space heater wiring ignited living room drapery while residents were asleep. Smoke detectors alerted occupants. Fire caused severe burn-through of roof rafters and extensive water damage from fire brigade hoses.,Standard verification complete. Estimates match third-party independent inspection. Documentation verified.
CLM-2024-00032,CUST-02438,POL-003871,Fire,2024-04-10,2024-04-15,5,Electrical Fault Fire,Total Loss,86973.69,400000.0,0.2174,350.0,248.5,Under Investigation,Medium,False,NONE,Faulty space heater wiring ignited living room drapery while residents were asleep. Smoke detectors alerted occupants. Fire caused severe burn-through of roof rafters and extensive water damage from fire brigade hoses.,Standard verification complete. Estimates match third-party independent inspection. Documentation verified.
CLM-2024-00033,CUST-02665,POL-004255,Caravan,2024-07-09,2024-07-13,4,Storm Hail and Tree Branch Impact,Moderate,8478.87,17500.0,0.4845,25.0,339.15,Open,Low,False,NONE,"Severe thunderstorm brought 2-inch hail and fallen pine limb onto mobile home aluminum roof. Punctured roof membrane, shattered skylight, and caused interior water intrusion onto living area carpet.",Standard verification complete. Estimates match third-party independent inspection. Documentation verified.
CLM-2024-00034,CUST-04169,POL-006601,Fire,2023-02-28,2023-03-03,3,Chimney / Fireplace Thermal Spread,Minor,3255.58,300000.0,0.0109,150.0,21.7,Approved,Low,False,NONE,Creosote buildup in masonry chimney flue sparked internal combustion. Thermal crack allowed embers into attic insulation. Prompt response by local brigade prevented full roof ignition. Flue relining and attic decontamination required.,Standard verification complete. Estimates match third-party independent inspection. Documentation verified.
CLM-2024-00035,CUST-01669,POL-002687,Auto,2024-08-06,2024-08-22,16,Intersection T-Bone Impact,Total Loss,34707.97,120000.0,0.2892,3000.0,11.57,Settled,Medium,False,NONE,Insured was proceeding on green light when a third-party vehicle failed to yield and impacted the passenger side. Significant structural intrusion along B-pillar and both passenger doors. Side curtain airbags deployed. Tow required.,Standard verification complete. Estimates match third-party independent inspection. Documentation verified.
CLM-2024-00036,CUST-06930,POL-010931,Fire,2023-09-25,2023-09-27,2,Kitchen Grease Fire,Major,20488.76,300000.0,0.0683,150.0,136.59,Settled,Medium,False,NONE,"Unattended cooking oil ignited on stovetop, spreading rapidly to wooden cabinetry and exhaust hood. Fire department responded within 12 minutes. Heavy smoke damage throughout ground floor and water saturation across kitchen subflooring.",Standard verification complete. Estimates match third-party independent inspection. Documentation verified.
CLM-2024-00037,CUST-01109,POL-001776,Fire,2023-03-16,2023-03-20,4,Kitchen Grease Fire,Major,25206.58,200000.0,0.126,75.0,336.09,Settled,Medium,False,NONE,"Unattended cooking oil ignited on stovetop, spreading rapidly to wooden cabinetry and exhaust hood. Fire department responded within 12 minutes. Heavy smoke damage throughout ground floor and water saturation across kitchen subflooring.",Standard verification complete. Estimates match third-party independent inspection. Documentation verified.
CLM-2024-00038,CUST-01343,POL-002163,Fire,2023-03-12,2023-03-14,2,Kitchen Grease Fire,Major,67716.77,400000.0,0.1693,350.0,193.48,Approved,Medium,False,NONE,"Deep fryer flare-up caused flame spread to kitchen drywall. Heat blistering across ceiling joists. Structural fire damage contained to kitchen area, but substantial soot cleanup needed throughout residence.",Standard verification complete. Estimates match third-party independent inspection. Documentation verified.
CLM-2024-00039,CUST-03158,POL-005040,Fire,2024-06-25,2024-06-29,4,Kitchen Grease Fire,Major,23431.12,200000.0,0.1172,75.0,312.41,Settled,Medium,False,NONE,"Unattended cooking oil ignited on stovetop, spreading rapidly to wooden cabinetry and exhaust hood. Fire department responded within 12 minutes. Heavy smoke damage throughout ground floor and water saturation across kitchen subflooring.",Standard verification complete. Estimates match third-party independent inspection. Documentation verified.
CLM-2024-00040,CUST-03470,POL-005523,Fire,2024-07-20,2024-09-07,49,Suspicious Early Inception Fire,Major,201652.03,300000.0,0.6722,150.0,1344.35,Under Investigation,High,True,RECENT_COVERAGE_SPIKE_FIRE,"Commercial property fire reported 9 days following policy contribution upgrade. Fire originated in storage room with two distinct, unlinked burn patterns detected by arson investigator. Stock inventory records requested but claimant unable to provide supporting receipts or tax filings.",SIU Audit Triggered: Indicator matches RECENT_COVERAGE_SPIKE_FIRE. Significant inconsistencies in physical damage inspection vs reported narrative.
CLM-2024-00041,CUST-07921,POL-012493,Fire,2023-07-28,2023-08-01,4,Chimney / Fireplace Thermal Spread,Moderate,13742.22,300000.0,0.0458,150.0,91.61,Settled,Medium,False,NONE,Creosote buildup in masonry chimney flue sparked internal combustion. Thermal crack allowed embers into attic insulation. Prompt response by local brigade prevented full roof ignition. Flue relining and attic decontamination required.,Standard verification complete. Estimates match third-party independent inspection. Documentation verified.
CLM-2024-00042,CUST-04823,POL-007634,Auto,2023-10-11,2023-10-14,3,Rear-End Collision,Minor,3916.25,120000.0,0.0326,3000.0,1.31,Settled,Low,False,NONE,"Vehicle was rear-ended in heavy stop-and-go highway traffic. Impact pushed vehicle into leading car, resulting in front and rear fascia damage. Radiator support cracked. Police report filed at scene.",Standard verification complete. Estimates match third-party independent inspection. Documentation verified.
CLM-2024-00043,CUST-09463,POL-014980,Fire,2024-07-18,2024-07-26,8,Chimney / Fireplace Thermal Spread,Moderate,18571.19,400000.0,0.0464,350.0,53.06,Approved,Medium,False,NONE,Creosote buildup in masonry chimney flue sparked internal combustion. Thermal crack allowed embers into attic insulation. Prompt response by local brigade prevented full roof ignition. Flue relining and attic decontamination required.,Standard verification complete. Estimates match third-party independent inspection. Documentation verified.
CLM-2024-00044,CUST-07869,POL-012427,Caravan,2023-02-06,2023-02-09,3,Storm Hail and Tree Branch Impact,Minor,3897.5,17500.0,0.2227,25.0,155.9,Open,Low,False,NONE,High winds at holiday park caused awning detachment and side panel punctures. Water entered electrical breaker enclosure.,Standard verification complete. Estimates match third-party independent inspection. Documentation verified.
CLM-2024-00045,CUST-09400,POL-014880,Auto,2023-02-10,2023-02-20,10,Single Vehicle Roadside Impact,Minor,2430.89,100000.0,0.0243,750.0,3.24,Settled,Low,False,NONE,"Insured swerved to avoid crossing wildlife on unlit rural road, colliding with roadside guardrail. Damage concentrated on driver front bumper, headlight, and wheel arch. No other vehicles involved.",Standard verification complete. Estimates match third-party independent inspection. Documentation verified.
CLM-2024-00046,CUST-09151,POL-014457,Auto,2023-06-08,2023-06-12,4,Intersection T-Bone Impact,Moderate,6622.78,120000.0,0.0552,3000.0,2.21,Approved,Low,False,NONE,Insured was proceeding on green light when a third-party vehicle failed to yield and impacted the passenger side. Significant structural intrusion along B-pillar and both passenger doors. Side curtain airbags deployed. Tow required.,Standard verification complete. Estimates match third-party independent inspection. Documentation verified.
CLM-2024-00047,CUST-07561,POL-011921,Fire,2024-02-26,2024-02-28,2,Chimney / Fireplace Thermal Spread,Minor,6170.27,400000.0,0.0154,350.0,17.63,Settled,Low,False,NONE,Creosote buildup in masonry chimney flue sparked internal combustion. Thermal crack allowed embers into attic insulation. Prompt response by local brigade prevented full roof ignition. Flue relining and attic decontamination required.,Standard verification complete. Estimates match third-party independent inspection. Documentation verified.
CLM-2024-00048,CUST-09130,POL-014430,Auto,2024-04-26,2024-06-21,56,High-Value Marine Equipment Loss,Major,66881.55,120000.0,0.5573,3000.0,22.29,Under Investigation,High,True,PHANTOM_LUXURY_BOAT_THEFT,Claimant alleges twin 350HP marine engines unbolted and removed from dry dock trailer overnight with no perimeter fence breaches or security footage. Claim amount matches maximum policy limit to the exact dollar. Title transfer completed only 3 weeks prior.,SIU Audit Triggered: Indicator matches PHANTOM_LUXURY_BOAT_THEFT. Significant inconsistencies in physical damage inspection vs reported narrative.
CLM-2024-00049,CUST-09814,POL-015527,Auto,2023-08-22,2023-09-02,11,Intersection T-Bone Impact,Moderate,10289.94,120000.0,0.0857,3000.0,3.43,Settled,Low,False,NONE,Insured was proceeding on green light when a third-party vehicle failed to yield and impacted the passenger side. Significant structural intrusion along B-pillar and both passenger doors. Side curtain airbags deployed. Tow required.,Standard verification complete. Estimates match third-party independent inspection. Documentation verified.
CLM-2024-00050,CUST-06723,POL-010605,Fire,2023-12-26,2023-12-30,4,Chimney / Fireplace Thermal Spread,Moderate,4583.12,400000.0,0.0115,350.0,13.09,Under Investigation,Low,False,NONE,Creosote buildup in masonry chimney flue sparked internal combustion. Thermal crack allowed embers into attic insulation. Prompt response by local brigade prevented full roof ignition. Flue relining and attic decontamination required.,Standard verification complete. Estimates match third-party independent inspection. Documentation verified.
CLM-2024-00051,CUST-02325,POL-003699,Fire,2023-09-29,2023-10-04,5,Kitchen Grease Fire,Moderate,43711.24,400000.0,0.1093,350.0,124.89,Settled,Medium,False,NONE,"Deep fryer flare-up caused flame spread to kitchen drywall. Heat blistering across ceiling joists. Structural fire damage contained to kitchen area, but substantial soot cleanup needed throughout residence.",Standard verification complete. Estimates match third-party independent inspection. Documentation verified.
CLM-2024-00052,CUST-06273,POL-009937,Fire,2023-04-29,2023-05-02,3,Electrical Fault Fire,Major,326310.07,500000.0,0.6526,750.0,435.08,Settled,Medium,False,NONE,Faulty space heater wiring ignited living room drapery while residents were asleep. Smoke detectors alerted occupants. Fire caused severe burn-through of roof rafters and extensive water damage from fire brigade hoses.,"Comprehensive field adjuster verification complete. Police report, independent surveyor report, and official repair bids on file. Verified genuine catastrophic loss."
CLM-2024-00053,CUST-08538,POL-013506,Auto,2023-07-21,2023-07-30,9,Single Vehicle Roadside Impact,Moderate,9508.31,120000.0,0.0792,3000.0,3.17,Settled,Low,False,NONE,"Insured swerved to avoid crossing wildlife on unlit rural road, colliding with roadside guardrail. Damage concentrated on driver front bumper, headlight, and wheel arch. No other vehicles involved.",Standard verification complete. Estimates match third-party independent inspection. Documentation verified.
CLM-2024-00054,CUST-05546,POL-008794,Fire,2023-05-08,2023-05-15,7,Chimney / Fireplace Thermal Spread,Moderate,7944.23,200000.0,0.0397,75.0,105.92,Approved,Low,False,NONE,Creosote buildup in masonry chimney flue sparked internal combustion. Thermal crack allowed embers into attic insulation. Prompt response by local brigade prevented full roof ignition. Flue relining and attic decontamination required.,Standard verification complete. Estimates match third-party independent inspection. Documentation verified.
CLM-2024-00055,CUST-04914,POL-007764,Auto,2023-07-16,2023-07-19,3,Catalytic Converter & Component Theft,Moderate,1671.95,120000.0,0.0139,3000.0,0.56,Settled,Low,False,NONE,Vehicle parked overnight in commuter lot. Exhaust system severed cleanly beneath chassis and catalytic converter removed. Oxygen sensors stripped. Comprehensive theft claim submitted with police report number.,Standard verification complete. Estimates match third-party independent inspection. Documentation verified.
CLM-2024-00056,CUST-06335,POL-010019,Auto,2023-10-21,2023-11-07,17,Suspicious Early Inception Fire,Major,60924.47,100000.0,0.6092,750.0,81.23,Under Investigation,High,True,RECENT_COVERAGE_SPIKE_FIRE,"Commercial property fire reported 9 days following policy contribution upgrade. Fire originated in storage room with two distinct, unlinked burn patterns detected by arson investigator. Stock inventory records requested but claimant unable to provide supporting receipts or tax filings.",SIU Audit Triggered: Indicator matches RECENT_COVERAGE_SPIKE_FIRE. Significant inconsistencies in physical damage inspection vs reported narrative.
CLM-2024-00057,CUST-08637,POL-013667,Fire,2023-08-07,2023-08-18,11,Chimney / Fireplace Thermal Spread,Moderate,6861.57,400000.0,0.0172,350.0,19.6,Approved,Low,False,NONE,Creosote buildup in masonry chimney flue sparked internal combustion. Thermal crack allowed embers into attic insulation. Prompt response by local brigade prevented full roof ignition. Flue relining and attic decontamination required.,Standard verification complete. Estimates match third-party independent inspection. Documentation verified.
CLM-2024-00058,CUST-09583,POL-015149,Fire,2023-04-06,2023-04-08,2,Kitchen Grease Fire,Major,25858.94,300000.0,0.0862,150.0,172.39,Settled,Medium,False,NONE,"Unattended cooking oil ignited on stovetop, spreading rapidly to wooden cabinetry and exhaust hood. Fire department responded within 12 minutes. Heavy smoke damage throughout ground floor and water saturation across kitchen subflooring.",Standard verification complete. Estimates match third-party independent inspection. Documentation verified.
CLM-2024-00059,CUST-00681,POL-001073,Fire,2023-03-16,2023-03-22,6,Electrical Fault Fire,Total Loss,116033.12,400000.0,0.2901,350.0,331.52,Settled,Medium,False,NONE,Overheated breaker panel in basement initiated smoldering fire inside stud wall cavity. Flames traveled upward between floors before breaching living room drywall. Significant structural timber charring and complete electrical overhaul required.,Standard verification complete. Estimates match third-party independent inspection. Documentation verified.
CLM-2024-00060,CUST-07384,POL-011622,Caravan,2023-01-06,2023-01-08,2,Storm Hail and Tree Branch Impact,Moderate,13125.0,17500.0,0.75,25.0,525.0,Settled,Medium,False,NONE,"Severe thunderstorm brought 2-inch hail and fallen pine limb onto mobile home aluminum roof. Punctured roof membrane, shattered skylight, and caused interior water intrusion onto living area carpet.",Standard verification complete. Estimates match third-party independent inspection. Documentation verified.
CLM-2024-00061,CUST-02803,POL-004465,Auto,2023-09-13,2023-09-14,1,Suspicious Multi-Party Collision,Major,42400.28,120000.0,0.3533,3000.0,14.13,Under Investigation,High,True,STAGED_COLLISION_RING,Insured vehicle alleged sudden brake event leading to rear collision with third-party vehicle occupied by 4 unbelted passengers. All occupants retained same legal counsel and clinic on same business day. Identical soft tissue injury claims submitted. Vehicle damage pattern inconsistent with described low-speed impact velocity.,Policy Inception Audit: High-severity claim filed immediately following policy coverage modification.
CLM-2024-00062,CUST-09056,POL-014315,Auto,2024-06-27,2024-07-02,5,Single Vehicle Roadside Impact,Moderate,5875.38,120000.0,0.049,3000.0,1.96,Open,Low,False,NONE,Loss of traction on black ice caused vehicle to slide into concrete median barrier. Front subframe and wheel rim cracked. No injuries reported.,Standard verification complete. Estimates match third-party independent inspection. Documentation verified.
CLM-2024-00063,CUST-01392,POL-002243,Auto,2024-05-01,2024-05-03,2,Catalytic Converter & Component Theft,Moderate,2123.86,100000.0,0.0212,750.0,2.83,Approved,Low,False,NONE,Vehicle parked overnight in commuter lot. Exhaust system severed cleanly beneath chassis and catalytic converter removed. Oxygen sensors stripped. Comprehensive theft claim submitted with police report number.,Standard verification complete. Estimates match third-party independent inspection. Documentation verified.
CLM-2024-00064,CUST-03519,POL-005601,Fire,2023-09-02,2023-09-07,5,Electrical Fault Fire,Total Loss,70076.57,400000.0,0.1752,350.0,200.22,Settled,Medium,False,NONE,Overheated breaker panel in basement initiated smoldering fire inside stud wall cavity. Flames traveled upward between floors before breaching living room drywall. Significant structural timber charring and complete electrical overhaul required.,Standard verification complete. Estimates match third-party independent inspection. Documentation verified.
CLM-2024-00065,CUST-06761,POL-010666,Fire,2023-03-24,2023-04-03,10,Kitchen Grease Fire,Moderate,13736.1,400000.0,0.0343,350.0,39.25,Settled,Medium,False,NONE,"Unattended cooking oil ignited on stovetop, spreading rapidly to wooden cabinetry and exhaust hood. Fire department responded within 12 minutes. Heavy smoke damage throughout ground floor and water saturation across kitchen subflooring.",Standard verification complete. Estimates match third-party independent inspection. Documentation verified.
CLM-2024-00066,CUST-02731,POL-004357,Fire,2023-12-05,2023-12-06,1,Chimney / Fireplace Thermal Spread,Moderate,12310.41,125000.0,0.0985,25.0,492.42,Settled,Medium,False,NONE,Creosote buildup in masonry chimney flue sparked internal combustion. Thermal crack allowed embers into attic insulation. Prompt response by local brigade prevented full roof ignition. Flue relining and attic decontamination required.,Standard verification complete. Estimates match third-party independent inspection. Documentation verified.
CLM-2024-00067,CUST-00890,POL-001423,Fire,2023-01-21,2023-01-28,7,Chimney / Fireplace Thermal Spread,Moderate,6934.29,300000.0,0.0231,150.0,46.23,Approved,Low,False,NONE,Creosote buildup in masonry chimney flue sparked internal combustion. Thermal crack allowed embers into attic insulation. Prompt response by local brigade prevented full roof ignition. Flue relining and attic decontamination required.,Standard verification complete. Estimates match third-party independent inspection. Documentation verified.
CLM-2024-00068,CUST-09633,POL-015230,Auto,2024-03-05,2024-03-11,6,Intersection T-Bone Impact,Major,28855.68,120000.0,0.2405,3000.0,9.62,Settled,Medium,False,NONE,Insured was proceeding on green light when a third-party vehicle failed to yield and impacted the passenger side. Significant structural intrusion along B-pillar and both passenger doors. Side curtain airbags deployed. Tow required.,Standard verification complete. Estimates match third-party independent inspection. Documentation verified.
CLM-2024-00069,CUST-03432,POL-005460,Auto,2024-02-19,2024-02-21,2,Intersection T-Bone Impact,Major,32861.38,120000.0,0.2738,3000.0,10.95,Open,Medium,False,NONE,Insured was proceeding on green light when a third-party vehicle failed to yield and impacted the passenger side. Significant structural intrusion along B-pillar and both passenger doors. Side curtain airbags deployed. Tow required.,Standard verification complete. Estimates match third-party independent inspection. Documentation verified.
CLM-2024-00070,CUST-07157,POL-011298,Caravan,2023-01-28,2023-01-29,1,Storm Hail and Tree Branch Impact,Moderate,4537.59,17500.0,0.2593,25.0,181.5,Settled,Low,False,NONE,"Severe thunderstorm brought 2-inch hail and fallen pine limb onto mobile home aluminum roof. Punctured roof membrane, shattered skylight, and caused interior water intrusion onto living area carpet.",Standard verification complete. Estimates match third-party independent inspection. Documentation verified.
CLM-2024-00071,CUST-08654,POL-013695,Fire,2024-04-10,2024-04-14,4,Electrical Fault Fire,Total Loss,205781.66,300000.0,0.6859,150.0,1371.88,Settled,Medium,False,NONE,Faulty space heater wiring ignited living room drapery while residents were asleep. Smoke detectors alerted occupants. Fire caused severe burn-through of roof rafters and extensive water damage from fire brigade hoses.,Standard verification complete. Estimates match third-party independent inspection. Documentation verified.
CLM-2024-00072,CUST-06116,POL-009696,Fire,2024-04-26,2024-04-28,2,Kitchen Grease Fire,Moderate,9457.84,200000.0,0.0473,75.0,126.1,Open,Low,False,NONE,"Deep fryer flare-up caused flame spread to kitchen drywall. Heat blistering across ceiling joists. Structural fire damage contained to kitchen area, but substantial soot cleanup needed throughout residence.",Standard verification complete. Estimates match third-party independent inspection. Documentation verified.
CLM-2024-00073,CUST-05070,POL-008017,Fire,2023-02-01,2023-02-05,4,Inflated Water Restoration,Moderate,219413.71,400000.0,0.5485,350.0,626.9,Under Investigation,High,True,INFLATED_WATER_REPAIR,"Claim submitted for sudden pipe rupture in unoccupied guest wing. Restoration contractor billed 24 industrial air movers and 6 commercial dehumidifiers for 21 days continuously, exceeding standard mitigation duration by 400%. Demolition invoices include pre-existing renovation materials not damaged by water.",Policy Inception Audit: High-severity claim filed immediately following policy coverage modification.
CLM-2024-00074,CUST-00150,POL-000236,Auto,2024-04-29,2024-05-11,12,Rear-End Collision,Major,5801.03,120000.0,0.0483,3000.0,1.93,Settled,Low,False,NONE,"Insured vehicle was struck from behind while stationary at a signalized intersection. Rear bumper crushed, trunk lid misaligned, and tail light assemblies shattered. Airbags did not deploy. Claimant reported minor neck stiffness.",Standard verification complete. Estimates match third-party independent inspection. Documentation verified.
CLM-2024-00075,CUST-03854,POL-006089,Fire,2023-04-28,2023-05-08,10,Kitchen Grease Fire,Major,81235.49,500000.0,0.1625,750.0,108.31,Settled,Medium,False,NONE,"Unattended cooking oil ignited on stovetop, spreading rapidly to wooden cabinetry and exhaust hood. Fire department responded within 12 minutes. Heavy smoke damage throughout ground floor and water saturation across kitchen subflooring.",Standard verification complete. Estimates match third-party independent inspection. Documentation verified.
CLM-2024-00076,CUST-09082,POL-014354,Caravan,2024-01-20,2024-01-23,3,Storm Hail and Tree Branch Impact,Minor,7251.86,17500.0,0.4144,25.0,290.07,Settled,Low,False,NONE,"Severe thunderstorm brought 2-inch hail and fallen pine limb onto mobile home aluminum roof. Punctured roof membrane, shattered skylight, and caused interior water intrusion onto living area carpet.",Standard verification complete. Estimates match third-party independent inspection. Documentation verified.
CLM-2024-00077,CUST-00869,POL-001383,Private Accident,2023-11-05,2023-11-06,1,Slip and Fall with Fracture,Major,20118.72,48000.0,0.4191,75.0,268.25,Settled,Medium,False,NONE,"Claimant slipped on icy external steps while descending home porch, sustaining closed fracture of distal radius and wrist dislocation. Emergency room treatment, cast stabilization, and 8 weeks of physical therapy documented.",Standard verification complete. Estimates match third-party independent inspection. Documentation verified.
CLM-2024-00078,CUST-06832,POL-010777,Auto,2023-12-16,2023-12-28,12,Rear-End Collision,Moderate,7399.72,100000.0,0.074,750.0,9.87,Settled,Low,False,NONE,"Vehicle was rear-ended in heavy stop-and-go highway traffic. Impact pushed vehicle into leading car, resulting in front and rear fascia damage. Radiator support cracked. Police report filed at scene.",Standard verification complete. Estimates match third-party independent inspection. Documentation verified.
CLM-2024-00079,CUST-08464,POL-013373,Auto,2023-06-06,2023-06-16,10,Catalytic Converter & Component Theft,Minor,2422.61,120000.0,0.0202,3000.0,0.81,Approved,Low,False,NONE,"Insured discovered vehicle propped on cinder blocks in driveway with all four alloy wheels, tires, and brake assemblies stolen. Ground scuffs along rocker panels.",Standard verification complete. Estimates match third-party independent inspection. Documentation verified.
CLM-2024-00080,CUST-00885,POL-001415,Fire,2023-10-02,2023-10-03,1,Electrical Fault Fire,Major,72390.27,400000.0,0.181,350.0,206.83,Approved,Medium,False,NONE,Overheated breaker panel in basement initiated smoldering fire inside stud wall cavity. Flames traveled upward between floors before breaching living room drywall. Significant structural timber charring and complete electrical overhaul required.,Standard verification complete. Estimates match third-party independent inspection. Documentation verified.
CLM-2024-00081,CUST-07046,POL-011122,Fire,2024-01-24,2024-02-02,9,Electrical Fault Fire,Major,54393.23,400000.0,0.136,350.0,155.41,Settled,Medium,False,NONE,Faulty space heater wiring ignited living room drapery while residents were asleep. Smoke detectors alerted occupants. Fire caused severe burn-through of roof rafters and extensive water damage from fire brigade hoses.,Standard verification complete. Estimates match third-party independent inspection. Documentation verified.
CLM-2024-00082,CUST-05728,POL-009076,Auto,2023-12-15,2023-12-20,5,Single Vehicle Roadside Impact,Moderate,3136.68,100000.0,0.0314,750.0,4.18,Settled,Low,False,NONE,"Insured swerved to avoid crossing wildlife on unlit rural road, colliding with roadside guardrail. Damage concentrated on driver front bumper, headlight, and wheel arch. No other vehicles involved.",Standard verification complete. Estimates match third-party independent inspection. Documentation verified.
CLM-2024-00083,CUST-07068,POL-011153,Fire,2024-07-22,2024-07-27,5,Kitchen Grease Fire,Major,17569.27,125000.0,0.1406,25.0,702.77,Settled,Medium,False,NONE,"Deep fryer flare-up caused flame spread to kitchen drywall. Heat blistering across ceiling joists. Structural fire damage contained to kitchen area, but substantial soot cleanup needed throughout residence.",Standard verification complete. Estimates match third-party independent inspection. Documentation verified.
CLM-2024-00084,CUST-06109,POL-009684,Fire,2023-09-07,2023-09-21,14,Electrical Fault Fire,Total Loss,120092.69,300000.0,0.4003,150.0,800.62,Under Investigation,Medium,False,NONE,Faulty space heater wiring ignited living room drapery while residents were asleep. Smoke detectors alerted occupants. Fire caused severe burn-through of roof rafters and extensive water damage from fire brigade hoses.,Standard verification complete. Estimates match third-party independent inspection. Documentation verified.
CLM-2024-00085,CUST-07087,POL-011191,Fire,2023-12-27,2024-01-02,6,Chimney / Fireplace Thermal Spread,Moderate,7041.14,400000.0,0.0176,350.0,20.12,Approved,Low,False,NONE,Creosote buildup in masonry chimney flue sparked internal combustion. Thermal crack allowed embers into attic insulation. Prompt response by local brigade prevented full roof ignition. Flue relining and attic decontamination required.,Standard verification complete. Estimates match third-party independent inspection. Documentation verified.
CLM-2024-00086,CUST-07646,POL-012056,Fire,2024-07-02,2024-07-07,5,Chimney / Fireplace Thermal Spread,Minor,6973.77,400000.0,0.0174,350.0,19.93,Approved,Low,False,NONE,Creosote buildup in masonry chimney flue sparked internal combustion. Thermal crack allowed embers into attic insulation. Prompt response by local brigade prevented full roof ignition. Flue relining and attic decontamination required.,Standard verification complete. Estimates match third-party independent inspection. Documentation verified.
CLM-2024-00087,CUST-00773,POL-001218,Fire,2024-06-21,2024-06-28,7,Chimney / Fireplace Thermal Spread,Moderate,9745.96,400000.0,0.0244,350.0,27.85,Settled,Low,False,NONE,Creosote buildup in masonry chimney flue sparked internal combustion. Thermal crack allowed embers into attic insulation. Prompt response by local brigade prevented full roof ignition. Flue relining and attic decontamination required.,Standard verification complete. Estimates match third-party independent inspection. Documentation verified.
CLM-2024-00088,CUST-08292,POL-013093,Private Accident,2024-06-30,2024-07-24,24,Slip and Fall with Fracture,Moderate,14170.4,48000.0,0.2952,75.0,188.94,Approved,Medium,False,NONE,"Claimant slipped on icy external steps while descending home porch, sustaining closed fracture of distal radius and wrist dislocation. Emergency room treatment, cast stabilization, and 8 weeks of physical therapy documented.",Standard verification complete. Estimates match third-party independent inspection. Documentation verified.
CLM-2024-00089,CUST-04369,POL-006919,Fire,2024-05-17,2024-06-10,24,Kitchen Grease Fire,Moderate,28898.65,500000.0,0.0578,750.0,38.53,Settled,Medium,False,NONE,"Deep fryer flare-up caused flame spread to kitchen drywall. Heat blistering across ceiling joists. Structural fire damage contained to kitchen area, but substantial soot cleanup needed throughout residence.",Standard verification complete. Estimates match third-party independent inspection. Documentation verified.
CLM-2024-00090,CUST-04344,POL-006875,Fire,2024-05-04,2024-05-27,23,Suspicious Multi-Party Collision,Major,174095.5,300000.0,0.5803,150.0,1160.64,Under Investigation,High,True,STAGED_COLLISION_RING,Insured vehicle alleged sudden brake event leading to rear collision with third-party vehicle occupied by 4 unbelted passengers. All occupants retained same legal counsel and clinic on same business day. Identical soft tissue injury claims submitted. Vehicle damage pattern inconsistent with described low-speed impact velocity.,SIU Audit Triggered: Indicator matches STAGED_COLLISION_RING. Significant inconsistencies in physical damage inspection vs reported narrative.
CLM-2024-00091,CUST-05634,POL-008930,Auto,2023-02-24,2023-04-25,60,Suspicious Early Inception Fire,Major,43833.14,100000.0,0.4383,750.0,58.44,Under Investigation,High,True,RECENT_COVERAGE_SPIKE_FIRE,"Commercial property fire reported 9 days following policy contribution upgrade. Fire originated in storage room with two distinct, unlinked burn patterns detected by arson investigator. Stock inventory records requested but claimant unable to provide supporting receipts or tax filings.",SIU Audit Triggered: Indicator matches RECENT_COVERAGE_SPIKE_FIRE. Significant inconsistencies in physical damage inspection vs reported narrative.
CLM-2024-00092,CUST-07681,POL-012115,Fire,2024-07-25,2024-08-11,17,Electrical Fault Fire,Major,79792.26,300000.0,0.266,150.0,531.95,Approved,Medium,False,NONE,Faulty space heater wiring ignited living room drapery while residents were asleep. Smoke detectors alerted occupants. Fire caused severe burn-through of roof rafters and extensive water damage from fire brigade hoses.,Standard verification complete. Estimates match third-party independent inspection. Documentation verified.
CLM-2024-00093,CUST-07780,POL-012278,Auto,2023-11-09,2023-11-27,18,Rear-End Collision,Major,5363.46,100000.0,0.0536,750.0,7.15,Settled,Low,False,NONE,"Insured vehicle was struck from behind while stationary at a signalized intersection. Rear bumper crushed, trunk lid misaligned, and tail light assemblies shattered. Airbags did not deploy. Claimant reported minor neck stiffness.",Standard verification complete. Estimates match third-party independent inspection. Documentation verified.
CLM-2024-00094,CUST-06436,POL-010176,Auto,2023-06-10,2023-07-09,29,Intersection T-Bone Impact,Moderate,13203.31,100000.0,0.132,750.0,17.6,Approved,Medium,False,NONE,Insured was proceeding on green light when a third-party vehicle failed to yield and impacted the passenger side. Significant structural intrusion along B-pillar and both passenger doors. Side curtain airbags deployed. Tow required.,Standard verification complete. Estimates match third-party independent inspection. Documentation verified.
CLM-2024-00095,CUST-04716,POL-007468,Fire,2023-02-03,2023-02-06,3,Kitchen Grease Fire,Major,29665.39,400000.0,0.0742,350.0,84.76,Approved,Medium,False,NONE,"Deep fryer flare-up caused flame spread to kitchen drywall. Heat blistering across ceiling joists. Structural fire damage contained to kitchen area, but substantial soot cleanup needed throughout residence.",Standard verification complete. Estimates match third-party independent inspection. Documentation verified.
CLM-2024-00096,CUST-01811,POL-002913,Auto,2023-07-22,2023-07-29,7,Catalytic Converter & Component Theft,Minor,2505.12,120000.0,0.0209,3000.0,0.84,Approved,Low,False,NONE,Vehicle parked overnight in commuter lot. Exhaust system severed cleanly beneath chassis and catalytic converter removed. Oxygen sensors stripped. Comprehensive theft claim submitted with police report number.,Standard verification complete. Estimates match third-party independent inspection. Documentation verified.
CLM-2024-00097,CUST-00055,POL-000093,Auto,2023-06-19,2023-06-25,6,Suspicious Early Inception Fire,Major,16215.05,120000.0,0.1351,3000.0,5.41,Settled,High,True,RECENT_COVERAGE_SPIKE_FIRE,"Commercial property fire reported 9 days following policy contribution upgrade. Fire originated in storage room with two distinct, unlinked burn patterns detected by arson investigator. Stock inventory records requested but claimant unable to provide supporting receipts or tax filings.",Potential Billing Discrepancy: Itemized labor and parts estimates exceed regional peer averages by 25-40%.
CLM-2024-00098,CUST-07175,POL-011325,Auto,2024-02-17,2024-02-21,4,Single Vehicle Roadside Impact,Moderate,1692.53,100000.0,0.0169,750.0,2.26,Settled,Low,False,NONE,Loss of traction on black ice caused vehicle to slide into concrete median barrier. Front subframe and wheel rim cracked. No injuries reported.,Standard verification complete. Estimates match third-party independent inspection. Documentation verified.
CLM-2024-00099,CUST-02290,POL-003638,Auto,2023-09-14,2023-09-26,12,Rear-End Collision,Minor,4059.66,120000.0,0.0338,3000.0,1.35,Settled,Low,False,NONE,"Insured vehicle was struck from behind while stationary at a signalized intersection. Rear bumper crushed, trunk lid misaligned, and tail light assemblies shattered. Airbags did not deploy. Claimant reported minor neck stiffness.",Standard verification complete. Estimates match third-party independent inspection. Documentation verified.
CLM-2024-00100,CUST-04895,POL-007732,Auto,2023-10-03,2023-11-22,50,Rear-End Collision,Minor,2586.98,120000.0,0.0216,3000.0,0.86,Settled,Low,False,NONE,"Vehicle was rear-ended in heavy stop-and-go highway traffic. Impact pushed vehicle into leading car, resulting in front and rear fascia damage. Radiator support cracked. Police report filed at scene.",Standard verification complete. Estimates match third-party independent inspection. Documentation verified.
CLM-2024-00101,CUST-01778,POL-002860,Auto,2024-03-22,2024-03-24,2,Catalytic Converter & Component Theft,Minor,1350.9,100000.0,0.0135,750.0,1.8,Approved,Low,False,NONE,"Insured discovered vehicle propped on cinder blocks in driveway with all four alloy wheels, tires, and brake assemblies stolen. Ground scuffs along rocker panels.",Standard verification complete. Estimates match third-party independent inspection. Documentation verified.
CLM-2024-00102,CUST-02402,POL-003815,Auto,2023-12-04,2023-12-05,1,Catalytic Converter & Component Theft,Moderate,2767.95,100000.0,0.0277,750.0,3.69,Approved,Low,False,NONE,"Insured discovered vehicle propped on cinder blocks in driveway with all four alloy wheels, tires, and brake assemblies stolen. Ground scuffs along rocker panels.",Standard verification complete. Estimates match third-party independent inspection. Documentation verified.
CLM-2024-00103,CUST-08651,POL-013689,Fire,2023-04-01,2023-04-20,19,Suspicious Early Inception Fire,Major,90432.94,200000.0,0.4522,75.0,1205.77,Under Investigation,High,True,RECENT_COVERAGE_SPIKE_FIRE,"Commercial property fire reported 9 days following policy contribution upgrade. Fire originated in storage room with two distinct, unlinked burn patterns detected by arson investigator. Stock inventory records requested but claimant unable to provide supporting receipts or tax filings.",SIU Audit Triggered: Indicator matches RECENT_COVERAGE_SPIKE_FIRE. Significant inconsistencies in physical damage inspection vs reported narrative.
CLM-2024-00104,CUST-04699,POL-007441,Auto,2024-06-10,2024-06-21,11,Rear-End Collision,Major,4187.89,120000.0,0.0349,3000.0,1.4,Settled,Low,False,NONE,"Vehicle was rear-ended in heavy stop-and-go highway traffic. Impact pushed vehicle into leading car, resulting in front and rear fascia damage. Radiator support cracked. Police report filed at scene.",Standard verification complete. Estimates match third-party independent inspection. Documentation verified.
CLM-2024-00105,CUST-05020,POL-007939,Fire,2024-03-28,2024-04-10,13,Kitchen Grease Fire,Moderate,47172.94,300000.0,0.1572,150.0,314.49,Settled,Medium,False,NONE,"Deep fryer flare-up caused flame spread to kitchen drywall. Heat blistering across ceiling joists. Structural fire damage contained to kitchen area, but substantial soot cleanup needed throughout residence.",Standard verification complete. Estimates match third-party independent inspection. Documentation verified.
CLM-2024-00106,CUST-05994,POL-009496,Auto,2023-05-05,2023-05-10,5,Rear-End Collision,Major,7294.06,100000.0,0.0729,750.0,9.73,Settled,Low,False,NONE,"Insured vehicle was struck from behind while stationary at a signalized intersection. Rear bumper crushed, trunk lid misaligned, and tail light assemblies shattered. Airbags did not deploy. Claimant reported minor neck stiffness.",Standard verification complete. Estimates match third-party independent inspection. Documentation verified.
CLM-2024-00107,CUST-00339,POL-000543,Auto,2023-08-19,2023-08-29,10,Rear-End Collision,Moderate,3351.03,120000.0,0.0279,3000.0,1.12,Open,Low,False,NONE,"Insured vehicle was struck from behind while stationary at a signalized intersection. Rear bumper crushed, trunk lid misaligned, and tail light assemblies shattered. Airbags did not deploy. Claimant reported minor neck stiffness.",Standard verification complete. Estimates match third-party independent inspection. Documentation verified.
CLM-2024-00108,CUST-05250,POL-008324,Auto,2023-10-07,2023-10-10,3,Catalytic Converter & Component Theft,Moderate,3022.76,120000.0,0.0252,3000.0,1.01,Settled,Low,False,NONE,"Insured discovered vehicle propped on cinder blocks in driveway with all four alloy wheels, tires, and brake assemblies stolen. Ground scuffs along rocker panels.",Standard verification complete. Estimates match third-party independent inspection. Documentation verified.
CLM-2024-00109,CUST-03165,POL-005049,Fire,2024-06-04,2024-06-20,16,Chimney / Fireplace Thermal Spread,Minor,6943.93,200000.0,0.0347,75.0,92.59,Settled,Low,False,NONE,Creosote buildup in masonry chimney flue sparked internal combustion. Thermal crack allowed embers into attic insulation. Prompt response by local brigade prevented full roof ignition. Flue relining and attic decontamination required.,Standard verification complete. Estimates match third-party independent inspection. Documentation verified.
CLM-2024-00110,CUST-09319,POL-014760,Fire,2024-06-03,2024-06-16,13,Electrical Fault Fire,Major,148582.33,200000.0,0.7429,75.0,1981.1,Settled,Medium,False,NONE,Faulty space heater wiring ignited living room drapery while residents were asleep. Smoke detectors alerted occupants. Fire caused severe burn-through of roof rafters and extensive water damage from fire brigade hoses.,Standard verification complete. Estimates match third-party independent inspection. Documentation verified.
CLM-2024-00111,CUST-05504,POL-008727,Fire,2023-06-02,2023-06-04,2,Electrical Fault Fire,Total Loss,139115.65,300000.0,0.4637,150.0,927.44,Settled,Medium,False,NONE,Faulty space heater wiring ignited living room drapery while residents were asleep. Smoke detectors alerted occupants. Fire caused severe burn-through of roof rafters and extensive water damage from fire brigade hoses.,Standard verification complete. Estimates match third-party independent inspection. Documentation verified.
CLM-2024-00112,CUST-02760,POL-004394,Auto,2023-07-13,2023-07-15,2,Intersection T-Bone Impact,Total Loss,34354.68,120000.0,0.2863,3000.0,11.45,Settled,Medium,False,NONE,"Broadside collision at uncontrolled intersection during heavy rain. Front quarter panel, suspension, and steering rack compromised. Vehicle deemed unsafe to drive and towed to certified repair facility.",Standard verification complete. Estimates match third-party independent inspection. Documentation verified.
CLM-2024-00113,CUST-05580,POL-008858,Caravan,2024-01-26,2024-01-29,3,Storm Hail and Tree Branch Impact,Minor,2420.56,17500.0,0.1383,25.0,96.82,Under Investigation,Low,False,NONE,High winds at holiday park caused awning detachment and side panel punctures. Water entered electrical breaker enclosure.,Standard verification complete. Estimates match third-party independent inspection. Documentation verified.
CLM-2024-00114,CUST-07532,POL-011864,Auto,2023-04-13,2023-04-16,3,Catalytic Converter & Component Theft,Minor,1369.59,100000.0,0.0137,750.0,1.83,Open,Low,False,NONE,"Insured discovered vehicle propped on cinder blocks in driveway with all four alloy wheels, tires, and brake assemblies stolen. Ground scuffs along rocker panels.",Standard verification complete. Estimates match third-party independent inspection. Documentation verified.
CLM-2024-00115,CUST-02764,POL-004399,Fire,2023-03-18,2023-04-04,17,Electrical Fault Fire,Total Loss,128232.9,500000.0,0.2565,750.0,170.98,Settled,Medium,False,NONE,Faulty space heater wiring ignited living room drapery while residents were asleep. Smoke detectors alerted occupants. Fire caused severe burn-through of roof rafters and extensive water damage from fire brigade hoses.,Standard verification complete. Estimates match third-party independent inspection. Documentation verified.
CLM-2024-00116,CUST-06441,POL-010186,Fire,2024-06-30,2024-07-05,5,Electrical Fault Fire,Total Loss,26771.89,300000.0,0.0892,150.0,178.48,Settled,Medium,False,NONE,Faulty space heater wiring ignited living room drapery while residents were asleep. Smoke detectors alerted occupants. Fire caused severe burn-through of roof rafters and extensive water damage from fire brigade hoses.,Standard verification complete. Estimates match third-party independent inspection. Documentation verified.
CLM-2024-00117,CUST-02169,POL-003472,Auto,2023-10-22,2023-10-24,2,Intersection T-Bone Impact,Total Loss,15336.97,120000.0,0.1278,3000.0,5.11,Settled,Medium,False,NONE,Insured was proceeding on green light when a third-party vehicle failed to yield and impacted the passenger side. Significant structural intrusion along B-pillar and both passenger doors. Side curtain airbags deployed. Tow required.,Standard verification complete. Estimates match third-party independent inspection. Documentation verified.
CLM-2024-00118,CUST-08058,POL-012722,Auto,2024-03-30,2024-04-01,2,Intersection T-Bone Impact,Total Loss,12567.21,120000.0,0.1047,3000.0,4.19,Approved,Medium,False,NONE,"Broadside collision at uncontrolled intersection during heavy rain. Front quarter panel, suspension, and steering rack compromised. Vehicle deemed unsafe to drive and towed to certified repair facility.",Standard verification complete. Estimates match third-party independent inspection. Documentation verified.
CLM-2024-00119,CUST-02436,POL-003868,Fire,2024-01-19,2024-02-04,16,Electrical Fault Fire,Major,77170.74,300000.0,0.2572,150.0,514.47,Approved,Medium,False,NONE,Overheated breaker panel in basement initiated smoldering fire inside stud wall cavity. Flames traveled upward between floors before breaching living room drywall. Significant structural timber charring and complete electrical overhaul required.,Standard verification complete. Estimates match third-party independent inspection. Documentation verified.
CLM-2024-00120,CUST-09768,POL-015452,Fire,2023-03-22,2023-04-10,19,Chimney / Fireplace Thermal Spread,Moderate,13778.5,400000.0,0.0344,350.0,39.37,Settled,Medium,False,NONE,Creosote buildup in masonry chimney flue sparked internal combustion. Thermal crack allowed embers into attic insulation. Prompt response by local brigade prevented full roof ignition. Flue relining and attic decontamination required.,Standard verification complete. Estimates match third-party independent inspection. Documentation verified.
CLM-2024-00121,CUST-07321,POL-011525,Caravan,2024-04-15,2024-04-21,6,Storm Hail and Tree Branch Impact,Minor,5462.65,17500.0,0.3122,25.0,218.51,Settled,Low,False,NONE,High winds at holiday park caused awning detachment and side panel punctures. Water entered electrical breaker enclosure.,Standard verification complete. Estimates match third-party independent inspection. Documentation verified.
CLM-2024-00122,CUST-08713,POL-013794,Auto,2023-12-20,2023-12-22,2,Single Vehicle Roadside Impact,Moderate,3119.79,120000.0,0.026,3000.0,1.04,Under Investigation,Low,False,NONE,Loss of traction on black ice caused vehicle to slide into concrete median barrier. Front subframe and wheel rim cracked. No injuries reported.,Standard verification complete. Estimates match third-party independent inspection. Documentation verified.
CLM-2024-00123,CUST-04517,POL-007163,Auto,2023-04-20,2023-05-07,17,Intersection T-Bone Impact,Major,58219.26,100000.0,0.5822,750.0,77.63,Settled,Medium,False,NONE,"Broadside collision at uncontrolled intersection during heavy rain. Front quarter panel, suspension, and steering rack compromised. Vehicle deemed unsafe to drive and towed to certified repair facility.",Standard verification complete. Estimates match third-party independent inspection. Documentation verified.
CLM-2024-00124,CUST-07279,POL-011466,Auto,2024-02-10,2024-02-11,1,Single Vehicle Roadside Impact,Minor,4147.79,120000.0,0.0346,3000.0,1.38,Approved,Low,False,NONE,"Insured swerved to avoid crossing wildlife on unlit rural road, colliding with roadside guardrail. Damage concentrated on driver front bumper, headlight, and wheel arch. No other vehicles involved.",Standard verification complete. Estimates match third-party independent inspection. Documentation verified.
CLM-2024-00125,CUST-09703,POL-015340,Fire,2023-08-24,2023-08-30,6,Chimney / Fireplace Thermal Spread,Moderate,12122.25,200000.0,0.0606,75.0,161.63,Approved,Medium,False,NONE,Creosote buildup in masonry chimney flue sparked internal combustion. Thermal crack allowed embers into attic insulation. Prompt response by local brigade prevented full roof ignition. Flue relining and attic decontamination required.,Standard verification complete. Estimates match third-party independent inspection. Documentation verified.
CLM-2024-00126,CUST-03426,POL-005455,Auto,2023-05-21,2023-05-22,1,Rear-End Collision,Major,6769.57,120000.0,0.0564,3000.0,2.26,Settled,Low,False,NONE,"Insured vehicle was struck from behind while stationary at a signalized intersection. Rear bumper crushed, trunk lid misaligned, and tail light assemblies shattered. Airbags did not deploy. Claimant reported minor neck stiffness.",Standard verification complete. Estimates match third-party independent inspection. Documentation verified.
CLM-2024-00127,CUST-00898,POL-001433,Fire,2023-04-03,2023-04-24,21,Electrical Fault Fire,Total Loss,53612.25,200000.0,0.2681,75.0,714.83,Settled,Medium,False,NONE,Faulty space heater wiring ignited living room drapery while residents were asleep. Smoke detectors alerted occupants. Fire caused severe burn-through of roof rafters and extensive water damage from fire brigade hoses.,Standard verification complete. Estimates match third-party independent inspection. Documentation verified.
CLM-2024-00128,CUST-06604,POL-010424,Fire,2024-06-27,2024-07-01,4,Chimney / Fireplace Thermal Spread,Moderate,12875.28,200000.0,0.0644,75.0,171.67,Settled,Medium,False,NONE,Creosote buildup in masonry chimney flue sparked internal combustion. Thermal crack allowed embers into attic insulation. Prompt response by local brigade prevented full roof ignition. Flue relining and attic decontamination required.,Standard verification complete. Estimates match third-party independent inspection. Documentation verified.
CLM-2024-00129,CUST-00431,POL-000696,Auto,2023-12-13,2023-12-20,7,Rear-End Collision,Moderate,8398.05,120000.0,0.07,3000.0,2.8,Approved,Low,False,NONE,"Insured vehicle was struck from behind while stationary at a signalized intersection. Rear bumper crushed, trunk lid misaligned, and tail light assemblies shattered. Airbags did not deploy. Claimant reported minor neck stiffness.",Standard verification complete. Estimates match third-party independent inspection. Documentation verified.
CLM-2024-00130,CUST-06153,POL-009752,Auto,2024-02-11,2024-02-13,2,Single Vehicle Roadside Impact,Minor,2862.48,120000.0,0.0239,3000.0,0.95,Settled,Low,False,NONE,Loss of traction on black ice caused vehicle to slide into concrete median barrier. Front subframe and wheel rim cracked. No injuries reported.,Standard verification complete. Estimates match third-party independent inspection. Documentation verified.
CLM-2024-00131,CUST-08117,POL-012806,Fire,2023-09-26,2023-10-10,14,Chimney / Fireplace Thermal Spread,Moderate,5521.82,400000.0,0.0138,350.0,15.78,Settled,Low,False,NONE,Creosote buildup in masonry chimney flue sparked internal combustion. Thermal crack allowed embers into attic insulation. Prompt response by local brigade prevented full roof ignition. Flue relining and attic decontamination required.,Standard verification complete. Estimates match third-party independent inspection. Documentation verified.
CLM-2024-00132,CUST-06175,POL-009793,Auto,2024-07-28,2024-08-04,7,Single Vehicle Roadside Impact,Minor,2183.0,120000.0,0.0182,3000.0,0.73,Approved,Low,False,NONE,"Insured swerved to avoid crossing wildlife on unlit rural road, colliding with roadside guardrail. Damage concentrated on driver front bumper, headlight, and wheel arch. No other vehicles involved.",Standard verification complete. Estimates match third-party independent inspection. Documentation verified.
CLM-2024-00133,CUST-04025,POL-006365,Fire,2023-04-30,2023-05-08,8,Kitchen Grease Fire,Moderate,30334.94,300000.0,0.1011,150.0,202.23,Settled,Medium,False,NONE,"Unattended cooking oil ignited on stovetop, spreading rapidly to wooden cabinetry and exhaust hood. Fire department responded within 12 minutes. Heavy smoke damage throughout ground floor and water saturation across kitchen subflooring.",Standard verification complete. Estimates match third-party independent inspection. Documentation verified.
CLM-2024-00134,CUST-00183,POL-000289,Fire,2023-05-19,2023-05-30,11,Electrical Fault Fire,Total Loss,167097.04,400000.0,0.4177,350.0,477.42,Open,Medium,False,NONE,Faulty space heater wiring ignited living room drapery while residents were asleep. Smoke detectors alerted occupants. Fire caused severe burn-through of roof rafters and extensive water damage from fire brigade hoses.,Standard verification complete. Estimates match third-party independent inspection. Documentation verified.
CLM-2024-00135,CUST-04587,POL-007266,Fire,2023-06-08,2023-06-24,16,Electrical Fault Fire,Major,206248.15,400000.0,0.5156,350.0,589.28,Settled,Medium,False,NONE,Faulty space heater wiring ignited living room drapery while residents were asleep. Smoke detectors alerted occupants. Fire caused severe burn-through of roof rafters and extensive water damage from fire brigade hoses.,Standard verification complete. Estimates match third-party independent inspection. Documentation verified.
CLM-2024-00136,CUST-05323,POL-008443,Auto,2023-08-11,2023-08-14,3,Catalytic Converter & Component Theft,Moderate,1648.63,120000.0,0.0137,3000.0,0.55,Approved,Low,False,NONE,Vehicle parked overnight in commuter lot. Exhaust system severed cleanly beneath chassis and catalytic converter removed. Oxygen sensors stripped. Comprehensive theft claim submitted with police report number.,Standard verification complete. Estimates match third-party independent inspection. Documentation verified.
CLM-2024-00137,CUST-06919,POL-010913,Auto,2024-01-03,2024-01-08,5,Rear-End Collision,Moderate,1941.89,120000.0,0.0162,3000.0,0.65,Approved,Low,False,NONE,"Vehicle was rear-ended in heavy stop-and-go highway traffic. Impact pushed vehicle into leading car, resulting in front and rear fascia damage. Radiator support cracked. Police report filed at scene.",Standard verification complete. Estimates match third-party independent inspection. Documentation verified.
CLM-2024-00138,CUST-06268,POL-009928,Auto,2023-08-06,2023-08-09,3,Rear-End Collision,Minor,1169.17,120000.0,0.0097,3000.0,0.39,Settled,Low,False,NONE,"Vehicle was rear-ended in heavy stop-and-go highway traffic. Impact pushed vehicle into leading car, resulting in front and rear fascia damage. Radiator support cracked. Police report filed at scene.",Standard verification complete. Estimates match third-party independent inspection. Documentation verified.
CLM-2024-00139,CUST-01305,POL-002099,Auto,2024-07-21,2024-09-27,68,Inflated Water Restoration,Major,91904.86,120000.0,0.7659,3000.0,30.63,Under Investigation,High,True,INFLATED_WATER_REPAIR,"Claim submitted for sudden pipe rupture in unoccupied guest wing. Restoration contractor billed 24 industrial air movers and 6 commercial dehumidifiers for 21 days continuously, exceeding standard mitigation duration by 400%. Demolition invoices include pre-existing renovation materials not damaged by water.",SIU Audit Triggered: Indicator matches INFLATED_WATER_REPAIR. Significant inconsistencies in physical damage inspection vs reported narrative.
CLM-2024-00140,CUST-07037,POL-011107,Fire,2023-06-01,2023-06-09,8,Chimney / Fireplace Thermal Spread,Minor,3354.56,300000.0,0.0112,150.0,22.36,Settled,Low,False,NONE,Creosote buildup in masonry chimney flue sparked internal combustion. Thermal crack allowed embers into attic insulation. Prompt response by local brigade prevented full roof ignition. Flue relining and attic decontamination required.,Standard verification complete. Estimates match third-party independent inspection. Documentation verified.
CLM-2024-00141,CUST-00763,POL-001198,Caravan,2023-06-28,2023-06-29,1,Storm Hail and Tree Branch Impact,Minor,5311.54,17500.0,0.3035,25.0,212.46,Settled,Low,False,NONE,"Severe thunderstorm brought 2-inch hail and fallen pine limb onto mobile home aluminum roof. Punctured roof membrane, shattered skylight, and caused interior water intrusion onto living area carpet.",Standard verification complete. Estimates match third-party independent inspection. Documentation verified.
CLM-2024-00142,CUST-02486,POL-003952,Auto,2023-06-28,2023-07-05,7,Single Vehicle Roadside Impact,Minor,2393.35,100000.0,0.0239,750.0,3.19,Approved,Low,False,NONE,"Insured swerved to avoid crossing wildlife on unlit rural road, colliding with roadside guardrail. Damage concentrated on driver front bumper, headlight, and wheel arch. No other vehicles involved.",Standard verification complete. Estimates match third-party independent inspection. Documentation verified.
CLM-2024-00143,CUST-06624,POL-010459,Fire,2024-01-06,2024-01-12,6,Chimney / Fireplace Thermal Spread,Minor,8688.56,200000.0,0.0434,75.0,115.85,Settled,Low,False,NONE,Creosote buildup in masonry chimney flue sparked internal combustion. Thermal crack allowed embers into attic insulation. Prompt response by local brigade prevented full roof ignition. Flue relining and attic decontamination required.,Standard verification complete. Estimates match third-party independent inspection. Documentation verified.
CLM-2024-00144,CUST-07840,POL-012377,Auto,2024-06-17,2024-06-22,5,Single Vehicle Roadside Impact,Moderate,5540.73,120000.0,0.0462,3000.0,1.85,Settled,Low,False,NONE,"Insured swerved to avoid crossing wildlife on unlit rural road, colliding with roadside guardrail. Damage concentrated on driver front bumper, headlight, and wheel arch. No other vehicles involved.",Standard verification complete. Estimates match third-party independent inspection. Documentation verified.
CLM-2024-00145,CUST-04572,POL-007245,Auto,2024-05-17,2024-05-22,5,Catalytic Converter & Component Theft,Minor,1072.84,120000.0,0.0089,3000.0,0.36,Settled,Low,False,NONE,Vehicle parked overnight in commuter lot. Exhaust system severed cleanly beneath chassis and catalytic converter removed. Oxygen sensors stripped. Comprehensive theft claim submitted with police report number.,Standard verification complete. Estimates match third-party independent inspection. Documentation verified.
CLM-2024-00146,CUST-05355,POL-008499,Auto,2024-08-22,2024-08-25,3,Single Vehicle Roadside Impact,Moderate,5763.15,100000.0,0.0576,750.0,7.68,Settled,Low,False,NONE,Loss of traction on black ice caused vehicle to slide into concrete median barrier. Front subframe and wheel rim cracked. No injuries reported.,Standard verification complete. Estimates match third-party independent inspection. Documentation verified.
CLM-2024-00147,CUST-01549,POL-002494,Auto,2024-07-18,2024-07-25,7,Intersection T-Bone Impact,Major,27102.51,140000.0,0.1936,7500.0,3.61,Approved,Medium,False,NONE,"Broadside collision at uncontrolled intersection during heavy rain. Front quarter panel, suspension, and steering rack compromised. Vehicle deemed unsafe to drive and towed to certified repair facility.",Standard verification complete. Estimates match third-party independent inspection. Documentation verified.
CLM-2024-00148,CUST-06779,POL-010694,Auto,2023-04-08,2023-04-09,1,Single Vehicle Roadside Impact,Moderate,4645.86,120000.0,0.0387,3000.0,1.55,Settled,Low,False,NONE,Loss of traction on black ice caused vehicle to slide into concrete median barrier. Front subframe and wheel rim cracked. No injuries reported.,Standard verification complete. Estimates match third-party independent inspection. Documentation verified.
CLM-2024-00149,CUST-05674,POL-008988,Fire,2023-03-10,2023-03-15,5,Kitchen Grease Fire,Moderate,36660.97,300000.0,0.1222,150.0,244.41,Settled,Medium,False,NONE,"Unattended cooking oil ignited on stovetop, spreading rapidly to wooden cabinetry and exhaust hood. Fire department responded within 12 minutes. Heavy smoke damage throughout ground floor and water saturation across kitchen subflooring.",Standard verification complete. Estimates match third-party independent inspection. Documentation verified.
CLM-2024-00150,CUST-06135,POL-009726,Fire,2023-03-03,2023-03-08,5,Chimney / Fireplace Thermal Spread,Moderate,15251.72,400000.0,0.0381,350.0,43.58,Open,Medium,False,NONE,Creosote buildup in masonry chimney flue sparked internal combustion. Thermal crack allowed embers into attic insulation. Prompt response by local brigade prevented full roof ignition. Flue relining and attic decontamination required.,Standard verification complete. Estimates match third-party independent inspection. Documentation verified.
CLM-2024-00151,CUST-01472,POL-002375,Auto,2023-02-22,2023-02-28,6,Single Vehicle Roadside Impact,Moderate,6236.15,120000.0,0.052,3000.0,2.08,Settled,Low,False,NONE,Loss of traction on black ice caused vehicle to slide into concrete median barrier. Front subframe and wheel rim cracked. No injuries reported.,Standard verification complete. Estimates match third-party independent inspection. Documentation verified.
CLM-2024-00152,CUST-02876,POL-004598,Fire,2023-04-21,2023-04-26,5,Electrical Fault Fire,Total Loss,150769.34,400000.0,0.3769,350.0,430.77,Approved,Medium,False,NONE,Overheated breaker panel in basement initiated smoldering fire inside stud wall cavity. Flames traveled upward between floors before breaching living room drywall. Significant structural timber charring and complete electrical overhaul required.,Standard verification complete. Estimates match third-party independent inspection. Documentation verified.
CLM-2024-00153,CUST-04154,POL-006571,Auto,2024-07-24,2024-08-03,10,Rear-End Collision,Major,71477.36,120000.0,0.5956,3000.0,23.83,Approved,Medium,False,NONE,"Vehicle was rear-ended in heavy stop-and-go highway traffic. Impact pushed vehicle into leading car, resulting in front and rear fascia damage. Radiator support cracked. Police report filed at scene.","Comprehensive field adjuster verification complete. Police report, independent surveyor report, and official repair bids on file. Verified genuine catastrophic loss."
CLM-2024-00154,CUST-00927,POL-001480,Auto,2023-12-26,2023-12-27,1,Rear-End Collision,Minor,2825.76,120000.0,0.0235,3000.0,0.94,Settled,Low,False,NONE,"Insured vehicle was struck from behind while stationary at a signalized intersection. Rear bumper crushed, trunk lid misaligned, and tail light assemblies shattered. Airbags did not deploy. Claimant reported minor neck stiffness.",Standard verification complete. Estimates match third-party independent inspection. Documentation verified.
CLM-2024-00155,CUST-05930,POL-009396,Auto,2023-02-01,2023-02-07,6,Rear-End Collision,Major,6390.86,100000.0,0.0639,750.0,8.52,Settled,Low,False,NONE,"Insured vehicle was struck from behind while stationary at a signalized intersection. Rear bumper crushed, trunk lid misaligned, and tail light assemblies shattered. Airbags did not deploy. Claimant reported minor neck stiffness.",Standard verification complete. Estimates match third-party independent inspection. Documentation verified.
CLM-2024-00156,CUST-08851,POL-014005,Auto,2023-11-29,2023-12-08,9,Rear-End Collision,Minor,3221.43,120000.0,0.0268,3000.0,1.07,Approved,Low,False,NONE,"Insured vehicle was struck from behind while stationary at a signalized intersection. Rear bumper crushed, trunk lid misaligned, and tail light assemblies shattered. Airbags did not deploy. Claimant reported minor neck stiffness.",Standard verification complete. Estimates match third-party independent inspection. Documentation verified.
CLM-2024-00157,CUST-02808,POL-004472,Fire,2024-03-10,2024-03-14,4,Electrical Fault Fire,Total Loss,150000.0,200000.0,0.75,75.0,2000.0,Settled,Medium,False,NONE,Faulty space heater wiring ignited living room drapery while residents were asleep. Smoke detectors alerted occupants. Fire caused severe burn-through of roof rafters and extensive water damage from fire brigade hoses.,Standard verification complete. Estimates match third-party independent inspection. Documentation verified.
CLM-2024-00158,CUST-05272,POL-008359,Fire,2023-10-18,2023-10-24,6,Chimney / Fireplace Thermal Spread,Moderate,8410.59,400000.0,0.021,350.0,24.03,Settled,Low,False,NONE,Creosote buildup in masonry chimney flue sparked internal combustion. Thermal crack allowed embers into attic insulation. Prompt response by local brigade prevented full roof ignition. Flue relining and attic decontamination required.,Standard verification complete. Estimates match third-party independent inspection. Documentation verified.
CLM-2024-00159,CUST-09646,POL-015244,Auto,2023-11-05,2023-11-08,3,Inflated Water Restoration,Major,41577.89,100000.0,0.4158,750.0,55.44,Under Investigation,High,True,INFLATED_WATER_REPAIR,"Claim submitted for sudden pipe rupture in unoccupied guest wing. Restoration contractor billed 24 industrial air movers and 6 commercial dehumidifiers for 21 days continuously, exceeding standard mitigation duration by 400%. Demolition invoices include pre-existing renovation materials not damaged by water.",Policy Inception Audit: High-severity claim filed immediately following policy coverage modification.
CLM-2024-00160,CUST-09733,POL-015395,Auto,2024-05-24,2024-06-02,9,Inflated Water Restoration,Moderate,20155.19,120000.0,0.168,3000.0,6.72,Settled,High,True,INFLATED_WATER_REPAIR,"Claim submitted for sudden pipe rupture in unoccupied guest wing. Restoration contractor billed 24 industrial air movers and 6 commercial dehumidifiers for 21 days continuously, exceeding standard mitigation duration by 400%. Demolition invoices include pre-existing renovation materials not damaged by water.",Potential Billing Discrepancy: Itemized labor and parts estimates exceed regional peer averages by 25-40%.
CLM-2024-00161,CUST-08734,POL-013831,Auto,2024-07-26,2024-07-29,3,Single Vehicle Roadside Impact,Minor,1419.47,120000.0,0.0118,3000.0,0.47,Settled,Low,False,NONE,Loss of traction on black ice caused vehicle to slide into concrete median barrier. Front subframe and wheel rim cracked. No injuries reported.,Standard verification complete. Estimates match third-party independent inspection. Documentation verified.
CLM-2024-00162,CUST-02400,POL-003812,Fire,2023-11-17,2023-11-20,3,Chimney / Fireplace Thermal Spread,Moderate,11248.32,200000.0,0.0562,75.0,149.98,Settled,Low,False,NONE,Creosote buildup in masonry chimney flue sparked internal combustion. Thermal crack allowed embers into attic insulation. Prompt response by local brigade prevented full roof ignition. Flue relining and attic decontamination required.,Standard verification complete. Estimates match third-party independent inspection. Documentation verified.
CLM-2024-00163,CUST-03225,POL-005146,Boat,2023-11-29,2024-01-12,44,High-Value Marine Equipment Loss,Major,99124.69,128000.0,0.7744,350.0,283.21,Under Investigation,High,True,PHANTOM_LUXURY_BOAT_THEFT,Claimant alleges twin 350HP marine engines unbolted and removed from dry dock trailer overnight with no perimeter fence breaches or security footage. Claim amount matches maximum policy limit to the exact dollar. Title transfer completed only 3 weeks prior.,SIU Audit Triggered: Indicator matches PHANTOM_LUXURY_BOAT_THEFT. Significant inconsistencies in physical damage inspection vs reported narrative.
CLM-2024-00164,CUST-08538,POL-013506,Auto,2023-04-01,2023-04-02,1,Catalytic Converter & Component Theft,Minor,1806.42,120000.0,0.0151,3000.0,0.6,Settled,Low,False,NONE,Vehicle parked overnight in commuter lot. Exhaust system severed cleanly beneath chassis and catalytic converter removed. Oxygen sensors stripped. Comprehensive theft claim submitted with police report number.,Standard verification complete. Estimates match third-party independent inspection. Documentation verified.
CLM-2024-00165,CUST-09082,POL-014354,Caravan,2023-12-14,2023-12-15,1,Storm Hail and Tree Branch Impact,Moderate,11371.79,17500.0,0.6498,25.0,454.87,Settled,Low,False,NONE,"Severe thunderstorm brought 2-inch hail and fallen pine limb onto mobile home aluminum roof. Punctured roof membrane, shattered skylight, and caused interior water intrusion onto living area carpet.",Standard verification complete. Estimates match third-party independent inspection. Documentation verified.
CLM-2024-00166,CUST-04882,POL-007714,Fire,2023-12-24,2024-01-15,22,Electrical Fault Fire,Major,68226.09,400000.0,0.1706,350.0,194.93,Settled,Medium,False,NONE,Overheated breaker panel in basement initiated smoldering fire inside stud wall cavity. Flames traveled upward between floors before breaching living room drywall. Significant structural timber charring and complete electrical overhaul required.,Standard verification complete. Estimates match third-party independent inspection. Documentation verified.
CLM-2024-00167,CUST-01456,POL-002352,Fire,2023-03-19,2023-03-20,1,Kitchen Grease Fire,Major,71427.78,300000.0,0.2381,150.0,476.19,Settled,Medium,False,NONE,"Deep fryer flare-up caused flame spread to kitchen drywall. Heat blistering across ceiling joists. Structural fire damage contained to kitchen area, but substantial soot cleanup needed throughout residence.",Standard verification complete. Estimates match third-party independent inspection. Documentation verified.
CLM-2024-00168,CUST-08681,POL-013738,Fire,2024-08-01,2024-08-27,26,Chimney / Fireplace Thermal Spread,Moderate,4730.73,300000.0,0.0158,150.0,31.54,Settled,Low,False,NONE,Creosote buildup in masonry chimney flue sparked internal combustion. Thermal crack allowed embers into attic insulation. Prompt response by local brigade prevented full roof ignition. Flue relining and attic decontamination required.,Standard verification complete. Estimates match third-party independent inspection. Documentation verified.
CLM-2024-00169,CUST-09127,POL-014427,Auto,2023-10-09,2023-10-13,4,Rear-End Collision,Moderate,3696.93,120000.0,0.0308,3000.0,1.23,Settled,Low,False,NONE,"Insured vehicle was struck from behind while stationary at a signalized intersection. Rear bumper crushed, trunk lid misaligned, and tail light assemblies shattered. Airbags did not deploy. Claimant reported minor neck stiffness.",Standard verification complete. Estimates match third-party independent inspection. Documentation verified.
CLM-2024-00170,CUST-04997,POL-007904,Auto,2023-03-20,2023-03-26,6,Rear-End Collision,Major,10617.05,120000.0,0.0885,3000.0,3.54,Approved,Low,False,NONE,"Vehicle was rear-ended in heavy stop-and-go highway traffic. Impact pushed vehicle into leading car, resulting in front and rear fascia damage. Radiator support cracked. Police report filed at scene.",Standard verification complete. Estimates match third-party independent inspection. Documentation verified.
CLM-2024-00171,CUST-09291,POL-014702,Auto,2024-04-05,2024-04-13,8,Intersection T-Bone Impact,Major,67548.64,120000.0,0.5629,3000.0,22.52,Settled,Medium,False,NONE,"Broadside collision at uncontrolled intersection during heavy rain. Front quarter panel, suspension, and steering rack compromised. Vehicle deemed unsafe to drive and towed to certified repair facility.",Standard verification complete. Estimates match third-party independent inspection. Documentation verified.
CLM-2024-00172,CUST-06609,POL-010436,Caravan,2023-12-18,2023-12-23,5,Storm Hail and Tree Branch Impact,Minor,3338.36,17500.0,0.1908,25.0,133.53,Settled,Low,False,NONE,"Severe thunderstorm brought 2-inch hail and fallen pine limb onto mobile home aluminum roof. Punctured roof membrane, shattered skylight, and caused interior water intrusion onto living area carpet.",Standard verification complete. Estimates match third-party independent inspection. Documentation verified.
CLM-2024-00173,CUST-01136,POL-001831,Fire,2023-06-12,2023-06-17,5,Electrical Fault Fire,Total Loss,112844.18,600000.0,0.1881,3000.0,37.61,Approved,Medium,False,NONE,Faulty space heater wiring ignited living room drapery while residents were asleep. Smoke detectors alerted occupants. Fire caused severe burn-through of roof rafters and extensive water damage from fire brigade hoses.,Standard verification complete. Estimates match third-party independent inspection. Documentation verified.
CLM-2024-00174,CUST-06027,POL-009555,Fire,2023-12-09,2023-12-26,17,Suspicious Multi-Party Collision,Major,195325.03,300000.0,0.6511,150.0,1302.17,Under Investigation,High,True,STAGED_COLLISION_RING,Insured vehicle alleged sudden brake event leading to rear collision with third-party vehicle occupied by 4 unbelted passengers. All occupants retained same legal counsel and clinic on same business day. Identical soft tissue injury claims submitted. Vehicle damage pattern inconsistent with described low-speed impact velocity.,SIU Audit Triggered: Indicator matches STAGED_COLLISION_RING. Significant inconsistencies in physical damage inspection vs reported narrative.
CLM-2024-00175,CUST-09690,POL-015319,Auto,2023-09-16,2023-10-02,16,Intersection T-Bone Impact,Major,13948.71,120000.0,0.1162,3000.0,4.65,Settled,Medium,False,NONE,Insured was proceeding on green light when a third-party vehicle failed to yield and impacted the passenger side. Significant structural intrusion along B-pillar and both passenger doors. Side curtain airbags deployed. Tow required.,Standard verification complete. Estimates match third-party independent inspection. Documentation verified.
CLM-2024-00176,CUST-05231,POL-008288,Caravan,2024-02-06,2024-02-11,5,Storm Hail and Tree Branch Impact,Minor,7480.75,17500.0,0.4275,25.0,299.23,Settled,Low,False,NONE,High winds at holiday park caused awning detachment and side panel punctures. Water entered electrical breaker enclosure.,Standard verification complete. Estimates match third-party independent inspection. Documentation verified.
CLM-2024-00177,CUST-08474,POL-013382,Fire,2024-06-23,2024-06-27,4,Kitchen Grease Fire,Major,243241.25,400000.0,0.6081,350.0,694.98,Open,Medium,False,NONE,"Deep fryer flare-up caused flame spread to kitchen drywall. Heat blistering across ceiling joists. Structural fire damage contained to kitchen area, but substantial soot cleanup needed throughout residence.","Comprehensive field adjuster verification complete. Police report, independent surveyor report, and official repair bids on file. Verified genuine catastrophic loss."
CLM-2024-00178,CUST-06734,POL-010625,Fire,2024-05-12,2024-05-24,12,Kitchen Grease Fire,Moderate,19670.69,400000.0,0.0492,350.0,56.2,Approved,Medium,False,NONE,"Unattended cooking oil ignited on stovetop, spreading rapidly to wooden cabinetry and exhaust hood. Fire department responded within 12 minutes. Heavy smoke damage throughout ground floor and water saturation across kitchen subflooring.",Standard verification complete. Estimates match third-party independent inspection. Documentation verified.
CLM-2024-00179,CUST-07971,POL-012583,Fire,2024-07-06,2024-07-12,6,Chimney / Fireplace Thermal Spread,Minor,6205.3,500000.0,0.0124,750.0,8.27,Settled,Low,False,NONE,Creosote buildup in masonry chimney flue sparked internal combustion. Thermal crack allowed embers into attic insulation. Prompt response by local brigade prevented full roof ignition. Flue relining and attic decontamination required.,Standard verification complete. Estimates match third-party independent inspection. Documentation verified.
CLM-2024-00180,CUST-04986,POL-007880,Auto,2023-07-05,2023-07-08,3,Intersection T-Bone Impact,Total Loss,62750.48,100000.0,0.6275,750.0,83.67,Approved,Medium,False,NONE,"Broadside collision at uncontrolled intersection during heavy rain. Front quarter panel, suspension, and steering rack compromised. Vehicle deemed unsafe to drive and towed to certified repair facility.","Comprehensive field adjuster verification complete. Police report, independent surveyor report, and official repair bids on file. Verified genuine catastrophic loss."
CLM-2024-00181,CUST-04948,POL-007822,Auto,2023-10-19,2023-10-20,1,Catalytic Converter & Component Theft,Minor,2178.4,120000.0,0.0182,3000.0,0.73,Settled,Low,False,NONE,Vehicle parked overnight in commuter lot. Exhaust system severed cleanly beneath chassis and catalytic converter removed. Oxygen sensors stripped. Comprehensive theft claim submitted with police report number.,Standard verification complete. Estimates match third-party independent inspection. Documentation verified.
CLM-2024-00182,CUST-03951,POL-006256,Caravan,2024-01-12,2024-01-18,6,Storm Hail and Tree Branch Impact,Moderate,6779.89,17500.0,0.3874,25.0,271.2,Settled,Low,False,NONE,High winds at holiday park caused awning detachment and side panel punctures. Water entered electrical breaker enclosure.,Standard verification complete. Estimates match third-party independent inspection. Documentation verified.
CLM-2024-00183,CUST-03344,POL-005322,Auto,2023-07-24,2023-08-16,23,Intersection T-Bone Impact,Major,44346.86,120000.0,0.3696,3000.0,14.78,Settled,Medium,False,NONE,Insured was proceeding on green light when a third-party vehicle failed to yield and impacted the passenger side. Significant structural intrusion along B-pillar and both passenger doors. Side curtain airbags deployed. Tow required.,Standard verification complete. Estimates match third-party independent inspection. Documentation verified.
CLM-2024-00184,CUST-00574,POL-000920,Fire,2024-06-12,2024-06-14,2,Suspicious Early Inception Fire,Moderate,181574.02,300000.0,0.6052,150.0,1210.49,Under Investigation,High,True,RECENT_COVERAGE_SPIKE_FIRE,"Commercial property fire reported 9 days following policy contribution upgrade. Fire originated in storage room with two distinct, unlinked burn patterns detected by arson investigator. Stock inventory records requested but claimant unable to provide supporting receipts or tax filings.",Policy Inception Audit: High-severity claim filed immediately following policy coverage modification.
CLM-2024-00185,CUST-01751,POL-002823,Auto,2024-06-09,2024-06-17,8,Intersection T-Bone Impact,Major,14466.28,120000.0,0.1206,3000.0,4.82,Settled,Medium,False,NONE,Insured was proceeding on green light when a third-party vehicle failed to yield and impacted the passenger side. Significant structural intrusion along B-pillar and both passenger doors. Side curtain airbags deployed. Tow required.,Standard verification complete. Estimates match third-party independent inspection. Documentation verified.
CLM-2024-00186,CUST-07163,POL-011306,Fire,2023-01-28,2023-02-02,5,Electrical Fault Fire,Major,51375.77,300000.0,0.1713,150.0,342.51,Under Investigation,Medium,False,NONE,Faulty space heater wiring ignited living room drapery while residents were asleep. Smoke detectors alerted occupants. Fire caused severe burn-through of roof rafters and extensive water damage from fire brigade hoses.,Standard verification complete. Estimates match third-party independent inspection. Documentation verified.
CLM-2024-00187,CUST-01314,POL-002115,Auto,2023-01-29,2023-02-13,15,Single Vehicle Roadside Impact,Minor,1443.26,120000.0,0.012,3000.0,0.48,Settled,Low,False,NONE,Loss of traction on black ice caused vehicle to slide into concrete median barrier. Front subframe and wheel rim cracked. No injuries reported.,Standard verification complete. Estimates match third-party independent inspection. Documentation verified.
CLM-2024-00188,CUST-02933,POL-004687,Auto,2023-05-23,2023-05-28,5,Catalytic Converter & Component Theft,Moderate,1627.94,100000.0,0.0163,750.0,2.17,Settled,Low,False,NONE,Vehicle parked overnight in commuter lot. Exhaust system severed cleanly beneath chassis and catalytic converter removed. Oxygen sensors stripped. Comprehensive theft claim submitted with police report number.,Standard verification complete. Estimates match third-party independent inspection. Documentation verified.
CLM-2024-00189,CUST-03360,POL-005342,Fire,2024-06-24,2024-06-30,6,Electrical Fault Fire,Major,38403.37,300000.0,0.128,150.0,256.02,Settled,Medium,False,NONE,Faulty space heater wiring ignited living room drapery while residents were asleep. Smoke detectors alerted occupants. Fire caused severe burn-through of roof rafters and extensive water damage from fire brigade hoses.,Standard verification complete. Estimates match third-party independent inspection. Documentation verified.
CLM-2024-00190,CUST-04672,POL-007400,Auto,2024-04-13,2024-04-15,2,Rear-End Collision,Minor,724.65,120000.0,0.006,3000.0,0.24,Settled,Low,False,NONE,"Vehicle was rear-ended in heavy stop-and-go highway traffic. Impact pushed vehicle into leading car, resulting in front and rear fascia damage. Radiator support cracked. Police report filed at scene.",Standard verification complete. Estimates match third-party independent inspection. Documentation verified.
CLM-2024-00191,CUST-01628,POL-002627,Fire,2023-05-28,2023-06-04,7,Electrical Fault Fire,Total Loss,77064.34,400000.0,0.1927,350.0,220.18,Settled,Medium,False,NONE,Overheated breaker panel in basement initiated smoldering fire inside stud wall cavity. Flames traveled upward between floors before breaching living room drywall. Significant structural timber charring and complete electrical overhaul required.,Standard verification complete. Estimates match third-party independent inspection. Documentation verified.
CLM-2024-00192,CUST-05855,POL-009286,Fire,2023-03-29,2023-04-06,8,Chimney / Fireplace Thermal Spread,Moderate,12448.36,200000.0,0.0622,75.0,165.98,Approved,Medium,False,NONE,Creosote buildup in masonry chimney flue sparked internal combustion. Thermal crack allowed embers into attic insulation. Prompt response by local brigade prevented full roof ignition. Flue relining and attic decontamination required.,Standard verification complete. Estimates match third-party independent inspection. Documentation verified.
CLM-2024-00193,CUST-01127,POL-001808,Auto,2023-01-21,2023-01-22,1,Catalytic Converter & Component Theft,Moderate,4302.83,120000.0,0.0359,3000.0,1.43,Settled,Low,False,NONE,Vehicle parked overnight in commuter lot. Exhaust system severed cleanly beneath chassis and catalytic converter removed. Oxygen sensors stripped. Comprehensive theft claim submitted with police report number.,Standard verification complete. Estimates match third-party independent inspection. Documentation verified.
CLM-2024-00194,CUST-03184,POL-005081,Fire,2023-03-11,2023-06-09,90,Suspicious Multi-Party Collision,Major,224152.69,300000.0,0.7472,150.0,1494.35,Under Investigation,High,True,STAGED_COLLISION_RING,Insured vehicle alleged sudden brake event leading to rear collision with third-party vehicle occupied by 4 unbelted passengers. All occupants retained same legal counsel and clinic on same business day. Identical soft tissue injury claims submitted. Vehicle damage pattern inconsistent with described low-speed impact velocity.,SIU Audit Triggered: Indicator matches STAGED_COLLISION_RING. Significant inconsistencies in physical damage inspection vs reported narrative.
CLM-2024-00195,CUST-06760,POL-010664,Fire,2023-12-07,2023-12-20,13,Kitchen Grease Fire,Moderate,40610.77,400000.0,0.1015,350.0,116.03,Settled,Medium,False,NONE,"Deep fryer flare-up caused flame spread to kitchen drywall. Heat blistering across ceiling joists. Structural fire damage contained to kitchen area, but substantial soot cleanup needed throughout residence.",Standard verification complete. Estimates match third-party independent inspection. Documentation verified.
CLM-2024-00196,CUST-06505,POL-010276,Auto,2024-04-20,2024-04-22,2,Catalytic Converter & Component Theft,Minor,2311.97,120000.0,0.0193,3000.0,0.77,Settled,Low,False,NONE,Vehicle parked overnight in commuter lot. Exhaust system severed cleanly beneath chassis and catalytic converter removed. Oxygen sensors stripped. Comprehensive theft claim submitted with police report number.,Standard verification complete. Estimates match third-party independent inspection. Documentation verified.
CLM-2024-00197,CUST-01434,POL-002316,Auto,2023-02-14,2023-02-22,8,Intersection T-Bone Impact,Moderate,15979.25,140000.0,0.1141,7500.0,2.13,Under Investigation,Medium,False,NONE,"Broadside collision at uncontrolled intersection during heavy rain. Front quarter panel, suspension, and steering rack compromised. Vehicle deemed unsafe to drive and towed to certified repair facility.",Standard verification complete. Estimates match third-party independent inspection. Documentation verified.
CLM-2024-00198,CUST-03286,POL-005243,Fire,2023-09-17,2023-09-23,6,Kitchen Grease Fire,Moderate,45379.51,200000.0,0.2269,75.0,605.06,Approved,Medium,False,NONE,"Deep fryer flare-up caused flame spread to kitchen drywall. Heat blistering across ceiling joists. Structural fire damage contained to kitchen area, but substantial soot cleanup needed throughout residence.",Standard verification complete. Estimates match third-party independent inspection. Documentation verified.
CLM-2024-00199,CUST-00610,POL-000964,Auto,2023-05-08,2023-05-10,2,Single Vehicle Roadside Impact,Moderate,7309.42,100000.0,0.0731,750.0,9.75,Settled,Low,False,NONE,Loss of traction on black ice caused vehicle to slide into concrete median barrier. Front subframe and wheel rim cracked. No injuries reported.,Standard verification complete. Estimates match third-party independent inspection. Documentation verified.
CLM-2024-00200,CUST-09232,POL-014594,Fire,2024-05-23,2024-05-31,8,Chimney / Fireplace Thermal Spread,Moderate,12043.33,300000.0,0.0401,150.0,80.29,Approved,Medium,False,NONE,Creosote buildup in masonry chimney flue sparked internal combustion. Thermal crack allowed embers into attic insulation. Prompt response by local brigade prevented full roof ignition. Flue relining and attic decontamination required.,Standard verification complete. Estimates match third-party independent inspection. Documentation verified.
CLM-2024-00201,CUST-04229,POL-006706,Fire,2023-03-22,2023-04-01,10,Electrical Fault Fire,Major,39499.54,400000.0,0.0987,350.0,112.86,Approved,Medium,False,NONE,Faulty space heater wiring ignited living room drapery while residents were asleep. Smoke detectors alerted occupants. Fire caused severe burn-through of roof rafters and extensive water damage from fire brigade hoses.,Standard verification complete. Estimates match third-party independent inspection. Documentation verified.
CLM-2024-00202,CUST-00756,POL-001185,Fire,2024-03-12,2024-03-15,3,Kitchen Grease Fire,Major,63409.32,500000.0,0.1268,750.0,84.55,Open,Medium,False,NONE,"Deep fryer flare-up caused flame spread to kitchen drywall. Heat blistering across ceiling joists. Structural fire damage contained to kitchen area, but substantial soot cleanup needed throughout residence.",Standard verification complete. Estimates match third-party independent inspection. Documentation verified.
CLM-2024-00203,CUST-07331,POL-011540,Auto,2024-03-21,2024-03-23,2,Single Vehicle Roadside Impact,Minor,2845.67,120000.0,0.0237,3000.0,0.95,Settled,Low,False,NONE,"Insured swerved to avoid crossing wildlife on unlit rural road, colliding with roadside guardrail. Damage concentrated on driver front bumper, headlight, and wheel arch. No other vehicles involved.",Standard verification complete. Estimates match third-party independent inspection. Documentation verified.
CLM-2024-00204,CUST-05224,POL-008274,Fire,2023-06-13,2023-06-20,7,Kitchen Grease Fire,Moderate,10361.66,300000.0,0.0345,150.0,69.08,Approved,Low,False,NONE,"Deep fryer flare-up caused flame spread to kitchen drywall. Heat blistering across ceiling joists. Structural fire damage contained to kitchen area, but substantial soot cleanup needed throughout residence.",Standard verification complete. Estimates match third-party independent inspection. Documentation verified.
CLM-2024-00205,CUST-06609,POL-010436,Caravan,2024-01-28,2024-02-28,31,Storm Hail and Tree Branch Impact,Minor,2831.64,17500.0,0.1618,25.0,113.27,Approved,Low,False,NONE,High winds at holiday park caused awning detachment and side panel punctures. Water entered electrical breaker enclosure.,Standard verification complete. Estimates match third-party independent inspection. Documentation verified.
CLM-2024-00206,CUST-05808,POL-009197,Auto,2024-06-26,2024-06-29,3,Single Vehicle Roadside Impact,Moderate,3198.45,120000.0,0.0267,3000.0,1.07,Settled,Low,False,NONE,Loss of traction on black ice caused vehicle to slide into concrete median barrier. Front subframe and wheel rim cracked. No injuries reported.,Standard verification complete. Estimates match third-party independent inspection. Documentation verified.
CLM-2024-00207,CUST-04687,POL-007425,Fire,2024-05-26,2024-05-28,2,Chimney / Fireplace Thermal Spread,Moderate,6906.79,400000.0,0.0173,350.0,19.73,Settled,Low,False,NONE,Creosote buildup in masonry chimney flue sparked internal combustion. Thermal crack allowed embers into attic insulation. Prompt response by local brigade prevented full roof ignition. Flue relining and attic decontamination required.,Standard verification complete. Estimates match third-party independent inspection. Documentation verified.
CLM-2024-00208,CUST-04623,POL-007317,Auto,2023-10-20,2023-10-21,1,Catalytic Converter & Component Theft,Minor,1135.12,100000.0,0.0114,750.0,1.51,Settled,Low,False,NONE,Vehicle parked overnight in commuter lot. Exhaust system severed cleanly beneath chassis and catalytic converter removed. Oxygen sensors stripped. Comprehensive theft claim submitted with police report number.,Standard verification complete. Estimates match third-party independent inspection. Documentation verified.
CLM-2024-00209,CUST-01500,POL-002418,Auto,2023-03-31,2023-04-03,3,Single Vehicle Roadside Impact,Moderate,4134.81,120000.0,0.0345,3000.0,1.38,Settled,Low,False,NONE,"Insured swerved to avoid crossing wildlife on unlit rural road, colliding with roadside guardrail. Damage concentrated on driver front bumper, headlight, and wheel arch. No other vehicles involved.",Standard verification complete. Estimates match third-party independent inspection. Documentation verified.
CLM-2024-00210,CUST-09772,POL-015459,Auto,2023-06-28,2023-07-01,3,Single Vehicle Roadside Impact,Minor,4248.2,100000.0,0.0425,750.0,5.66,Settled,Low,False,NONE,"Insured swerved to avoid crossing wildlife on unlit rural road, colliding with roadside guardrail. Damage concentrated on driver front bumper, headlight, and wheel arch. No other vehicles involved.",Standard verification complete. Estimates match third-party independent inspection. Documentation verified.
CLM-2024-00211,CUST-05170,POL-008183,Auto,2024-01-05,2024-01-22,17,Single Vehicle Roadside Impact,Moderate,2804.96,120000.0,0.0234,3000.0,0.93,Settled,Low,False,NONE,"Insured swerved to avoid crossing wildlife on unlit rural road, colliding with roadside guardrail. Damage concentrated on driver front bumper, headlight, and wheel arch. No other vehicles involved.",Standard verification complete. Estimates match third-party independent inspection. Documentation verified.
CLM-2024-00212,CUST-08862,POL-014020,Auto,2024-05-05,2024-05-06,1,Catalytic Converter & Component Theft,Moderate,1658.32,120000.0,0.0138,3000.0,0.55,Settled,Low,False,NONE,Vehicle parked overnight in commuter lot. Exhaust system severed cleanly beneath chassis and catalytic converter removed. Oxygen sensors stripped. Comprehensive theft claim submitted with police report number.,Standard verification complete. Estimates match third-party independent inspection. Documentation verified.
CLM-2024-00213,CUST-04952,POL-007830,Fire,2024-06-13,2024-06-23,10,Electrical Fault Fire,Major,39691.65,200000.0,0.1985,75.0,529.22,Settled,Medium,False,NONE,Overheated breaker panel in basement initiated smoldering fire inside stud wall cavity. Flames traveled upward between floors before breaching living room drywall. Significant structural timber charring and complete electrical overhaul required.,Standard verification complete. Estimates match third-party independent inspection. Documentation verified.
CLM-2024-00214,CUST-04412,POL-006985,Fire,2023-05-08,2023-05-09,1,Chimney / Fireplace Thermal Spread,Minor,5911.96,400000.0,0.0148,350.0,16.89,Approved,Low,False,NONE,Creosote buildup in masonry chimney flue sparked internal combustion. Thermal crack allowed embers into attic insulation. Prompt response by local brigade prevented full roof ignition. Flue relining and attic decontamination required.,Standard verification complete. Estimates match third-party independent inspection. Documentation verified.
CLM-2024-00215,CUST-03111,POL-004978,Fire,2024-06-15,2024-06-20,5,Electrical Fault Fire,Major,161434.13,400000.0,0.4036,350.0,461.24,Settled,Medium,False,NONE,Faulty space heater wiring ignited living room drapery while residents were asleep. Smoke detectors alerted occupants. Fire caused severe burn-through of roof rafters and extensive water damage from fire brigade hoses.,Standard verification complete. Estimates match third-party independent inspection. Documentation verified.
CLM-2024-00216,CUST-00180,POL-000284,Caravan,2024-06-30,2024-07-09,9,Storm Hail and Tree Branch Impact,Minor,4613.16,17500.0,0.2636,25.0,184.53,Open,Low,False,NONE,"Severe thunderstorm brought 2-inch hail and fallen pine limb onto mobile home aluminum roof. Punctured roof membrane, shattered skylight, and caused interior water intrusion onto living area carpet.",Standard verification complete. Estimates match third-party independent inspection. Documentation verified.
CLM-2024-00217,CUST-03772,POL-005984,Fire,2024-07-31,2024-08-01,1,Kitchen Grease Fire,Moderate,39481.02,300000.0,0.1316,150.0,263.21,Settled,Medium,False,NONE,"Unattended cooking oil ignited on stovetop, spreading rapidly to wooden cabinetry and exhaust hood. Fire department responded within 12 minutes. Heavy smoke damage throughout ground floor and water saturation across kitchen subflooring.",Standard verification complete. Estimates match third-party independent inspection. Documentation verified.
CLM-2024-00218,CUST-08022,POL-012663,Caravan,2024-08-08,2024-08-09,1,Storm Hail and Tree Branch Impact,Minor,4232.52,17500.0,0.2419,25.0,169.3,Settled,Low,False,NONE,High winds at holiday park caused awning detachment and side panel punctures. Water entered electrical breaker enclosure.,Standard verification complete. Estimates match third-party independent inspection. Documentation verified.
CLM-2024-00219,CUST-03936,POL-006223,Auto,2023-09-08,2023-09-10,2,Catalytic Converter & Component Theft,Moderate,2180.22,120000.0,0.0182,3000.0,0.73,Settled,Low,False,NONE,"Insured discovered vehicle propped on cinder blocks in driveway with all four alloy wheels, tires, and brake assemblies stolen. Ground scuffs along rocker panels.",Standard verification complete. Estimates match third-party independent inspection. Documentation verified.
CLM-2024-00220,CUST-02052,POL-003283,Fire,2023-07-28,2023-08-04,7,Electrical Fault Fire,Major,78908.43,400000.0,0.1973,350.0,225.45,Under Investigation,Medium,False,NONE,Faulty space heater wiring ignited living room drapery while residents were asleep. Smoke detectors alerted occupants. Fire caused severe burn-through of roof rafters and extensive water damage from fire brigade hoses.,Standard verification complete. Estimates match third-party independent inspection. Documentation verified.
CLM-2024-00221,CUST-07174,POL-011322,Auto,2024-02-13,2024-02-18,5,Intersection T-Bone Impact,Major,23912.44,120000.0,0.1993,3000.0,7.97,Settled,Medium,False,NONE,Insured was proceeding on green light when a third-party vehicle failed to yield and impacted the passenger side. Significant structural intrusion along B-pillar and both passenger doors. Side curtain airbags deployed. Tow required.,Standard verification complete. Estimates match third-party independent inspection. Documentation verified.
CLM-2024-00222,CUST-02616,POL-004153,Fire,2023-04-10,2023-04-17,7,Kitchen Grease Fire,Major,30963.27,600000.0,0.0516,3000.0,10.32,Under Investigation,Medium,False,NONE,"Deep fryer flare-up caused flame spread to kitchen drywall. Heat blistering across ceiling joists. Structural fire damage contained to kitchen area, but substantial soot cleanup needed throughout residence.",Standard verification complete. Estimates match third-party independent inspection. Documentation verified.
CLM-2024-00223,CUST-06967,POL-010989,Auto,2023-12-02,2023-12-04,2,Single Vehicle Roadside Impact,Minor,3838.23,120000.0,0.032,3000.0,1.28,Settled,Low,False,NONE,"Insured swerved to avoid crossing wildlife on unlit rural road, colliding with roadside guardrail. Damage concentrated on driver front bumper, headlight, and wheel arch. No other vehicles involved.",Standard verification complete. Estimates match third-party independent inspection. Documentation verified.
CLM-2024-00224,CUST-00179,POL-000279,Fire,2023-01-24,2023-01-25,1,Kitchen Grease Fire,Major,27011.25,125000.0,0.2161,25.0,1080.45,Settled,Medium,False,NONE,"Deep fryer flare-up caused flame spread to kitchen drywall. Heat blistering across ceiling joists. Structural fire damage contained to kitchen area, but substantial soot cleanup needed throughout residence.",Standard verification complete. Estimates match third-party independent inspection. Documentation verified.
CLM-2024-00225,CUST-06357,POL-010056,Fire,2024-05-21,2024-05-30,9,High-Value Marine Equipment Loss,Major,22565.04,400000.0,0.0564,350.0,64.47,Under Investigation,High,True,PHANTOM_LUXURY_BOAT_THEFT,Claimant alleges twin 350HP marine engines unbolted and removed from dry dock trailer overnight with no perimeter fence breaches or security footage. Claim amount matches maximum policy limit to the exact dollar. Title transfer completed only 3 weeks prior.,Potential Billing Discrepancy: Itemized labor and parts estimates exceed regional peer averages by 25-40%.
CLM-2024-00226,CUST-01696,POL-002735,Auto,2023-09-28,2023-10-01,3,Single Vehicle Roadside Impact,Moderate,1551.83,100000.0,0.0155,750.0,2.07,Settled,Low,False,NONE,Loss of traction on black ice caused vehicle to slide into concrete median barrier. Front subframe and wheel rim cracked. No injuries reported.,Standard verification complete. Estimates match third-party independent inspection. Documentation verified.
CLM-2024-00227,CUST-05591,POL-008872,Fire,2023-10-23,2023-10-26,3,Kitchen Grease Fire,Major,27870.74,400000.0,0.0697,350.0,79.63,Under Investigation,Medium,False,NONE,"Deep fryer flare-up caused flame spread to kitchen drywall. Heat blistering across ceiling joists. Structural fire damage contained to kitchen area, but substantial soot cleanup needed throughout residence.",Standard verification complete. Estimates match third-party independent inspection. Documentation verified.
CLM-2024-00228,CUST-07883,POL-012439,Auto,2023-05-02,2023-05-07,5,Intersection T-Bone Impact,Moderate,28148.42,120000.0,0.2346,3000.0,9.38,Settled,Medium,False,NONE,"Broadside collision at uncontrolled intersection during heavy rain. Front quarter panel, suspension, and steering rack compromised. Vehicle deemed unsafe to drive and towed to certified repair facility.",Standard verification complete. Estimates match third-party independent inspection. Documentation verified.
CLM-2024-00229,CUST-08354,POL-013196,Auto,2023-05-28,2023-06-03,6,Intersection T-Bone Impact,Total Loss,11500.89,120000.0,0.0958,3000.0,3.83,Settled,Low,False,NONE,"Broadside collision at uncontrolled intersection during heavy rain. Front quarter panel, suspension, and steering rack compromised. Vehicle deemed unsafe to drive and towed to certified repair facility.",Standard verification complete. Estimates match third-party independent inspection. Documentation verified.
CLM-2024-00230,CUST-03839,POL-006068,Auto,2024-04-30,2024-05-07,7,Catalytic Converter & Component Theft,Minor,1451.3,100000.0,0.0145,750.0,1.94,Settled,Low,False,NONE,Vehicle parked overnight in commuter lot. Exhaust system severed cleanly beneath chassis and catalytic converter removed. Oxygen sensors stripped. Comprehensive theft claim submitted with police report number.,Standard verification complete. Estimates match third-party independent inspection. Documentation verified.
CLM-2024-00231,CUST-02226,POL-003550,Fire,2023-11-03,2023-11-04,1,Chimney / Fireplace Thermal Spread,Moderate,5325.34,300000.0,0.0178,150.0,35.5,Approved,Low,False,NONE,Creosote buildup in masonry chimney flue sparked internal combustion. Thermal crack allowed embers into attic insulation. Prompt response by local brigade prevented full roof ignition. Flue relining and attic decontamination required.,Standard verification complete. Estimates match third-party independent inspection. Documentation verified.
CLM-2024-00232,CUST-08919,POL-014100,Auto,2023-04-23,2023-04-26,3,Catalytic Converter & Component Theft,Moderate,1966.43,100000.0,0.0197,750.0,2.62,Approved,Low,False,NONE,Vehicle parked overnight in commuter lot. Exhaust system severed cleanly beneath chassis and catalytic converter removed. Oxygen sensors stripped. Comprehensive theft claim submitted with police report number.,Standard verification complete. Estimates match third-party independent inspection. Documentation verified.
CLM-2024-00233,CUST-00569,POL-000915,Fire,2024-08-15,2024-08-23,8,Chimney / Fireplace Thermal Spread,Minor,3459.42,400000.0,0.0086,350.0,9.88,Settled,Low,False,NONE,Creosote buildup in masonry chimney flue sparked internal combustion. Thermal crack allowed embers into attic insulation. Prompt response by local brigade prevented full roof ignition. Flue relining and attic decontamination required.,Standard verification complete. Estimates match third-party independent inspection. Documentation verified.
CLM-2024-00234,CUST-02506,POL-003986,Fire,2024-01-25,2024-01-31,6,Kitchen Grease Fire,Moderate,38225.25,400000.0,0.0956,350.0,109.22,Settled,Medium,False,NONE,"Unattended cooking oil ignited on stovetop, spreading rapidly to wooden cabinetry and exhaust hood. Fire department responded within 12 minutes. Heavy smoke damage throughout ground floor and water saturation across kitchen subflooring.",Standard verification complete. Estimates match third-party independent inspection. Documentation verified.
CLM-2024-00235,CUST-06334,POL-010018,Auto,2024-03-04,2024-03-06,2,Intersection T-Bone Impact,Major,40336.32,100000.0,0.4034,750.0,53.78,Open,Medium,False,NONE,Insured was proceeding on green light when a third-party vehicle failed to yield and impacted the passenger side. Significant structural intrusion along B-pillar and both passenger doors. Side curtain airbags deployed. Tow required.,Standard verification complete. Estimates match third-party independent inspection. Documentation verified.
CLM-2024-00236,CUST-05824,POL-009226,Auto,2023-03-05,2023-03-15,10,Intersection T-Bone Impact,Total Loss,52356.73,120000.0,0.4363,3000.0,17.45,Settled,Medium,False,NONE,Insured was proceeding on green light when a third-party vehicle failed to yield and impacted the passenger side. Significant structural intrusion along B-pillar and both passenger doors. Side curtain airbags deployed. Tow required.,Standard verification complete. Estimates match third-party independent inspection. Documentation verified.
CLM-2024-00237,CUST-08541,POL-013513,Auto,2023-06-27,2023-07-02,5,Catalytic Converter & Component Theft,Moderate,3449.54,120000.0,0.0287,3000.0,1.15,Approved,Low,False,NONE,"Insured discovered vehicle propped on cinder blocks in driveway with all four alloy wheels, tires, and brake assemblies stolen. Ground scuffs along rocker panels.",Standard verification complete. Estimates match third-party independent inspection. Documentation verified.
CLM-2024-00238,CUST-01741,POL-002806,Fire,2023-09-28,2023-09-30,2,Chimney / Fireplace Thermal Spread,Moderate,6083.99,400000.0,0.0152,350.0,17.38,Settled,Low,False,NONE,Creosote buildup in masonry chimney flue sparked internal combustion. Thermal crack allowed embers into attic insulation. Prompt response by local brigade prevented full roof ignition. Flue relining and attic decontamination required.,Standard verification complete. Estimates match third-party independent inspection. Documentation verified.
CLM-2024-00239,CUST-07484,POL-011787,Auto,2023-11-01,2023-11-03,2,Single Vehicle Roadside Impact,Minor,2715.71,120000.0,0.0226,3000.0,0.91,Open,Low,False,NONE,Loss of traction on black ice caused vehicle to slide into concrete median barrier. Front subframe and wheel rim cracked. No injuries reported.,Standard verification complete. Estimates match third-party independent inspection. Documentation verified.
CLM-2024-00240,CUST-02600,POL-004126,Fire,2023-10-08,2023-10-09,1,Electrical Fault Fire,Major,72617.38,300000.0,0.2421,150.0,484.12,Settled,Medium,False,NONE,Faulty space heater wiring ignited living room drapery while residents were asleep. Smoke detectors alerted occupants. Fire caused severe burn-through of roof rafters and extensive water damage from fire brigade hoses.,Standard verification complete. Estimates match third-party independent inspection. Documentation verified.
CLM-2024-00241,CUST-01525,POL-002456,Auto,2023-05-30,2023-06-08,9,Single Vehicle Roadside Impact,Minor,1542.45,100000.0,0.0154,750.0,2.06,Open,Low,False,NONE,Loss of traction on black ice caused vehicle to slide into concrete median barrier. Front subframe and wheel rim cracked. No injuries reported.,Standard verification complete. Estimates match third-party independent inspection. Documentation verified.
CLM-2024-00242,CUST-01619,POL-002614,Auto,2024-05-05,2024-05-08,3,Intersection T-Bone Impact,Moderate,26147.07,120000.0,0.2179,3000.0,8.72,Settled,Medium,False,NONE,"Broadside collision at uncontrolled intersection during heavy rain. Front quarter panel, suspension, and steering rack compromised. Vehicle deemed unsafe to drive and towed to certified repair facility.",Standard verification complete. Estimates match third-party independent inspection. Documentation verified.
CLM-2024-00243,CUST-07775,POL-012272,Auto,2024-08-23,2024-09-12,20,Intersection T-Bone Impact,Moderate,17046.01,100000.0,0.1705,750.0,22.73,Settled,Medium,False,NONE,Insured was proceeding on green light when a third-party vehicle failed to yield and impacted the passenger side. Significant structural intrusion along B-pillar and both passenger doors. Side curtain airbags deployed. Tow required.,Standard verification complete. Estimates match third-party independent inspection. Documentation verified.
CLM-2024-00244,CUST-02645,POL-004212,Fire,2024-02-28,2024-03-04,5,High-Value Marine Equipment Loss,Major,267147.12,600000.0,0.4452,3000.0,89.05,Under Investigation,High,True,PHANTOM_LUXURY_BOAT_THEFT,Claimant alleges twin 350HP marine engines unbolted and removed from dry dock trailer overnight with no perimeter fence breaches or security footage. Claim amount matches maximum policy limit to the exact dollar. Title transfer completed only 3 weeks prior.,SIU Audit Triggered: Indicator matches PHANTOM_LUXURY_BOAT_THEFT. Significant inconsistencies in physical damage inspection vs reported narrative.
CLM-2024-00245,CUST-01721,POL-002772,Auto,2023-01-06,2023-01-15,9,Intersection T-Bone Impact,Major,10244.08,120000.0,0.0854,3000.0,3.41,Under Investigation,Low,False,NONE,"Broadside collision at uncontrolled intersection during heavy rain. Front quarter panel, suspension, and steering rack compromised. Vehicle deemed unsafe to drive and towed to certified repair facility.",Standard verification complete. Estimates match third-party independent inspection. Documentation verified.
CLM-2024-00246,CUST-05142,POL-008135,Fire,2023-03-02,2023-03-16,14,Kitchen Grease Fire,Moderate,17310.03,300000.0,0.0577,150.0,115.4,Open,Medium,False,NONE,"Unattended cooking oil ignited on stovetop, spreading rapidly to wooden cabinetry and exhaust hood. Fire department responded within 12 minutes. Heavy smoke damage throughout ground floor and water saturation across kitchen subflooring.",Standard verification complete. Estimates match third-party independent inspection. Documentation verified.
CLM-2024-00247,CUST-05953,POL-009433,Auto,2023-02-07,2023-02-25,18,Catalytic Converter & Component Theft,Moderate,4257.73,100000.0,0.0426,750.0,5.68,Open,Low,False,NONE,Vehicle parked overnight in commuter lot. Exhaust system severed cleanly beneath chassis and catalytic converter removed. Oxygen sensors stripped. Comprehensive theft claim submitted with police report number.,Standard verification complete. Estimates match third-party independent inspection. Documentation verified.
CLM-2024-00248,CUST-02111,POL-003374,Auto,2023-01-10,2023-01-13,3,Single Vehicle Roadside Impact,Minor,5268.2,120000.0,0.0439,3000.0,1.76,Settled,Low,False,NONE,Loss of traction on black ice caused vehicle to slide into concrete median barrier. Front subframe and wheel rim cracked. No injuries reported.,Standard verification complete. Estimates match third-party independent inspection. Documentation verified.
CLM-2024-00249,CUST-04229,POL-006705,Auto,2023-05-18,2023-05-21,3,Catalytic Converter & Component Theft,Moderate,2744.98,120000.0,0.0229,3000.0,0.91,Approved,Low,False,NONE,Vehicle parked overnight in commuter lot. Exhaust system severed cleanly beneath chassis and catalytic converter removed. Oxygen sensors stripped. Comprehensive theft claim submitted with police report number.,Standard verification complete. Estimates match third-party independent inspection. Documentation verified.
CLM-2024-00250,CUST-01586,POL-002558,Fire,2023-07-10,2023-07-18,8,Kitchen Grease Fire,Major,62547.38,400000.0,0.1564,350.0,178.71,Settled,Medium,False,NONE,"Deep fryer flare-up caused flame spread to kitchen drywall. Heat blistering across ceiling joists. Structural fire damage contained to kitchen area, but substantial soot cleanup needed throughout residence.",Standard verification complete. Estimates match third-party independent inspection. Documentation verified.
CLM-2024-00251,CUST-07322,POL-011527,Fire,2024-02-20,2024-02-22,2,Electrical Fault Fire,Total Loss,72578.78,400000.0,0.1814,350.0,207.37,Under Investigation,Medium,False,NONE,Overheated breaker panel in basement initiated smoldering fire inside stud wall cavity. Flames traveled upward between floors before breaching living room drywall. Significant structural timber charring and complete electrical overhaul required.,Standard verification complete. Estimates match third-party independent inspection. Documentation verified.
CLM-2024-00252,CUST-07288,POL-011480,Fire,2023-09-12,2023-09-21,9,Kitchen Grease Fire,Major,46548.67,400000.0,0.1164,350.0,133.0,Open,Medium,False,NONE,"Deep fryer flare-up caused flame spread to kitchen drywall. Heat blistering across ceiling joists. Structural fire damage contained to kitchen area, but substantial soot cleanup needed throughout residence.",Standard verification complete. Estimates match third-party independent inspection. Documentation verified.
CLM-2024-00253,CUST-05879,POL-009328,Auto,2024-08-09,2024-08-12,3,Rear-End Collision,Moderate,1884.61,120000.0,0.0157,3000.0,0.63,Settled,Low,False,NONE,"Vehicle was rear-ended in heavy stop-and-go highway traffic. Impact pushed vehicle into leading car, resulting in front and rear fascia damage. Radiator support cracked. Police report filed at scene.",Standard verification complete. Estimates match third-party independent inspection. Documentation verified.
CLM-2024-00254,CUST-04951,POL-007828,Fire,2024-02-20,2024-02-22,2,Chimney / Fireplace Thermal Spread,Moderate,18074.25,400000.0,0.0452,350.0,51.64,Settled,Medium,False,NONE,Creosote buildup in masonry chimney flue sparked internal combustion. Thermal crack allowed embers into attic insulation. Prompt response by local brigade prevented full roof ignition. Flue relining and attic decontamination required.,Standard verification complete. Estimates match third-party independent inspection. Documentation verified.
CLM-2024-00255,CUST-03634,POL-005771,Auto,2023-05-17,2023-05-27,10,Catalytic Converter & Component Theft,Minor,925.1,100000.0,0.0093,750.0,1.23,Settled,Low,False,NONE,"Insured discovered vehicle propped on cinder blocks in driveway with all four alloy wheels, tires, and brake assemblies stolen. Ground scuffs along rocker panels.",Standard verification complete. Estimates match third-party independent inspection. Documentation verified.
CLM-2024-00256,CUST-00233,POL-000364,Auto,2024-04-27,2024-05-01,4,Intersection T-Bone Impact,Moderate,16737.56,120000.0,0.1395,3000.0,5.58,Settled,Medium,False,NONE,Insured was proceeding on green light when a third-party vehicle failed to yield and impacted the passenger side. Significant structural intrusion along B-pillar and both passenger doors. Side curtain airbags deployed. Tow required.,Standard verification complete. Estimates match third-party independent inspection. Documentation verified.
CLM-2024-00257,CUST-05591,POL-008872,Fire,2023-04-25,2023-04-28,3,Kitchen Grease Fire,Moderate,41484.82,400000.0,0.1037,350.0,118.53,Settled,Medium,False,NONE,"Unattended cooking oil ignited on stovetop, spreading rapidly to wooden cabinetry and exhaust hood. Fire department responded within 12 minutes. Heavy smoke damage throughout ground floor and water saturation across kitchen subflooring.",Standard verification complete. Estimates match third-party independent inspection. Documentation verified.
CLM-2024-00258,CUST-07900,POL-012459,Auto,2024-08-20,2024-08-28,8,Catalytic Converter & Component Theft,Minor,1669.39,120000.0,0.0139,3000.0,0.56,Settled,Low,False,NONE,"Insured discovered vehicle propped on cinder blocks in driveway with all four alloy wheels, tires, and brake assemblies stolen. Ground scuffs along rocker panels.",Standard verification complete. Estimates match third-party independent inspection. Documentation verified.
CLM-2024-00259,CUST-08239,POL-013009,Fire,2023-03-01,2023-03-04,3,Chimney / Fireplace Thermal Spread,Moderate,10448.87,400000.0,0.0261,350.0,29.85,Approved,Low,False,NONE,Creosote buildup in masonry chimney flue sparked internal combustion. Thermal crack allowed embers into attic insulation. Prompt response by local brigade prevented full roof ignition. Flue relining and attic decontamination required.,Standard verification complete. Estimates match third-party independent inspection. Documentation verified.
CLM-2024-00260,CUST-01800,POL-002891,Fire,2024-08-15,2024-08-20,5,Kitchen Grease Fire,Moderate,10452.56,400000.0,0.0261,350.0,29.86,Under Investigation,Low,False,NONE,"Deep fryer flare-up caused flame spread to kitchen drywall. Heat blistering across ceiling joists. Structural fire damage contained to kitchen area, but substantial soot cleanup needed throughout residence.",Standard verification complete. Estimates match third-party independent inspection. Documentation verified.
CLM-2024-00261,CUST-04851,POL-007677,Fire,2023-03-12,2023-03-13,1,Electrical Fault Fire,Major,99589.63,200000.0,0.4979,75.0,1327.86,Approved,Medium,False,NONE,Faulty space heater wiring ignited living room drapery while residents were asleep. Smoke detectors alerted occupants. Fire caused severe burn-through of roof rafters and extensive water damage from fire brigade hoses.,Standard verification complete. Estimates match third-party independent inspection. Documentation verified.
CLM-2024-00262,CUST-04070,POL-006448,Fire,2024-03-06,2024-03-07,1,Electrical Fault Fire,Total Loss,209751.22,300000.0,0.6992,150.0,1398.34,Settled,Medium,False,NONE,Faulty space heater wiring ignited living room drapery while residents were asleep. Smoke detectors alerted occupants. Fire caused severe burn-through of roof rafters and extensive water damage from fire brigade hoses.,Standard verification complete. Estimates match third-party independent inspection. Documentation verified.
CLM-2024-00263,CUST-02768,POL-004407,Auto,2024-07-06,2024-07-10,4,Intersection T-Bone Impact,Total Loss,49799.67,100000.0,0.498,750.0,66.4,Settled,Medium,False,NONE,"Broadside collision at uncontrolled intersection during heavy rain. Front quarter panel, suspension, and steering rack compromised. Vehicle deemed unsafe to drive and towed to certified repair facility.",Standard verification complete. Estimates match third-party independent inspection. Documentation verified.
CLM-2024-00264,CUST-06394,POL-010105,Fire,2023-08-17,2023-08-25,8,Kitchen Grease Fire,Moderate,41909.89,400000.0,0.1048,350.0,119.74,Settled,Medium,False,NONE,"Deep fryer flare-up caused flame spread to kitchen drywall. Heat blistering across ceiling joists. Structural fire damage contained to kitchen area, but substantial soot cleanup needed throughout residence.",Standard verification complete. Estimates match third-party independent inspection. Documentation verified.
CLM-2024-00265,CUST-09147,POL-014450,Auto,2023-08-24,2023-08-27,3,Intersection T-Bone Impact,Major,11215.63,120000.0,0.0935,3000.0,3.74,Open,Low,False,NONE,"Broadside collision at uncontrolled intersection during heavy rain. Front quarter panel, suspension, and steering rack compromised. Vehicle deemed unsafe to drive and towed to certified repair facility.",Standard verification complete. Estimates match third-party independent inspection. Documentation verified.
CLM-2024-00266,CUST-06618,POL-010447,Auto,2023-02-02,2023-02-04,2,Catalytic Converter & Component Theft,Minor,1199.75,120000.0,0.01,3000.0,0.4,Settled,Low,False,NONE,Vehicle parked overnight in commuter lot. Exhaust system severed cleanly beneath chassis and catalytic converter removed. Oxygen sensors stripped. Comprehensive theft claim submitted with police report number.,Standard verification complete. Estimates match third-party independent inspection. Documentation verified.
CLM-2024-00267,CUST-02819,POL-004494,Fire,2023-02-19,2023-02-26,7,Kitchen Grease Fire,Moderate,24299.17,200000.0,0.1215,75.0,323.99,Approved,Medium,False,NONE,"Deep fryer flare-up caused flame spread to kitchen drywall. Heat blistering across ceiling joists. Structural fire damage contained to kitchen area, but substantial soot cleanup needed throughout residence.",Standard verification complete. Estimates match third-party independent inspection. Documentation verified.
CLM-2024-00268,CUST-08820,POL-013948,Fire,2023-05-24,2023-06-08,15,Chimney / Fireplace Thermal Spread,Moderate,17121.42,400000.0,0.0428,350.0,48.92,Settled,Medium,False,NONE,Creosote buildup in masonry chimney flue sparked internal combustion. Thermal crack allowed embers into attic insulation. Prompt response by local brigade prevented full roof ignition. Flue relining and attic decontamination required.,Standard verification complete. Estimates match third-party independent inspection. Documentation verified.
CLM-2024-00269,CUST-01993,POL-003180,Auto,2023-11-25,2023-11-27,2,Intersection T-Bone Impact,Major,25299.32,120000.0,0.2108,3000.0,8.43,Settled,Medium,False,NONE,Insured was proceeding on green light when a third-party vehicle failed to yield and impacted the passenger side. Significant structural intrusion along B-pillar and both passenger doors. Side curtain airbags deployed. Tow required.,Standard verification complete. Estimates match third-party independent inspection. Documentation verified.
CLM-2024-00270,CUST-01006,POL-001612,Auto,2024-07-24,2024-07-27,3,Intersection T-Bone Impact,Total Loss,11903.61,120000.0,0.0992,3000.0,3.97,Settled,Low,False,NONE,"Broadside collision at uncontrolled intersection during heavy rain. Front quarter panel, suspension, and steering rack compromised. Vehicle deemed unsafe to drive and towed to certified repair facility.",Standard verification complete. Estimates match third-party independent inspection. Documentation verified.
CLM-2024-00271,CUST-04032,POL-006381,Auto,2024-01-26,2024-02-05,10,Single Vehicle Roadside Impact,Moderate,4998.52,120000.0,0.0417,3000.0,1.67,Approved,Low,False,NONE,Loss of traction on black ice caused vehicle to slide into concrete median barrier. Front subframe and wheel rim cracked. No injuries reported.,Standard verification complete. Estimates match third-party independent inspection. Documentation verified.
CLM-2024-00272,CUST-05600,POL-008882,Auto,2023-08-19,2023-08-28,9,Single Vehicle Roadside Impact,Minor,4049.85,120000.0,0.0337,3000.0,1.35,Under Investigation,Low,False,NONE,Loss of traction on black ice caused vehicle to slide into concrete median barrier. Front subframe and wheel rim cracked. No injuries reported.,Standard verification complete. Estimates match third-party independent inspection. Documentation verified.
CLM-2024-00273,CUST-05518,POL-008744,Fire,2023-05-18,2023-06-04,17,Electrical Fault Fire,Major,95423.59,400000.0,0.2386,350.0,272.64,Open,Medium,False,NONE,Faulty space heater wiring ignited living room drapery while residents were asleep. Smoke detectors alerted occupants. Fire caused severe burn-through of roof rafters and extensive water damage from fire brigade hoses.,Standard verification complete. Estimates match third-party independent inspection. Documentation verified.
CLM-2024-00274,CUST-08830,POL-013968,Fire,2023-04-05,2023-04-11,6,Chimney / Fireplace Thermal Spread,Minor,5431.07,400000.0,0.0136,350.0,15.52,Settled,Low,False,NONE,Creosote buildup in masonry chimney flue sparked internal combustion. Thermal crack allowed embers into attic insulation. Prompt response by local brigade prevented full roof ignition. Flue relining and attic decontamination required.,Standard verification complete. Estimates match third-party independent inspection. Documentation verified.
CLM-2024-00275,CUST-01442,POL-002330,Fire,2023-07-12,2023-07-13,1,Chimney / Fireplace Thermal Spread,Minor,9906.58,400000.0,0.0248,350.0,28.3,Settled,Low,False,NONE,Creosote buildup in masonry chimney flue sparked internal combustion. Thermal crack allowed embers into attic insulation. Prompt response by local brigade prevented full roof ignition. Flue relining and attic decontamination required.,Standard verification complete. Estimates match third-party independent inspection. Documentation verified.
CLM-2024-00276,CUST-04956,POL-007835,Auto,2023-08-05,2023-08-11,6,Intersection T-Bone Impact,Total Loss,50340.83,120000.0,0.4195,3000.0,16.78,Open,Medium,False,NONE,Insured was proceeding on green light when a third-party vehicle failed to yield and impacted the passenger side. Significant structural intrusion along B-pillar and both passenger doors. Side curtain airbags deployed. Tow required.,Standard verification complete. Estimates match third-party independent inspection. Documentation verified.
CLM-2024-00277,CUST-08609,POL-013621,Fire,2023-07-29,2023-08-01,3,Electrical Fault Fire,Major,72756.45,400000.0,0.1819,350.0,207.88,Settled,Medium,False,NONE,Faulty space heater wiring ignited living room drapery while residents were asleep. Smoke detectors alerted occupants. Fire caused severe burn-through of roof rafters and extensive water damage from fire brigade hoses.,Standard verification complete. Estimates match third-party independent inspection. Documentation verified.
CLM-2024-00278,CUST-03758,POL-005958,Fire,2023-09-25,2023-10-08,13,Electrical Fault Fire,Total Loss,202673.95,300000.0,0.6756,150.0,1351.16,Settled,Medium,False,NONE,Faulty space heater wiring ignited living room drapery while residents were asleep. Smoke detectors alerted occupants. Fire caused severe burn-through of roof rafters and extensive water damage from fire brigade hoses.,Standard verification complete. Estimates match third-party independent inspection. Documentation verified.
CLM-2024-00279,CUST-07576,POL-011937,Auto,2023-07-28,2023-08-15,18,Single Vehicle Roadside Impact,Moderate,9460.28,100000.0,0.0946,750.0,12.61,Approved,Low,False,NONE,Loss of traction on black ice caused vehicle to slide into concrete median barrier. Front subframe and wheel rim cracked. No injuries reported.,Standard verification complete. Estimates match third-party independent inspection. Documentation verified.
CLM-2024-00280,CUST-02278,POL-003620,Fire,2024-07-20,2024-07-22,2,High-Value Marine Equipment Loss,Major,144385.83,400000.0,0.361,350.0,412.53,Under Investigation,High,True,PHANTOM_LUXURY_BOAT_THEFT,Claimant alleges twin 350HP marine engines unbolted and removed from dry dock trailer overnight with no perimeter fence breaches or security footage. Claim amount matches maximum policy limit to the exact dollar. Title transfer completed only 3 weeks prior.,Policy Inception Audit: High-severity claim filed immediately following policy coverage modification.
CLM-2024-00281,CUST-04997,POL-007904,Auto,2024-01-24,2024-01-26,2,Intersection T-Bone Impact,Major,46150.33,120000.0,0.3846,3000.0,15.38,Under Investigation,Medium,False,NONE,"Broadside collision at uncontrolled intersection during heavy rain. Front quarter panel, suspension, and steering rack compromised. Vehicle deemed unsafe to drive and towed to certified repair facility.",Standard verification complete. Estimates match third-party independent inspection. Documentation verified.
CLM-2024-00282,CUST-00088,POL-000144,Auto,2024-05-17,2024-05-20,3,Catalytic Converter & Component Theft,Minor,1696.59,120000.0,0.0141,3000.0,0.57,Settled,Low,False,NONE,"Insured discovered vehicle propped on cinder blocks in driveway with all four alloy wheels, tires, and brake assemblies stolen. Ground scuffs along rocker panels.",Standard verification complete. Estimates match third-party independent inspection. Documentation verified.
CLM-2024-00283,CUST-01937,POL-003101,Auto,2024-07-09,2024-07-16,7,Rear-End Collision,Major,2345.68,120000.0,0.0195,3000.0,0.78,Approved,Low,False,NONE,"Insured vehicle was struck from behind while stationary at a signalized intersection. Rear bumper crushed, trunk lid misaligned, and tail light assemblies shattered. Airbags did not deploy. Claimant reported minor neck stiffness.",Standard verification complete. Estimates match third-party independent inspection. Documentation verified.
CLM-2024-00284,CUST-02634,POL-004191,Caravan,2023-01-07,2023-01-12,5,Inflated Water Restoration,Moderate,9017.02,17500.0,0.5153,25.0,360.68,Under Investigation,Medium,True,INFLATED_WATER_REPAIR,"Claim submitted for sudden pipe rupture in unoccupied guest wing. Restoration contractor billed 24 industrial air movers and 6 commercial dehumidifiers for 21 days continuously, exceeding standard mitigation duration by 400%. Demolition invoices include pre-existing renovation materials not damaged by water.",Potential Billing Discrepancy: Itemized labor and parts estimates exceed regional peer averages by 25-40%.
CLM-2024-00285,CUST-04443,POL-007046,Fire,2024-04-11,2024-04-15,4,Electrical Fault Fire,Major,36836.94,400000.0,0.0921,350.0,105.25,Settled,Medium,False,NONE,Faulty space heater wiring ignited living room drapery while residents were asleep. Smoke detectors alerted occupants. Fire caused severe burn-through of roof rafters and extensive water damage from fire brigade hoses.,Standard verification complete. Estimates match third-party independent inspection. Documentation verified.
CLM-2024-00286,CUST-03973,POL-006285,Fire,2023-01-18,2023-01-20,2,Chimney / Fireplace Thermal Spread,Moderate,14326.81,300000.0,0.0478,150.0,95.51,Approved,Medium,False,NONE,Creosote buildup in masonry chimney flue sparked internal combustion. Thermal crack allowed embers into attic insulation. Prompt response by local brigade prevented full roof ignition. Flue relining and attic decontamination required.,Standard verification complete. Estimates match third-party independent inspection. Documentation verified.
CLM-2024-00287,CUST-02565,POL-004068,Auto,2023-07-03,2023-07-11,8,Rear-End Collision,Minor,2796.68,120000.0,0.0233,3000.0,0.93,Settled,Low,False,NONE,"Insured vehicle was struck from behind while stationary at a signalized intersection. Rear bumper crushed, trunk lid misaligned, and tail light assemblies shattered. Airbags did not deploy. Claimant reported minor neck stiffness.",Standard verification complete. Estimates match third-party independent inspection. Documentation verified.
CLM-2024-00288,CUST-00835,POL-001330,Caravan,2024-02-11,2024-02-17,6,Storm Hail and Tree Branch Impact,Moderate,5986.93,17500.0,0.3421,25.0,239.48,Approved,Low,False,NONE,High winds at holiday park caused awning detachment and side panel punctures. Water entered electrical breaker enclosure.,Standard verification complete. Estimates match third-party independent inspection. Documentation verified.
CLM-2024-00289,CUST-07495,POL-011804,Auto,2023-03-24,2023-03-27,3,Rear-End Collision,Minor,3624.28,120000.0,0.0302,3000.0,1.21,Settled,Low,False,NONE,"Vehicle was rear-ended in heavy stop-and-go highway traffic. Impact pushed vehicle into leading car, resulting in front and rear fascia damage. Radiator support cracked. Police report filed at scene.",Standard verification complete. Estimates match third-party independent inspection. Documentation verified.
CLM-2024-00290,CUST-05090,POL-008049,Auto,2023-06-25,2023-07-24,29,High-Value Marine Equipment Loss,Major,82824.99,120000.0,0.6902,3000.0,27.61,Under Investigation,High,True,PHANTOM_LUXURY_BOAT_THEFT,Claimant alleges twin 350HP marine engines unbolted and removed from dry dock trailer overnight with no perimeter fence breaches or security footage. Claim amount matches maximum policy limit to the exact dollar. Title transfer completed only 3 weeks prior.,SIU Audit Triggered: Indicator matches PHANTOM_LUXURY_BOAT_THEFT. Significant inconsistencies in physical damage inspection vs reported narrative.
CLM-2024-00291,CUST-06179,POL-009802,Fire,2023-04-08,2023-04-10,2,Chimney / Fireplace Thermal Spread,Minor,9404.61,600000.0,0.0157,3000.0,3.13,Open,Low,False,NONE,Creosote buildup in masonry chimney flue sparked internal combustion. Thermal crack allowed embers into attic insulation. Prompt response by local brigade prevented full roof ignition. Flue relining and attic decontamination required.,Standard verification complete. Estimates match third-party independent inspection. Documentation verified.
CLM-2024-00292,CUST-04028,POL-006372,Fire,2023-02-17,2023-02-20,3,Kitchen Grease Fire,Major,66335.39,400000.0,0.1658,350.0,189.53,Settled,Medium,False,NONE,"Unattended cooking oil ignited on stovetop, spreading rapidly to wooden cabinetry and exhaust hood. Fire department responded within 12 minutes. Heavy smoke damage throughout ground floor and water saturation across kitchen subflooring.",Standard verification complete. Estimates match third-party independent inspection. Documentation verified.
CLM-2024-00293,CUST-08486,POL-013413,Fire,2023-05-28,2023-06-02,5,Chimney / Fireplace Thermal Spread,Moderate,12944.95,300000.0,0.0431,150.0,86.3,Settled,Medium,False,NONE,Creosote buildup in masonry chimney flue sparked internal combustion. Thermal crack allowed embers into attic insulation. Prompt response by local brigade prevented full roof ignition. Flue relining and attic decontamination required.,Standard verification complete. Estimates match third-party independent inspection. Documentation verified.
CLM-2024-00294,CUST-04394,POL-006958,Auto,2024-07-07,2024-07-14,7,Single Vehicle Roadside Impact,Moderate,4515.11,120000.0,0.0376,3000.0,1.51,Settled,Low,False,NONE,"Insured swerved to avoid crossing wildlife on unlit rural road, colliding with roadside guardrail. Damage concentrated on driver front bumper, headlight, and wheel arch. No other vehicles involved.",Standard verification complete. Estimates match third-party independent inspection. Documentation verified.
CLM-2024-00295,CUST-03568,POL-005665,Auto,2023-12-21,2023-12-25,4,Rear-End Collision,Minor,814.56,120000.0,0.0068,3000.0,0.27,Settled,Low,False,NONE,"Vehicle was rear-ended in heavy stop-and-go highway traffic. Impact pushed vehicle into leading car, resulting in front and rear fascia damage. Radiator support cracked. Police report filed at scene.",Standard verification complete. Estimates match third-party independent inspection. Documentation verified.
CLM-2024-00296,CUST-08680,POL-013734,Auto,2024-02-11,2024-02-15,4,Single Vehicle Roadside Impact,Minor,3102.84,120000.0,0.0259,3000.0,1.03,Settled,Low,False,NONE,Loss of traction on black ice caused vehicle to slide into concrete median barrier. Front subframe and wheel rim cracked. No injuries reported.,Standard verification complete. Estimates match third-party independent inspection. Documentation verified.
CLM-2024-00297,CUST-05351,POL-008493,Fire,2024-01-20,2024-01-30,10,Electrical Fault Fire,Major,109136.52,500000.0,0.2183,750.0,145.52,Approved,Medium,False,NONE,Faulty space heater wiring ignited living room drapery while residents were asleep. Smoke detectors alerted occupants. Fire caused severe burn-through of roof rafters and extensive water damage from fire brigade hoses.,Standard verification complete. Estimates match third-party independent inspection. Documentation verified.
CLM-2024-00298,CUST-01064,POL-001704,Fire,2023-03-26,2023-04-01,6,Electrical Fault Fire,Major,124999.43,200000.0,0.625,75.0,1666.66,Approved,Medium,False,NONE,Faulty space heater wiring ignited living room drapery while residents were asleep. Smoke detectors alerted occupants. Fire caused severe burn-through of roof rafters and extensive water damage from fire brigade hoses.,Standard verification complete. Estimates match third-party independent inspection. Documentation verified.
CLM-2024-00299,CUST-04029,POL-006376,Fire,2023-04-20,2023-05-02,12,Kitchen Grease Fire,Moderate,35619.54,300000.0,0.1187,150.0,237.46,Settled,Medium,False,NONE,"Deep fryer flare-up caused flame spread to kitchen drywall. Heat blistering across ceiling joists. Structural fire damage contained to kitchen area, but substantial soot cleanup needed throughout residence.",Standard verification complete. Estimates match third-party independent inspection. Documentation verified.
CLM-2024-00300,CUST-04228,POL-006704,Fire,2024-03-17,2024-03-27,10,High-Value Marine Equipment Loss,Moderate,14704.43,600000.0,0.0245,3000.0,4.9,Open,Medium,True,PHANTOM_LUXURY_BOAT_THEFT,Claimant alleges twin 350HP marine engines unbolted and removed from dry dock trailer overnight with no perimeter fence breaches or security footage. Claim amount matches maximum policy limit to the exact dollar. Title transfer completed only 3 weeks prior.,Potential Billing Discrepancy: Itemized labor and parts estimates exceed regional peer averages by 25-40%.
CLM-2024-00301,CUST-09736,POL-015403,Fire,2023-11-29,2023-12-03,4,Electrical Fault Fire,Major,120766.92,400000.0,0.3019,350.0,345.05,Approved,Medium,False,NONE,Faulty space heater wiring ignited living room drapery while residents were asleep. Smoke detectors alerted occupants. Fire caused severe burn-through of roof rafters and extensive water damage from fire brigade hoses.,Standard verification complete. Estimates match third-party independent inspection. Documentation verified.
CLM-2024-00302,CUST-04074,POL-006457,Auto,2023-09-06,2023-09-08,2,Intersection T-Bone Impact,Total Loss,16404.66,120000.0,0.1367,3000.0,5.47,Settled,Medium,False,NONE,"Broadside collision at uncontrolled intersection during heavy rain. Front quarter panel, suspension, and steering rack compromised. Vehicle deemed unsafe to drive and towed to certified repair facility.",Standard verification complete. Estimates match third-party independent inspection. Documentation verified.
CLM-2024-00303,CUST-08193,POL-012918,Auto,2023-06-21,2023-06-23,2,Catalytic Converter & Component Theft,Moderate,2649.22,120000.0,0.0221,3000.0,0.88,Settled,Low,False,NONE,"Insured discovered vehicle propped on cinder blocks in driveway with all four alloy wheels, tires, and brake assemblies stolen. Ground scuffs along rocker panels.",Standard verification complete. Estimates match third-party independent inspection. Documentation verified.
CLM-2024-00304,CUST-07222,POL-011382,Fire,2024-05-22,2024-06-03,12,Chimney / Fireplace Thermal Spread,Minor,5099.28,300000.0,0.017,150.0,34.0,Open,Low,False,NONE,Creosote buildup in masonry chimney flue sparked internal combustion. Thermal crack allowed embers into attic insulation. Prompt response by local brigade prevented full roof ignition. Flue relining and attic decontamination required.,Standard verification complete. Estimates match third-party independent inspection. Documentation verified.
CLM-2024-00305,CUST-03054,POL-004882,Fire,2024-01-25,2024-01-29,4,Electrical Fault Fire,Total Loss,166009.37,300000.0,0.5534,150.0,1106.73,Approved,Medium,False,NONE,Faulty space heater wiring ignited living room drapery while residents were asleep. Smoke detectors alerted occupants. Fire caused severe burn-through of roof rafters and extensive water damage from fire brigade hoses.,Standard verification complete. Estimates match third-party independent inspection. Documentation verified.
CLM-2024-00306,CUST-00917,POL-001462,Auto,2023-11-04,2023-11-09,5,Single Vehicle Roadside Impact,Minor,4832.13,120000.0,0.0403,3000.0,1.61,Under Investigation,Low,False,NONE,Loss of traction on black ice caused vehicle to slide into concrete median barrier. Front subframe and wheel rim cracked. No injuries reported.,Standard verification complete. Estimates match third-party independent inspection. Documentation verified.
CLM-2024-00307,CUST-06136,POL-009728,Auto,2024-05-17,2024-05-22,5,Intersection T-Bone Impact,Major,40484.58,120000.0,0.3374,3000.0,13.49,Settled,Medium,False,NONE,"Broadside collision at uncontrolled intersection during heavy rain. Front quarter panel, suspension, and steering rack compromised. Vehicle deemed unsafe to drive and towed to certified repair facility.",Standard verification complete. Estimates match third-party independent inspection. Documentation verified.
CLM-2024-00308,CUST-01484,POL-002397,Fire,2023-07-24,2023-07-26,2,Chimney / Fireplace Thermal Spread,Minor,5448.54,400000.0,0.0136,350.0,15.57,Approved,Low,False,NONE,Creosote buildup in masonry chimney flue sparked internal combustion. Thermal crack allowed embers into attic insulation. Prompt response by local brigade prevented full roof ignition. Flue relining and attic decontamination required.,Standard verification complete. Estimates match third-party independent inspection. Documentation verified.
CLM-2024-00309,CUST-03044,POL-004868,Auto,2023-10-26,2023-11-05,10,Rear-End Collision,Moderate,3383.64,120000.0,0.0282,3000.0,1.13,Settled,Low,False,NONE,"Vehicle was rear-ended in heavy stop-and-go highway traffic. Impact pushed vehicle into leading car, resulting in front and rear fascia damage. Radiator support cracked. Police report filed at scene.",Standard verification complete. Estimates match third-party independent inspection. Documentation verified.
CLM-2024-00310,CUST-07839,POL-012375,Fire,2024-03-09,2024-03-11,2,Electrical Fault Fire,Major,85636.52,400000.0,0.2141,350.0,244.68,Settled,Medium,False,NONE,Faulty space heater wiring ignited living room drapery while residents were asleep. Smoke detectors alerted occupants. Fire caused severe burn-through of roof rafters and extensive water damage from fire brigade hoses.,Standard verification complete. Estimates match third-party independent inspection. Documentation verified.
CLM-2024-00311,CUST-09515,POL-015053,Auto,2024-03-04,2024-03-06,2,Rear-End Collision,Moderate,2981.73,100000.0,0.0298,750.0,3.98,Approved,Low,False,NONE,"Insured vehicle was struck from behind while stationary at a signalized intersection. Rear bumper crushed, trunk lid misaligned, and tail light assemblies shattered. Airbags did not deploy. Claimant reported minor neck stiffness.",Standard verification complete. Estimates match third-party independent inspection. Documentation verified.
CLM-2024-00312,CUST-05254,POL-008328,Fire,2023-02-15,2023-02-24,9,Chimney / Fireplace Thermal Spread,Moderate,9984.76,400000.0,0.025,350.0,28.53,Settled,Low,False,NONE,Creosote buildup in masonry chimney flue sparked internal combustion. Thermal crack allowed embers into attic insulation. Prompt response by local brigade prevented full roof ignition. Flue relining and attic decontamination required.,Standard verification complete. Estimates match third-party independent inspection. Documentation verified.
CLM-2024-00313,CUST-02976,POL-004753,Auto,2024-06-06,2024-07-05,29,Intersection T-Bone Impact,Major,40938.74,100000.0,0.4094,750.0,54.58,Settled,Medium,False,NONE,"Broadside collision at uncontrolled intersection during heavy rain. Front quarter panel, suspension, and steering rack compromised. Vehicle deemed unsafe to drive and towed to certified repair facility.",Standard verification complete. Estimates match third-party independent inspection. Documentation verified.
CLM-2024-00314,CUST-00202,POL-000314,Auto,2023-12-20,2023-12-25,5,Rear-End Collision,Moderate,6840.93,120000.0,0.057,3000.0,2.28,Settled,Low,False,NONE,"Insured vehicle was struck from behind while stationary at a signalized intersection. Rear bumper crushed, trunk lid misaligned, and tail light assemblies shattered. Airbags did not deploy. Claimant reported minor neck stiffness.",Standard verification complete. Estimates match third-party independent inspection. Documentation verified.
CLM-2024-00315,CUST-04375,POL-006929,Fire,2023-05-26,2023-05-30,4,Electrical Fault Fire,Total Loss,64084.38,300000.0,0.2136,150.0,427.23,Settled,Medium,False,NONE,Faulty space heater wiring ignited living room drapery while residents were asleep. Smoke detectors alerted occupants. Fire caused severe burn-through of roof rafters and extensive water damage from fire brigade hoses.,Standard verification complete. Estimates match third-party independent inspection. Documentation verified.
CLM-2024-00316,CUST-06254,POL-009909,Fire,2024-03-24,2024-03-25,1,Chimney / Fireplace Thermal Spread,Moderate,5301.54,400000.0,0.0133,350.0,15.15,Approved,Low,False,NONE,Creosote buildup in masonry chimney flue sparked internal combustion. Thermal crack allowed embers into attic insulation. Prompt response by local brigade prevented full roof ignition. Flue relining and attic decontamination required.,Standard verification complete. Estimates match third-party independent inspection. Documentation verified.
CLM-2024-00317,CUST-08195,POL-012924,Fire,2023-12-18,2023-12-24,6,Inflated Water Restoration,Moderate,22246.31,300000.0,0.0742,150.0,148.31,Settled,High,True,INFLATED_WATER_REPAIR,"Claim submitted for sudden pipe rupture in unoccupied guest wing. Restoration contractor billed 24 industrial air movers and 6 commercial dehumidifiers for 21 days continuously, exceeding standard mitigation duration by 400%. Demolition invoices include pre-existing renovation materials not damaged by water.",Potential Billing Discrepancy: Itemized labor and parts estimates exceed regional peer averages by 25-40%.
CLM-2024-00318,CUST-05004,POL-007915,Auto,2024-07-27,2024-07-29,2,Catalytic Converter & Component Theft,Moderate,3301.44,120000.0,0.0275,3000.0,1.1,Settled,Low,False,NONE,Vehicle parked overnight in commuter lot. Exhaust system severed cleanly beneath chassis and catalytic converter removed. Oxygen sensors stripped. Comprehensive theft claim submitted with police report number.,Standard verification complete. Estimates match third-party independent inspection. Documentation verified.
CLM-2024-00319,CUST-07167,POL-011308,Fire,2024-02-10,2024-02-17,7,Kitchen Grease Fire,Moderate,21600.63,200000.0,0.108,75.0,288.01,Approved,Medium,False,NONE,"Deep fryer flare-up caused flame spread to kitchen drywall. Heat blistering across ceiling joists. Structural fire damage contained to kitchen area, but substantial soot cleanup needed throughout residence.",Standard verification complete. Estimates match third-party independent inspection. Documentation verified.
CLM-2024-00320,CUST-08065,POL-012736,Auto,2023-03-06,2023-03-10,4,Rear-End Collision,Major,4987.77,120000.0,0.0416,3000.0,1.66,Settled,Low,False,NONE,"Insured vehicle was struck from behind while stationary at a signalized intersection. Rear bumper crushed, trunk lid misaligned, and tail light assemblies shattered. Airbags did not deploy. Claimant reported minor neck stiffness.",Standard verification complete. Estimates match third-party independent inspection. Documentation verified.
CLM-2024-00321,CUST-06882,POL-010857,Auto,2024-05-16,2024-05-19,3,Single Vehicle Roadside Impact,Moderate,4682.14,100000.0,0.0468,750.0,6.24,Approved,Low,False,NONE,Loss of traction on black ice caused vehicle to slide into concrete median barrier. Front subframe and wheel rim cracked. No injuries reported.,Standard verification complete. Estimates match third-party independent inspection. Documentation verified.
CLM-2024-00322,CUST-04157,POL-006578,Fire,2023-11-01,2023-11-02,1,Chimney / Fireplace Thermal Spread,Minor,3583.99,300000.0,0.0119,150.0,23.89,Settled,Low,False,NONE,Creosote buildup in masonry chimney flue sparked internal combustion. Thermal crack allowed embers into attic insulation. Prompt response by local brigade prevented full roof ignition. Flue relining and attic decontamination required.,Standard verification complete. Estimates match third-party independent inspection. Documentation verified.
CLM-2024-00323,CUST-06879,POL-010851,Auto,2023-05-25,2023-06-01,7,Catalytic Converter & Component Theft,Moderate,2129.53,100000.0,0.0213,750.0,2.84,Settled,Low,False,NONE,Vehicle parked overnight in commuter lot. Exhaust system severed cleanly beneath chassis and catalytic converter removed. Oxygen sensors stripped. Comprehensive theft claim submitted with police report number.,Standard verification complete. Estimates match third-party independent inspection. Documentation verified.
CLM-2024-00324,CUST-07363,POL-011595,Fire,2023-06-27,2023-07-02,5,Chimney / Fireplace Thermal Spread,Minor,3884.05,300000.0,0.0129,150.0,25.89,Approved,Low,False,NONE,Creosote buildup in masonry chimney flue sparked internal combustion. Thermal crack allowed embers into attic insulation. Prompt response by local brigade prevented full roof ignition. Flue relining and attic decontamination required.,Standard verification complete. Estimates match third-party independent inspection. Documentation verified.
CLM-2024-00325,CUST-06557,POL-010360,Auto,2024-01-03,2024-01-06,3,Rear-End Collision,Moderate,3505.37,120000.0,0.0292,3000.0,1.17,Settled,Low,False,NONE,"Insured vehicle was struck from behind while stationary at a signalized intersection. Rear bumper crushed, trunk lid misaligned, and tail light assemblies shattered. Airbags did not deploy. Claimant reported minor neck stiffness.",Standard verification complete. Estimates match third-party independent inspection. Documentation verified.
CLM-2024-00326,CUST-08444,POL-013329,Auto,2024-02-23,2024-03-03,9,Catalytic Converter & Component Theft,Moderate,2170.36,120000.0,0.0181,3000.0,0.72,Settled,Low,False,NONE,"Insured discovered vehicle propped on cinder blocks in driveway with all four alloy wheels, tires, and brake assemblies stolen. Ground scuffs along rocker panels.",Standard verification complete. Estimates match third-party independent inspection. Documentation verified.
CLM-2024-00327,CUST-01940,POL-003108,Fire,2023-10-27,2023-11-02,6,Kitchen Grease Fire,Major,26091.26,400000.0,0.0652,350.0,74.55,Settled,Medium,False,NONE,"Unattended cooking oil ignited on stovetop, spreading rapidly to wooden cabinetry and exhaust hood. Fire department responded within 12 minutes. Heavy smoke damage throughout ground floor and water saturation across kitchen subflooring.",Standard verification complete. Estimates match third-party independent inspection. Documentation verified.
CLM-2024-00328,CUST-09549,POL-015107,Caravan,2024-05-22,2024-05-24,2,Storm Hail and Tree Branch Impact,Minor,5866.24,17500.0,0.3352,25.0,234.65,Settled,Low,False,NONE,High winds at holiday park caused awning detachment and side panel punctures. Water entered electrical breaker enclosure.,Standard verification complete. Estimates match third-party independent inspection. Documentation verified.
CLM-2024-00329,CUST-00935,POL-001492,Fire,2023-02-12,2023-02-16,4,Chimney / Fireplace Thermal Spread,Moderate,4640.15,400000.0,0.0116,350.0,13.26,Approved,Low,False,NONE,Creosote buildup in masonry chimney flue sparked internal combustion. Thermal crack allowed embers into attic insulation. Prompt response by local brigade prevented full roof ignition. Flue relining and attic decontamination required.,Standard verification complete. Estimates match third-party independent inspection. Documentation verified.
CLM-2024-00330,CUST-03051,POL-004877,Fire,2023-11-01,2023-11-02,1,Kitchen Grease Fire,Major,72977.03,300000.0,0.2433,150.0,486.51,Settled,Medium,False,NONE,"Deep fryer flare-up caused flame spread to kitchen drywall. Heat blistering across ceiling joists. Structural fire damage contained to kitchen area, but substantial soot cleanup needed throughout residence.",Standard verification complete. Estimates match third-party independent inspection. Documentation verified.
CLM-2024-00331,CUST-09593,POL-015161,Fire,2023-08-31,2023-09-09,9,Kitchen Grease Fire,Major,20115.0,300000.0,0.067,150.0,134.1,Settled,Medium,False,NONE,"Deep fryer flare-up caused flame spread to kitchen drywall. Heat blistering across ceiling joists. Structural fire damage contained to kitchen area, but substantial soot cleanup needed throughout residence.",Standard verification complete. Estimates match third-party independent inspection. Documentation verified.
CLM-2024-00332,CUST-00928,POL-001481,Auto,2023-03-02,2023-03-07,5,Single Vehicle Roadside Impact,Moderate,8306.51,120000.0,0.0692,3000.0,2.77,Settled,Low,False,NONE,"Insured swerved to avoid crossing wildlife on unlit rural road, colliding with roadside guardrail. Damage concentrated on driver front bumper, headlight, and wheel arch. No other vehicles involved.",Standard verification complete. Estimates match third-party independent inspection. Documentation verified.
CLM-2024-00333,CUST-02052,POL-003283,Fire,2024-06-10,2024-06-15,5,Chimney / Fireplace Thermal Spread,Minor,7389.08,400000.0,0.0185,350.0,21.11,Open,Low,False,NONE,Creosote buildup in masonry chimney flue sparked internal combustion. Thermal crack allowed embers into attic insulation. Prompt response by local brigade prevented full roof ignition. Flue relining and attic decontamination required.,Standard verification complete. Estimates match third-party independent inspection. Documentation verified.
CLM-2024-00334,CUST-03029,POL-004843,Fire,2023-05-10,2023-05-14,4,Chimney / Fireplace Thermal Spread,Minor,6121.74,400000.0,0.0153,350.0,17.49,Settled,Low,False,NONE,Creosote buildup in masonry chimney flue sparked internal combustion. Thermal crack allowed embers into attic insulation. Prompt response by local brigade prevented full roof ignition. Flue relining and attic decontamination required.,Standard verification complete. Estimates match third-party independent inspection. Documentation verified.
CLM-2024-00335,CUST-00265,POL-000421,Fire,2024-02-07,2024-02-12,5,Electrical Fault Fire,Major,82711.87,300000.0,0.2757,150.0,551.41,Settled,Medium,False,NONE,Faulty space heater wiring ignited living room drapery while residents were asleep. Smoke detectors alerted occupants. Fire caused severe burn-through of roof rafters and extensive water damage from fire brigade hoses.,Standard verification complete. Estimates match third-party independent inspection. Documentation verified.
CLM-2024-00336,CUST-00523,POL-000840,Auto,2023-04-06,2023-04-12,6,Catalytic Converter & Component Theft,Moderate,2456.13,120000.0,0.0205,3000.0,0.82,Settled,Low,False,NONE,"Insured discovered vehicle propped on cinder blocks in driveway with all four alloy wheels, tires, and brake assemblies stolen. Ground scuffs along rocker panels.",Standard verification complete. Estimates match third-party independent inspection. Documentation verified.
CLM-2024-00337,CUST-02819,POL-004494,Fire,2023-04-06,2023-04-09,3,Chimney / Fireplace Thermal Spread,Moderate,15909.03,200000.0,0.0795,75.0,212.12,Settled,Medium,False,NONE,Creosote buildup in masonry chimney flue sparked internal combustion. Thermal crack allowed embers into attic insulation. Prompt response by local brigade prevented full roof ignition. Flue relining and attic decontamination required.,Standard verification complete. Estimates match third-party independent inspection. Documentation verified.
CLM-2024-00338,CUST-00610,POL-000965,Fire,2023-08-05,2023-08-14,9,Electrical Fault Fire,Total Loss,112592.32,400000.0,0.2815,350.0,321.69,Settled,Medium,False,NONE,Faulty space heater wiring ignited living room drapery while residents were asleep. Smoke detectors alerted occupants. Fire caused severe burn-through of roof rafters and extensive water damage from fire brigade hoses.,Standard verification complete. Estimates match third-party independent inspection. Documentation verified.
CLM-2024-00339,CUST-04542,POL-007204,Auto,2024-05-11,2024-05-13,2,Single Vehicle Roadside Impact,Minor,5007.02,120000.0,0.0417,3000.0,1.67,Settled,Low,False,NONE,"Insured swerved to avoid crossing wildlife on unlit rural road, colliding with roadside guardrail. Damage concentrated on driver front bumper, headlight, and wheel arch. No other vehicles involved.",Standard verification complete. Estimates match third-party independent inspection. Documentation verified.
CLM-2024-00340,CUST-08346,POL-013183,Fire,2023-06-11,2023-06-23,12,Electrical Fault Fire,Total Loss,96452.19,400000.0,0.2411,350.0,275.58,Under Investigation,Medium,False,NONE,Overheated breaker panel in basement initiated smoldering fire inside stud wall cavity. Flames traveled upward between floors before breaching living room drywall. Significant structural timber charring and complete electrical overhaul required.,Standard verification complete. Estimates match third-party independent inspection. Documentation verified.
CLM-2024-00341,CUST-00174,POL-000269,Fire,2023-11-06,2023-11-21,15,Kitchen Grease Fire,Major,37358.61,400000.0,0.0934,350.0,106.74,Settled,Medium,False,NONE,"Unattended cooking oil ignited on stovetop, spreading rapidly to wooden cabinetry and exhaust hood. Fire department responded within 12 minutes. Heavy smoke damage throughout ground floor and water saturation across kitchen subflooring.",Standard verification complete. Estimates match third-party independent inspection. Documentation verified.
CLM-2024-00342,CUST-09334,POL-014789,Auto,2023-06-19,2023-07-24,35,Rear-End Collision,Moderate,6945.74,120000.0,0.0579,3000.0,2.32,Settled,Low,False,NONE,"Vehicle was rear-ended in heavy stop-and-go highway traffic. Impact pushed vehicle into leading car, resulting in front and rear fascia damage. Radiator support cracked. Police report filed at scene.",Standard verification complete. Estimates match third-party independent inspection. Documentation verified.
CLM-2024-00343,CUST-00858,POL-001361,Auto,2023-04-08,2023-05-06,28,High-Value Marine Equipment Loss,Major,52208.69,120000.0,0.4351,3000.0,17.4,Under Investigation,High,True,PHANTOM_LUXURY_BOAT_THEFT,Claimant alleges twin 350HP marine engines unbolted and removed from dry dock trailer overnight with no perimeter fence breaches or security footage. Claim amount matches maximum policy limit to the exact dollar. Title transfer completed only 3 weeks prior.,SIU Audit Triggered: Indicator matches PHANTOM_LUXURY_BOAT_THEFT. Significant inconsistencies in physical damage inspection vs reported narrative.
CLM-2024-00344,CUST-02645,POL-004211,Auto,2024-06-15,2024-06-24,9,Catalytic Converter & Component Theft,Minor,2489.83,120000.0,0.0207,3000.0,0.83,Under Investigation,Low,False,NONE,Vehicle parked overnight in commuter lot. Exhaust system severed cleanly beneath chassis and catalytic converter removed. Oxygen sensors stripped. Comprehensive theft claim submitted with police report number.,Standard verification complete. Estimates match third-party independent inspection. Documentation verified.
CLM-2024-00345,CUST-05435,POL-008608,Auto,2023-05-16,2023-05-27,11,Catalytic Converter & Component Theft,Minor,2328.91,100000.0,0.0233,750.0,3.11,Settled,Low,False,NONE,Vehicle parked overnight in commuter lot. Exhaust system severed cleanly beneath chassis and catalytic converter removed. Oxygen sensors stripped. Comprehensive theft claim submitted with police report number.,Standard verification complete. Estimates match third-party independent inspection. Documentation verified.
CLM-2024-00346,CUST-01033,POL-001656,Auto,2023-11-03,2023-11-07,4,Intersection T-Bone Impact,Major,41062.42,120000.0,0.3422,3000.0,13.69,Settled,Medium,False,NONE,Insured was proceeding on green light when a third-party vehicle failed to yield and impacted the passenger side. Significant structural intrusion along B-pillar and both passenger doors. Side curtain airbags deployed. Tow required.,Standard verification complete. Estimates match third-party independent inspection. Documentation verified.
CLM-2024-00347,CUST-02952,POL-004716,Fire,2023-06-18,2023-06-20,2,Electrical Fault Fire,Total Loss,62407.58,400000.0,0.156,350.0,178.31,Settled,Medium,False,NONE,Overheated breaker panel in basement initiated smoldering fire inside stud wall cavity. Flames traveled upward between floors before breaching living room drywall. Significant structural timber charring and complete electrical overhaul required.,Standard verification complete. Estimates match third-party independent inspection. Documentation verified.
CLM-2024-00348,CUST-03008,POL-004806,Auto,2023-08-11,2023-08-27,16,Rear-End Collision,Minor,2683.02,120000.0,0.0224,3000.0,0.89,Settled,Low,False,NONE,"Insured vehicle was struck from behind while stationary at a signalized intersection. Rear bumper crushed, trunk lid misaligned, and tail light assemblies shattered. Airbags did not deploy. Claimant reported minor neck stiffness.",Standard verification complete. Estimates match third-party independent inspection. Documentation verified.
CLM-2024-00349,CUST-07468,POL-011760,Auto,2023-11-19,2023-11-21,2,Intersection T-Bone Impact,Moderate,11372.99,120000.0,0.0948,3000.0,3.79,Settled,Low,False,NONE,"Broadside collision at uncontrolled intersection during heavy rain. Front quarter panel, suspension, and steering rack compromised. Vehicle deemed unsafe to drive and towed to certified repair facility.",Standard verification complete. Estimates match third-party independent inspection. Documentation verified.
CLM-2024-00350,CUST-09153,POL-014464,Auto,2023-10-19,2023-10-25,6,Rear-End Collision,Major,8315.61,120000.0,0.0693,3000.0,2.77,Settled,Low,False,NONE,"Vehicle was rear-ended in heavy stop-and-go highway traffic. Impact pushed vehicle into leading car, resulting in front and rear fascia damage. Radiator support cracked. Police report filed at scene.",Standard verification complete. Estimates match third-party independent inspection. Documentation verified.
CLM-2024-00351,CUST-01598,POL-002577,Fire,2023-02-25,2023-02-28,3,Kitchen Grease Fire,Major,37399.27,300000.0,0.1247,150.0,249.33,Settled,Medium,False,NONE,"Deep fryer flare-up caused flame spread to kitchen drywall. Heat blistering across ceiling joists. Structural fire damage contained to kitchen area, but substantial soot cleanup needed throughout residence.",Standard verification complete. Estimates match third-party independent inspection. Documentation verified.
CLM-2024-00352,CUST-05223,POL-008272,Caravan,2023-01-13,2023-01-23,10,Storm Hail and Tree Branch Impact,Moderate,11635.46,17500.0,0.6649,25.0,465.42,Settled,Low,False,NONE,"Severe thunderstorm brought 2-inch hail and fallen pine limb onto mobile home aluminum roof. Punctured roof membrane, shattered skylight, and caused interior water intrusion onto living area carpet.",Standard verification complete. Estimates match third-party independent inspection. Documentation verified.
CLM-2024-00353,CUST-05967,POL-009456,Fire,2023-06-26,2023-07-14,18,Electrical Fault Fire,Major,27708.93,400000.0,0.0693,350.0,79.17,Settled,Medium,False,NONE,Overheated breaker panel in basement initiated smoldering fire inside stud wall cavity. Flames traveled upward between floors before breaching living room drywall. Significant structural timber charring and complete electrical overhaul required.,Standard verification complete. Estimates match third-party independent inspection. Documentation verified.
CLM-2024-00354,CUST-00499,POL-000789,Auto,2024-02-12,2024-02-16,4,Single Vehicle Roadside Impact,Moderate,2318.99,120000.0,0.0193,3000.0,0.77,Settled,Low,False,NONE,Loss of traction on black ice caused vehicle to slide into concrete median barrier. Front subframe and wheel rim cracked. No injuries reported.,Standard verification complete. Estimates match third-party independent inspection. Documentation verified.
CLM-2024-00355,CUST-04877,POL-007704,Fire,2023-10-12,2023-10-16,4,Kitchen Grease Fire,Major,27508.2,400000.0,0.0688,350.0,78.59,Approved,Medium,False,NONE,"Unattended cooking oil ignited on stovetop, spreading rapidly to wooden cabinetry and exhaust hood. Fire department responded within 12 minutes. Heavy smoke damage throughout ground floor and water saturation across kitchen subflooring.",Standard verification complete. Estimates match third-party independent inspection. Documentation verified.
CLM-2024-00356,CUST-01666,POL-002683,Fire,2024-02-05,2024-03-08,32,Chimney / Fireplace Thermal Spread,Minor,8098.0,300000.0,0.027,150.0,53.99,Approved,Low,False,NONE,Creosote buildup in masonry chimney flue sparked internal combustion. Thermal crack allowed embers into attic insulation. Prompt response by local brigade prevented full roof ignition. Flue relining and attic decontamination required.,Standard verification complete. Estimates match third-party independent inspection. Documentation verified.
CLM-2024-00357,CUST-02438,POL-003870,Auto,2023-03-30,2023-03-31,1,Suspicious Multi-Party Collision,Major,65390.25,120000.0,0.5449,3000.0,21.8,Under Investigation,High,True,STAGED_COLLISION_RING,Insured vehicle alleged sudden brake event leading to rear collision with third-party vehicle occupied by 4 unbelted passengers. All occupants retained same legal counsel and clinic on same business day. Identical soft tissue injury claims submitted. Vehicle damage pattern inconsistent with described low-speed impact velocity.,Policy Inception Audit: High-severity claim filed immediately following policy coverage modification.
CLM-2024-00358,CUST-03451,POL-005487,Auto,2023-06-29,2023-07-24,25,Inflated Water Restoration,Major,85880.98,120000.0,0.7157,3000.0,28.63,Under Investigation,High,True,INFLATED_WATER_REPAIR,"Claim submitted for sudden pipe rupture in unoccupied guest wing. Restoration contractor billed 24 industrial air movers and 6 commercial dehumidifiers for 21 days continuously, exceeding standard mitigation duration by 400%. Demolition invoices include pre-existing renovation materials not damaged by water.",SIU Audit Triggered: Indicator matches INFLATED_WATER_REPAIR. Significant inconsistencies in physical damage inspection vs reported narrative.
CLM-2024-00359,CUST-06664,POL-010523,Auto,2023-12-22,2024-01-02,11,Single Vehicle Roadside Impact,Minor,3689.39,120000.0,0.0307,3000.0,1.23,Settled,Low,False,NONE,Loss of traction on black ice caused vehicle to slide into concrete median barrier. Front subframe and wheel rim cracked. No injuries reported.,Standard verification complete. Estimates match third-party independent inspection. Documentation verified.
CLM-2024-00360,CUST-03591,POL-005704,Fire,2023-01-31,2023-02-06,6,Electrical Fault Fire,Total Loss,72720.17,300000.0,0.2424,150.0,484.8,Under Investigation,Medium,False,NONE,Faulty space heater wiring ignited living room drapery while residents were asleep. Smoke detectors alerted occupants. Fire caused severe burn-through of roof rafters and extensive water damage from fire brigade hoses.,Standard verification complete. Estimates match third-party independent inspection. Documentation verified.
CLM-2024-00361,CUST-01480,POL-002388,Auto,2024-05-23,2024-05-30,7,Catalytic Converter & Component Theft,Moderate,2806.13,120000.0,0.0234,3000.0,0.94,Settled,Low,False,NONE,Vehicle parked overnight in commuter lot. Exhaust system severed cleanly beneath chassis and catalytic converter removed. Oxygen sensors stripped. Comprehensive theft claim submitted with police report number.,Standard verification complete. Estimates match third-party independent inspection. Documentation verified.
CLM-2024-00362,CUST-02667,POL-004260,Fire,2023-04-16,2023-04-17,1,Chimney / Fireplace Thermal Spread,Minor,2555.82,400000.0,0.0064,350.0,7.3,Approved,Low,False,NONE,Creosote buildup in masonry chimney flue sparked internal combustion. Thermal crack allowed embers into attic insulation. Prompt response by local brigade prevented full roof ignition. Flue relining and attic decontamination required.,Standard verification complete. Estimates match third-party independent inspection. Documentation verified.
CLM-2024-00363,CUST-06991,POL-011027,Caravan,2023-02-17,2023-03-01,12,High-Value Marine Equipment Loss,Moderate,6105.27,17500.0,0.3489,25.0,244.21,Under Investigation,Medium,True,PHANTOM_LUXURY_BOAT_THEFT,Claimant alleges twin 350HP marine engines unbolted and removed from dry dock trailer overnight with no perimeter fence breaches or security footage. Claim amount matches maximum policy limit to the exact dollar. Title transfer completed only 3 weeks prior.,Potential Billing Discrepancy: Itemized labor and parts estimates exceed regional peer averages by 25-40%.
CLM-2024-00364,CUST-00139,POL-000225,Fire,2024-03-05,2024-03-08,3,Kitchen Grease Fire,Major,53480.75,200000.0,0.2674,75.0,713.08,Settled,Medium,False,NONE,"Unattended cooking oil ignited on stovetop, spreading rapidly to wooden cabinetry and exhaust hood. Fire department responded within 12 minutes. Heavy smoke damage throughout ground floor and water saturation across kitchen subflooring.",Standard verification complete. Estimates match third-party independent inspection. Documentation verified.
CLM-2024-00365,CUST-09565,POL-015123,Auto,2024-01-17,2024-01-28,11,Suspicious Multi-Party Collision,Major,57684.59,120000.0,0.4807,3000.0,19.23,Under Investigation,High,True,STAGED_COLLISION_RING,Insured vehicle alleged sudden brake event leading to rear collision with third-party vehicle occupied by 4 unbelted passengers. All occupants retained same legal counsel and clinic on same business day. Identical soft tissue injury claims submitted. Vehicle damage pattern inconsistent with described low-speed impact velocity.,SIU Audit Triggered: Indicator matches STAGED_COLLISION_RING. Significant inconsistencies in physical damage inspection vs reported narrative.
CLM-2024-00366,CUST-01242,POL-001991,Auto,2023-02-17,2023-02-25,8,Catalytic Converter & Component Theft,Minor,2438.04,100000.0,0.0244,750.0,3.25,Settled,Low,False,NONE,"Insured discovered vehicle propped on cinder blocks in driveway with all four alloy wheels, tires, and brake assemblies stolen. Ground scuffs along rocker panels.",Standard verification complete. Estimates match third-party independent inspection. Documentation verified.
CLM-2024-00367,CUST-00687,POL-001085,Fire,2024-04-12,2024-04-26,14,Inflated Water Restoration,Major,159365.34,300000.0,0.5312,150.0,1062.44,Under Investigation,High,True,INFLATED_WATER_REPAIR,"Claim submitted for sudden pipe rupture in unoccupied guest wing. Restoration contractor billed 24 industrial air movers and 6 commercial dehumidifiers for 21 days continuously, exceeding standard mitigation duration by 400%. Demolition invoices include pre-existing renovation materials not damaged by water.",SIU Audit Triggered: Indicator matches INFLATED_WATER_REPAIR. Significant inconsistencies in physical damage inspection vs reported narrative.
CLM-2024-00368,CUST-07267,POL-011448,Auto,2023-09-06,2023-09-09,3,Catalytic Converter & Component Theft,Moderate,3560.76,120000.0,0.0297,3000.0,1.19,Approved,Low,False,NONE,"Insured discovered vehicle propped on cinder blocks in driveway with all four alloy wheels, tires, and brake assemblies stolen. Ground scuffs along rocker panels.",Standard verification complete. Estimates match third-party independent inspection. Documentation verified.
CLM-2024-00369,CUST-06766,POL-010675,Caravan,2023-09-09,2023-10-06,27,Storm Hail and Tree Branch Impact,Minor,5575.59,17500.0,0.3186,25.0,223.02,Settled,Low,False,NONE,High winds at holiday park caused awning detachment and side panel punctures. Water entered electrical breaker enclosure.,Standard verification complete. Estimates match third-party independent inspection. Documentation verified.
CLM-2024-00370,CUST-06559,POL-010365,Fire,2023-01-10,2023-01-12,2,Electrical Fault Fire,Major,130069.84,400000.0,0.3252,350.0,371.63,Settled,Medium,False,NONE,Faulty space heater wiring ignited living room drapery while residents were asleep. Smoke detectors alerted occupants. Fire caused severe burn-through of roof rafters and extensive water damage from fire brigade hoses.,Standard verification complete. Estimates match third-party independent inspection. Documentation verified.
CLM-2024-00371,CUST-06433,POL-010173,Fire,2023-09-01,2023-09-02,1,Electrical Fault Fire,Total Loss,67233.67,300000.0,0.2241,150.0,448.22,Settled,Medium,False,NONE,Overheated breaker panel in basement initiated smoldering fire inside stud wall cavity. Flames traveled upward between floors before breaching living room drywall. Significant structural timber charring and complete electrical overhaul required.,Standard verification complete. Estimates match third-party independent inspection. Documentation verified.
CLM-2024-00372,CUST-05000,POL-007910,Auto,2023-08-26,2023-08-31,5,High-Value Marine Equipment Loss,Major,48338.32,100000.0,0.4834,750.0,64.45,Under Investigation,High,True,PHANTOM_LUXURY_BOAT_THEFT,Claimant alleges twin 350HP marine engines unbolted and removed from dry dock trailer overnight with no perimeter fence breaches or security footage. Claim amount matches maximum policy limit to the exact dollar. Title transfer completed only 3 weeks prior.,Policy Inception Audit: High-severity claim filed immediately following policy coverage modification.
CLM-2024-00373,CUST-05175,POL-008197,Fire,2024-08-17,2024-09-03,17,Kitchen Grease Fire,Moderate,32447.1,400000.0,0.0811,350.0,92.71,Settled,Medium,False,NONE,"Deep fryer flare-up caused flame spread to kitchen drywall. Heat blistering across ceiling joists. Structural fire damage contained to kitchen area, but substantial soot cleanup needed throughout residence.",Standard verification complete. Estimates match third-party independent inspection. Documentation verified.
CLM-2024-00374,CUST-02503,POL-003977,Auto,2023-08-31,2023-09-03,3,Single Vehicle Roadside Impact,Moderate,3884.06,100000.0,0.0388,750.0,5.18,Approved,Low,False,NONE,Loss of traction on black ice caused vehicle to slide into concrete median barrier. Front subframe and wheel rim cracked. No injuries reported.,Standard verification complete. Estimates match third-party independent inspection. Documentation verified.
CLM-2024-00375,CUST-00462,POL-000745,Fire,2024-04-08,2024-04-09,1,Electrical Fault Fire,Major,25485.46,400000.0,0.0637,350.0,72.82,Approved,Medium,False,NONE,Overheated breaker panel in basement initiated smoldering fire inside stud wall cavity. Flames traveled upward between floors before breaching living room drywall. Significant structural timber charring and complete electrical overhaul required.,Standard verification complete. Estimates match third-party independent inspection. Documentation verified.
CLM-2024-00376,CUST-05329,POL-008454,Fire,2023-04-19,2023-05-26,37,High-Value Marine Equipment Loss,Major,324788.99,600000.0,0.5413,3000.0,108.26,Under Investigation,High,True,PHANTOM_LUXURY_BOAT_THEFT,Claimant alleges twin 350HP marine engines unbolted and removed from dry dock trailer overnight with no perimeter fence breaches or security footage. Claim amount matches maximum policy limit to the exact dollar. Title transfer completed only 3 weeks prior.,SIU Audit Triggered: Indicator matches PHANTOM_LUXURY_BOAT_THEFT. Significant inconsistencies in physical damage inspection vs reported narrative.
CLM-2024-00377,CUST-01618,POL-002612,Auto,2024-01-02,2024-01-06,4,Intersection T-Bone Impact,Major,47394.72,120000.0,0.395,3000.0,15.8,Settled,Medium,False,NONE,"Broadside collision at uncontrolled intersection during heavy rain. Front quarter panel, suspension, and steering rack compromised. Vehicle deemed unsafe to drive and towed to certified repair facility.",Standard verification complete. Estimates match third-party independent inspection. Documentation verified.
CLM-2024-00378,CUST-09484,POL-015007,Auto,2023-11-08,2023-11-22,14,Rear-End Collision,Minor,3892.34,120000.0,0.0324,3000.0,1.3,Under Investigation,Low,False,NONE,"Vehicle was rear-ended in heavy stop-and-go highway traffic. Impact pushed vehicle into leading car, resulting in front and rear fascia damage. Radiator support cracked. Police report filed at scene.",Standard verification complete. Estimates match third-party independent inspection. Documentation verified.
CLM-2024-00379,CUST-07804,POL-012323,Fire,2023-02-20,2023-02-25,5,Chimney / Fireplace Thermal Spread,Moderate,5986.02,300000.0,0.02,150.0,39.91,Open,Low,False,NONE,Creosote buildup in masonry chimney flue sparked internal combustion. Thermal crack allowed embers into attic insulation. Prompt response by local brigade prevented full roof ignition. Flue relining and attic decontamination required.,Standard verification complete. Estimates match third-party independent inspection. Documentation verified.
CLM-2024-00380,CUST-06202,POL-009837,Caravan,2024-07-23,2024-07-26,3,Storm Hail and Tree Branch Impact,Minor,7698.53,17500.0,0.4399,25.0,307.94,Settled,Low,False,NONE,High winds at holiday park caused awning detachment and side panel punctures. Water entered electrical breaker enclosure.,Standard verification complete. Estimates match third-party independent inspection. Documentation verified.
CLM-2024-00381,CUST-05026,POL-007950,Fire,2023-08-16,2023-09-07,22,High-Value Marine Equipment Loss,Major,170252.37,300000.0,0.5675,150.0,1135.02,Under Investigation,High,True,PHANTOM_LUXURY_BOAT_THEFT,Claimant alleges twin 350HP marine engines unbolted and removed from dry dock trailer overnight with no perimeter fence breaches or security footage. Claim amount matches maximum policy limit to the exact dollar. Title transfer completed only 3 weeks prior.,SIU Audit Triggered: Indicator matches PHANTOM_LUXURY_BOAT_THEFT. Significant inconsistencies in physical damage inspection vs reported narrative.
CLM-2024-00382,CUST-02629,POL-004178,Fire,2023-03-28,2023-03-31,3,Chimney / Fireplace Thermal Spread,Moderate,4889.14,125000.0,0.0391,25.0,195.57,Open,Low,False,NONE,Creosote buildup in masonry chimney flue sparked internal combustion. Thermal crack allowed embers into attic insulation. Prompt response by local brigade prevented full roof ignition. Flue relining and attic decontamination required.,Standard verification complete. Estimates match third-party independent inspection. Documentation verified.
CLM-2024-00383,CUST-07161,POL-011303,Fire,2023-05-12,2023-05-21,9,Kitchen Grease Fire,Major,264539.29,400000.0,0.6613,350.0,755.83,Settled,Medium,False,NONE,"Unattended cooking oil ignited on stovetop, spreading rapidly to wooden cabinetry and exhaust hood. Fire department responded within 12 minutes. Heavy smoke damage throughout ground floor and water saturation across kitchen subflooring.","Comprehensive field adjuster verification complete. Police report, independent surveyor report, and official repair bids on file. Verified genuine catastrophic loss."
CLM-2024-00384,CUST-04270,POL-006762,Fire,2024-02-09,2024-02-11,2,Electrical Fault Fire,Major,48512.78,400000.0,0.1213,350.0,138.61,Settled,Medium,False,NONE,Faulty space heater wiring ignited living room drapery while residents were asleep. Smoke detectors alerted occupants. Fire caused severe burn-through of roof rafters and extensive water damage from fire brigade hoses.,Standard verification complete. Estimates match third-party independent inspection. Documentation verified.
CLM-2024-00385,CUST-02095,POL-003348,Auto,2023-10-14,2023-10-19,5,Catalytic Converter & Component Theft,Minor,2230.08,100000.0,0.0223,750.0,2.97,Settled,Low,False,NONE,Vehicle parked overnight in commuter lot. Exhaust system severed cleanly beneath chassis and catalytic converter removed. Oxygen sensors stripped. Comprehensive theft claim submitted with police report number.,Standard verification complete. Estimates match third-party independent inspection. Documentation verified.
CLM-2024-00386,CUST-05916,POL-009377,Fire,2024-07-17,2024-07-21,4,Electrical Fault Fire,Major,39408.79,400000.0,0.0985,350.0,112.6,Settled,Medium,False,NONE,Overheated breaker panel in basement initiated smoldering fire inside stud wall cavity. Flames traveled upward between floors before breaching living room drywall. Significant structural timber charring and complete electrical overhaul required.,Standard verification complete. Estimates match third-party independent inspection. Documentation verified.
CLM-2024-00387,CUST-07335,POL-011551,Fire,2024-06-22,2024-06-25,3,Kitchen Grease Fire,Moderate,25020.7,400000.0,0.0626,350.0,71.49,Settled,Medium,False,NONE,"Deep fryer flare-up caused flame spread to kitchen drywall. Heat blistering across ceiling joists. Structural fire damage contained to kitchen area, but substantial soot cleanup needed throughout residence.",Standard verification complete. Estimates match third-party independent inspection. Documentation verified.
CLM-2024-00388,CUST-04029,POL-006375,Auto,2024-08-02,2024-08-24,22,Single Vehicle Roadside Impact,Moderate,3416.78,120000.0,0.0285,3000.0,1.14,Settled,Low,False,NONE,Loss of traction on black ice caused vehicle to slide into concrete median barrier. Front subframe and wheel rim cracked. No injuries reported.,Standard verification complete. Estimates match third-party independent inspection. Documentation verified.
CLM-2024-00389,CUST-09712,POL-015354,Auto,2023-10-15,2023-10-17,2,Rear-End Collision,Moderate,8281.98,120000.0,0.069,3000.0,2.76,Under Investigation,Low,False,NONE,"Vehicle was rear-ended in heavy stop-and-go highway traffic. Impact pushed vehicle into leading car, resulting in front and rear fascia damage. Radiator support cracked. Police report filed at scene.",Standard verification complete. Estimates match third-party independent inspection. Documentation verified.
CLM-2024-00390,CUST-08203,POL-012943,Auto,2023-09-04,2023-09-30,26,Suspicious Multi-Party Collision,Major,89258.69,120000.0,0.7438,3000.0,29.75,Under Investigation,High,True,STAGED_COLLISION_RING,Insured vehicle alleged sudden brake event leading to rear collision with third-party vehicle occupied by 4 unbelted passengers. All occupants retained same legal counsel and clinic on same business day. Identical soft tissue injury claims submitted. Vehicle damage pattern inconsistent with described low-speed impact velocity.,SIU Audit Triggered: Indicator matches STAGED_COLLISION_RING. Significant inconsistencies in physical damage inspection vs reported narrative.
CLM-2024-00391,CUST-05342,POL-008474,Fire,2024-08-12,2024-08-20,8,Electrical Fault Fire,Total Loss,124338.8,200000.0,0.6217,75.0,1657.85,Approved,Medium,False,NONE,Overheated breaker panel in basement initiated smoldering fire inside stud wall cavity. Flames traveled upward between floors before breaching living room drywall. Significant structural timber charring and complete electrical overhaul required.,Standard verification complete. Estimates match third-party independent inspection. Documentation verified.
CLM-2024-00392,CUST-05877,POL-009326,Auto,2023-01-29,2023-01-31,2,Single Vehicle Roadside Impact,Minor,4923.97,100000.0,0.0492,750.0,6.57,Under Investigation,Low,False,NONE,"Insured swerved to avoid crossing wildlife on unlit rural road, colliding with roadside guardrail. Damage concentrated on driver front bumper, headlight, and wheel arch. No other vehicles involved.",Standard verification complete. Estimates match third-party independent inspection. Documentation verified.
CLM-2024-00393,CUST-08371,POL-013219,Auto,2023-06-29,2023-07-03,4,Catalytic Converter & Component Theft,Minor,2135.29,100000.0,0.0214,750.0,2.85,Settled,Low,False,NONE,Vehicle parked overnight in commuter lot. Exhaust system severed cleanly beneath chassis and catalytic converter removed. Oxygen sensors stripped. Comprehensive theft claim submitted with police report number.,Standard verification complete. Estimates match third-party independent inspection. Documentation verified.
CLM-2024-00394,CUST-05276,POL-008364,Fire,2023-12-06,2023-12-13,7,Chimney / Fireplace Thermal Spread,Minor,4214.78,300000.0,0.014,150.0,28.1,Approved,Low,False,NONE,Creosote buildup in masonry chimney flue sparked internal combustion. Thermal crack allowed embers into attic insulation. Prompt response by local brigade prevented full roof ignition. Flue relining and attic decontamination required.,Standard verification complete. Estimates match third-party independent inspection. Documentation verified.
CLM-2024-00395,CUST-09769,POL-015454,Fire,2023-03-02,2023-03-06,4,Kitchen Grease Fire,Moderate,53316.81,400000.0,0.1333,350.0,152.33,Approved,Medium,False,NONE,"Unattended cooking oil ignited on stovetop, spreading rapidly to wooden cabinetry and exhaust hood. Fire department responded within 12 minutes. Heavy smoke damage throughout ground floor and water saturation across kitchen subflooring.",Standard verification complete. Estimates match third-party independent inspection. Documentation verified.
CLM-2024-00396,CUST-09084,POL-014355,Auto,2024-01-18,2024-01-20,2,Catalytic Converter & Component Theft,Minor,1223.76,120000.0,0.0102,3000.0,0.41,Settled,Low,False,NONE,"Insured discovered vehicle propped on cinder blocks in driveway with all four alloy wheels, tires, and brake assemblies stolen. Ground scuffs along rocker panels.",Standard verification complete. Estimates match third-party independent inspection. Documentation verified.
CLM-2024-00397,CUST-00755,POL-001183,Fire,2024-05-13,2024-05-14,1,Chimney / Fireplace Thermal Spread,Moderate,9956.75,300000.0,0.0332,150.0,66.38,Open,Low,False,NONE,Creosote buildup in masonry chimney flue sparked internal combustion. Thermal crack allowed embers into attic insulation. Prompt response by local brigade prevented full roof ignition. Flue relining and attic decontamination required.,Standard verification complete. Estimates match third-party independent inspection. Documentation verified.
CLM-2024-00398,CUST-03710,POL-005887,Fire,2024-01-01,2024-01-04,3,Kitchen Grease Fire,Moderate,41849.36,500000.0,0.0837,750.0,55.8,Settled,Medium,False,NONE,"Deep fryer flare-up caused flame spread to kitchen drywall. Heat blistering across ceiling joists. Structural fire damage contained to kitchen area, but substantial soot cleanup needed throughout residence.",Standard verification complete. Estimates match third-party independent inspection. Documentation verified.
CLM-2024-00399,CUST-03364,POL-005352,Auto,2024-08-09,2024-08-15,6,Catalytic Converter & Component Theft,Minor,2180.21,120000.0,0.0182,3000.0,0.73,Under Investigation,Low,False,NONE,Vehicle parked overnight in commuter lot. Exhaust system severed cleanly beneath chassis and catalytic converter removed. Oxygen sensors stripped. Comprehensive theft claim submitted with police report number.,Standard verification complete. Estimates match third-party independent inspection. Documentation verified.
CLM-2024-00400,CUST-00501,POL-000796,Fire,2024-08-02,2024-08-08,6,Kitchen Grease Fire,Major,19379.54,300000.0,0.0646,150.0,129.2,Settled,Medium,False,NONE,"Unattended cooking oil ignited on stovetop, spreading rapidly to wooden cabinetry and exhaust hood. Fire department responded within 12 minutes. Heavy smoke damage throughout ground floor and water saturation across kitchen subflooring.",Standard verification complete. Estimates match third-party independent inspection. Documentation verified.
CLM-2024-00401,CUST-01001,POL-001606,Fire,2023-04-01,2023-04-04,3,Chimney / Fireplace Thermal Spread,Moderate,5482.62,400000.0,0.0137,350.0,15.66,Approved,Low,False,NONE,Creosote buildup in masonry chimney flue sparked internal combustion. Thermal crack allowed embers into attic insulation. Prompt response by local brigade prevented full roof ignition. Flue relining and attic decontamination required.,Standard verification complete. Estimates match third-party independent inspection. Documentation verified.
CLM-2024-00402,CUST-05598,POL-008880,Auto,2023-04-21,2023-05-05,14,Rear-End Collision,Minor,2638.59,120000.0,0.022,3000.0,0.88,Settled,Low,False,NONE,"Vehicle was rear-ended in heavy stop-and-go highway traffic. Impact pushed vehicle into leading car, resulting in front and rear fascia damage. Radiator support cracked. Police report filed at scene.",Standard verification complete. Estimates match third-party independent inspection. Documentation verified.
CLM-2024-00403,CUST-05741,POL-009098,Caravan,2024-01-23,2024-02-17,25,Storm Hail and Tree Branch Impact,Moderate,13125.0,17500.0,0.75,25.0,525.0,Settled,Medium,False,NONE,"Severe thunderstorm brought 2-inch hail and fallen pine limb onto mobile home aluminum roof. Punctured roof membrane, shattered skylight, and caused interior water intrusion onto living area carpet.",Standard verification complete. Estimates match third-party independent inspection. Documentation verified.
CLM-2024-00404,CUST-06720,POL-010600,Auto,2023-08-19,2023-08-26,7,Intersection T-Bone Impact,Major,8398.3,100000.0,0.084,750.0,11.2,Settled,Low,False,NONE,Insured was proceeding on green light when a third-party vehicle failed to yield and impacted the passenger side. Significant structural intrusion along B-pillar and both passenger doors. Side curtain airbags deployed. Tow required.,Standard verification complete. Estimates match third-party independent inspection. Documentation verified.
CLM-2024-00405,CUST-08842,POL-013996,Auto,2023-04-18,2023-04-20,2,Rear-End Collision,Moderate,2297.05,120000.0,0.0191,3000.0,0.77,Settled,Low,False,NONE,"Insured vehicle was struck from behind while stationary at a signalized intersection. Rear bumper crushed, trunk lid misaligned, and tail light assemblies shattered. Airbags did not deploy. Claimant reported minor neck stiffness.",Standard verification complete. Estimates match third-party independent inspection. Documentation verified.
CLM-2024-00406,CUST-04269,POL-006758,Auto,2023-04-06,2023-04-08,2,Single Vehicle Roadside Impact,Moderate,7499.4,100000.0,0.075,750.0,10.0,Settled,Low,False,NONE,"Insured swerved to avoid crossing wildlife on unlit rural road, colliding with roadside guardrail. Damage concentrated on driver front bumper, headlight, and wheel arch. No other vehicles involved.",Standard verification complete. Estimates match third-party independent inspection. Documentation verified.
CLM-2024-00407,CUST-03441,POL-005476,Auto,2023-02-24,2023-03-12,16,Rear-End Collision,Moderate,4023.85,120000.0,0.0335,3000.0,1.34,Settled,Low,False,NONE,"Insured vehicle was struck from behind while stationary at a signalized intersection. Rear bumper crushed, trunk lid misaligned, and tail light assemblies shattered. Airbags did not deploy. Claimant reported minor neck stiffness.",Standard verification complete. Estimates match third-party independent inspection. Documentation verified.
CLM-2024-00408,CUST-02202,POL-003525,Auto,2024-07-07,2024-07-17,10,Single Vehicle Roadside Impact,Moderate,1956.59,120000.0,0.0163,3000.0,0.65,Settled,Low,False,NONE,Loss of traction on black ice caused vehicle to slide into concrete median barrier. Front subframe and wheel rim cracked. No injuries reported.,Standard verification complete. Estimates match third-party independent inspection. Documentation verified.
CLM-2024-00409,CUST-09676,POL-015296,Fire,2023-06-07,2023-06-10,3,Kitchen Grease Fire,Major,28726.12,400000.0,0.0718,350.0,82.07,Approved,Medium,False,NONE,"Unattended cooking oil ignited on stovetop, spreading rapidly to wooden cabinetry and exhaust hood. Fire department responded within 12 minutes. Heavy smoke damage throughout ground floor and water saturation across kitchen subflooring.",Standard verification complete. Estimates match third-party independent inspection. Documentation verified.
CLM-2024-00410,CUST-02780,POL-004431,Fire,2023-07-24,2023-07-25,1,Kitchen Grease Fire,Moderate,19046.17,300000.0,0.0635,150.0,126.97,Settled,Medium,False,NONE,"Unattended cooking oil ignited on stovetop, spreading rapidly to wooden cabinetry and exhaust hood. Fire department responded within 12 minutes. Heavy smoke damage throughout ground floor and water saturation across kitchen subflooring.",Standard verification complete. Estimates match third-party independent inspection. Documentation verified.
CLM-2024-00411,CUST-05084,POL-008038,Fire,2023-11-12,2023-11-17,5,Electrical Fault Fire,Total Loss,96572.48,400000.0,0.2414,350.0,275.92,Settled,Medium,False,NONE,Faulty space heater wiring ignited living room drapery while residents were asleep. Smoke detectors alerted occupants. Fire caused severe burn-through of roof rafters and extensive water damage from fire brigade hoses.,Standard verification complete. Estimates match third-party independent inspection. Documentation verified.
CLM-2024-00412,CUST-02707,POL-004323,Auto,2024-01-15,2024-01-23,8,Catalytic Converter & Component Theft,Moderate,2479.18,100000.0,0.0248,750.0,3.31,Settled,Low,False,NONE,Vehicle parked overnight in commuter lot. Exhaust system severed cleanly beneath chassis and catalytic converter removed. Oxygen sensors stripped. Comprehensive theft claim submitted with police report number.,Standard verification complete. Estimates match third-party independent inspection. Documentation verified.
CLM-2024-00413,CUST-00003,POL-000006,Fire,2023-10-03,2023-10-05,2,Chimney / Fireplace Thermal Spread,Minor,8558.6,200000.0,0.0428,75.0,114.11,Settled,Low,False,NONE,Creosote buildup in masonry chimney flue sparked internal combustion. Thermal crack allowed embers into attic insulation. Prompt response by local brigade prevented full roof ignition. Flue relining and attic decontamination required.,Standard verification complete. Estimates match third-party independent inspection. Documentation verified.
CLM-2024-00414,CUST-04665,POL-007387,Auto,2024-07-08,2024-07-24,16,Catalytic Converter & Component Theft,Minor,2352.64,120000.0,0.0196,3000.0,0.78,Settled,Low,False,NONE,Vehicle parked overnight in commuter lot. Exhaust system severed cleanly beneath chassis and catalytic converter removed. Oxygen sensors stripped. Comprehensive theft claim submitted with police report number.,Standard verification complete. Estimates match third-party independent inspection. Documentation verified.
CLM-2024-00415,CUST-04751,POL-007521,Fire,2024-05-01,2024-05-20,19,Chimney / Fireplace Thermal Spread,Minor,7447.53,200000.0,0.0372,75.0,99.3,Approved,Low,False,NONE,Creosote buildup in masonry chimney flue sparked internal combustion. Thermal crack allowed embers into attic insulation. Prompt response by local brigade prevented full roof ignition. Flue relining and attic decontamination required.,Standard verification complete. Estimates match third-party independent inspection. Documentation verified.
CLM-2024-00416,CUST-04355,POL-006893,Auto,2024-08-07,2024-08-08,1,Inflated Water Restoration,Moderate,81564.23,120000.0,0.6797,3000.0,27.19,Under Investigation,High,True,INFLATED_WATER_REPAIR,"Claim submitted for sudden pipe rupture in unoccupied guest wing. Restoration contractor billed 24 industrial air movers and 6 commercial dehumidifiers for 21 days continuously, exceeding standard mitigation duration by 400%. Demolition invoices include pre-existing renovation materials not damaged by water.",Policy Inception Audit: High-severity claim filed immediately following policy coverage modification.
CLM-2024-00417,CUST-00772,POL-001216,Auto,2023-06-21,2023-06-23,2,Intersection T-Bone Impact,Moderate,5617.32,120000.0,0.0468,3000.0,1.87,Approved,Low,False,NONE,Insured was proceeding on green light when a third-party vehicle failed to yield and impacted the passenger side. Significant structural intrusion along B-pillar and both passenger doors. Side curtain airbags deployed. Tow required.,Standard verification complete. Estimates match third-party independent inspection. Documentation verified.
CLM-2024-00418,CUST-08217,POL-012973,Auto,2023-06-01,2023-06-02,1,Single Vehicle Roadside Impact,Moderate,5610.91,120000.0,0.0468,3000.0,1.87,Settled,Low,False,NONE,"Insured swerved to avoid crossing wildlife on unlit rural road, colliding with roadside guardrail. Damage concentrated on driver front bumper, headlight, and wheel arch. No other vehicles involved.",Standard verification complete. Estimates match third-party independent inspection. Documentation verified.
CLM-2024-00419,CUST-06261,POL-009917,Fire,2024-06-16,2024-06-28,12,Electrical Fault Fire,Major,30692.64,400000.0,0.0767,350.0,87.69,Settled,Medium,False,NONE,Faulty space heater wiring ignited living room drapery while residents were asleep. Smoke detectors alerted occupants. Fire caused severe burn-through of roof rafters and extensive water damage from fire brigade hoses.,Standard verification complete. Estimates match third-party independent inspection. Documentation verified.
CLM-2024-00420,CUST-03705,POL-005881,Fire,2023-04-13,2023-04-15,2,Kitchen Grease Fire,Moderate,39850.25,400000.0,0.0996,350.0,113.86,Open,Medium,False,NONE,"Deep fryer flare-up caused flame spread to kitchen drywall. Heat blistering across ceiling joists. Structural fire damage contained to kitchen area, but substantial soot cleanup needed throughout residence.",Standard verification complete. Estimates match third-party independent inspection. Documentation verified.
CLM-2024-00421,CUST-06197,POL-009831,Auto,2024-05-12,2024-05-14,2,Catalytic Converter & Component Theft,Minor,1043.43,100000.0,0.0104,750.0,1.39,Settled,Low,False,NONE,Vehicle parked overnight in commuter lot. Exhaust system severed cleanly beneath chassis and catalytic converter removed. Oxygen sensors stripped. Comprehensive theft claim submitted with police report number.,Standard verification complete. Estimates match third-party independent inspection. Documentation verified.
CLM-2024-00422,CUST-06314,POL-009993,Fire,2023-02-09,2023-02-12,3,Electrical Fault Fire,Total Loss,199897.91,300000.0,0.6663,150.0,1332.65,Settled,Medium,False,NONE,Overheated breaker panel in basement initiated smoldering fire inside stud wall cavity. Flames traveled upward between floors before breaching living room drywall. Significant structural timber charring and complete electrical overhaul required.,"Comprehensive field adjuster verification complete. Police report, independent surveyor report, and official repair bids on file. Verified genuine catastrophic loss."
CLM-2024-00423,CUST-07157,POL-011296,Auto,2023-12-12,2023-12-16,4,Single Vehicle Roadside Impact,Moderate,7488.37,120000.0,0.0624,3000.0,2.5,Approved,Low,False,NONE,Loss of traction on black ice caused vehicle to slide into concrete median barrier. Front subframe and wheel rim cracked. No injuries reported.,Standard verification complete. Estimates match third-party independent inspection. Documentation verified.
CLM-2024-00424,CUST-06049,POL-009591,Auto,2023-08-22,2023-08-24,2,Intersection T-Bone Impact,Major,23337.3,120000.0,0.1945,3000.0,7.78,Approved,Medium,False,NONE,"Broadside collision at uncontrolled intersection during heavy rain. Front quarter panel, suspension, and steering rack compromised. Vehicle deemed unsafe to drive and towed to certified repair facility.",Standard verification complete. Estimates match third-party independent inspection. Documentation verified.
CLM-2024-00425,CUST-04006,POL-006330,Auto,2023-04-02,2023-04-12,10,Intersection T-Bone Impact,Major,18963.8,120000.0,0.158,3000.0,6.32,Settled,Medium,False,NONE,Insured was proceeding on green light when a third-party vehicle failed to yield and impacted the passenger side. Significant structural intrusion along B-pillar and both passenger doors. Side curtain airbags deployed. Tow required.,Standard verification complete. Estimates match third-party independent inspection. Documentation verified.
CLM-2024-00426,CUST-00551,POL-000881,Fire,2024-01-18,2024-01-19,1,Kitchen Grease Fire,Moderate,31304.38,300000.0,0.1043,150.0,208.7,Settled,Medium,False,NONE,"Unattended cooking oil ignited on stovetop, spreading rapidly to wooden cabinetry and exhaust hood. Fire department responded within 12 minutes. Heavy smoke damage throughout ground floor and water saturation across kitchen subflooring.",Standard verification complete. Estimates match third-party independent inspection. Documentation verified.
CLM-2024-00427,CUST-01484,POL-002397,Fire,2024-08-05,2024-08-06,1,Kitchen Grease Fire,Moderate,16331.58,400000.0,0.0408,350.0,46.66,Settled,Medium,False,NONE,"Unattended cooking oil ignited on stovetop, spreading rapidly to wooden cabinetry and exhaust hood. Fire department responded within 12 minutes. Heavy smoke damage throughout ground floor and water saturation across kitchen subflooring.",Standard verification complete. Estimates match third-party independent inspection. Documentation verified.
CLM-2024-00428,CUST-08820,POL-013948,Fire,2023-02-21,2023-02-22,1,Inflated Water Restoration,Major,178936.31,400000.0,0.4473,350.0,511.25,Under Investigation,High,True,INFLATED_WATER_REPAIR,"Claim submitted for sudden pipe rupture in unoccupied guest wing. Restoration contractor billed 24 industrial air movers and 6 commercial dehumidifiers for 21 days continuously, exceeding standard mitigation duration by 400%. Demolition invoices include pre-existing renovation materials not damaged by water.",Policy Inception Audit: High-severity claim filed immediately following policy coverage modification.
CLM-2024-00429,CUST-04245,POL-006725,Fire,2024-02-11,2024-02-24,13,Chimney / Fireplace Thermal Spread,Minor,8988.1,400000.0,0.0225,350.0,25.68,Settled,Low,False,NONE,Creosote buildup in masonry chimney flue sparked internal combustion. Thermal crack allowed embers into attic insulation. Prompt response by local brigade prevented full roof ignition. Flue relining and attic decontamination required.,Standard verification complete. Estimates match third-party independent inspection. Documentation verified.
CLM-2024-00430,CUST-07461,POL-011745,Fire,2024-04-30,2024-05-05,5,Chimney / Fireplace Thermal Spread,Moderate,16289.66,200000.0,0.0814,75.0,217.2,Approved,Medium,False,NONE,Creosote buildup in masonry chimney flue sparked internal combustion. Thermal crack allowed embers into attic insulation. Prompt response by local brigade prevented full roof ignition. Flue relining and attic decontamination required.,Standard verification complete. Estimates match third-party independent inspection. Documentation verified.
CLM-2024-00431,CUST-00731,POL-001155,Fire,2023-10-19,2023-10-22,3,Kitchen Grease Fire,Major,55817.25,200000.0,0.2791,75.0,744.23,Under Investigation,Medium,False,NONE,"Unattended cooking oil ignited on stovetop, spreading rapidly to wooden cabinetry and exhaust hood. Fire department responded within 12 minutes. Heavy smoke damage throughout ground floor and water saturation across kitchen subflooring.",Standard verification complete. Estimates match third-party independent inspection. Documentation verified.
CLM-2024-00432,CUST-04630,POL-007323,Fire,2023-08-19,2023-08-26,7,Chimney / Fireplace Thermal Spread,Minor,7721.82,400000.0,0.0193,350.0,22.06,Approved,Low,False,NONE,Creosote buildup in masonry chimney flue sparked internal combustion. Thermal crack allowed embers into attic insulation. Prompt response by local brigade prevented full roof ignition. Flue relining and attic decontamination required.,Standard verification complete. Estimates match third-party independent inspection. Documentation verified.
CLM-2024-00433,CUST-08541,POL-013513,Auto,2023-01-10,2023-01-13,3,Catalytic Converter & Component Theft,Minor,960.33,120000.0,0.008,3000.0,0.32,Settled,Low,False,NONE,Vehicle parked overnight in commuter lot. Exhaust system severed cleanly beneath chassis and catalytic converter removed. Oxygen sensors stripped. Comprehensive theft claim submitted with police report number.,Standard verification complete. Estimates match third-party independent inspection. Documentation verified.
CLM-2024-00434,CUST-07994,POL-012628,Fire,2023-11-09,2023-11-12,3,Chimney / Fireplace Thermal Spread,Moderate,13396.03,300000.0,0.0447,150.0,89.31,Settled,Medium,False,NONE,Creosote buildup in masonry chimney flue sparked internal combustion. Thermal crack allowed embers into attic insulation. Prompt response by local brigade prevented full roof ignition. Flue relining and attic decontamination required.,Standard verification complete. Estimates match third-party independent inspection. Documentation verified.
CLM-2024-00435,CUST-07459,POL-011740,Fire,2023-11-06,2023-11-10,4,Chimney / Fireplace Thermal Spread,Moderate,15502.33,400000.0,0.0388,350.0,44.29,Under Investigation,Medium,False,NONE,Creosote buildup in masonry chimney flue sparked internal combustion. Thermal crack allowed embers into attic insulation. Prompt response by local brigade prevented full roof ignition. Flue relining and attic decontamination required.,Standard verification complete. Estimates match third-party independent inspection. Documentation verified.
CLM-2024-00436,CUST-05304,POL-008407,Auto,2024-07-28,2024-08-08,11,Single Vehicle Roadside Impact,Moderate,3821.89,120000.0,0.0318,3000.0,1.27,Settled,Low,False,NONE,"Insured swerved to avoid crossing wildlife on unlit rural road, colliding with roadside guardrail. Damage concentrated on driver front bumper, headlight, and wheel arch. No other vehicles involved.",Standard verification complete. Estimates match third-party independent inspection. Documentation verified.
CLM-2024-00437,CUST-02530,POL-004023,Fire,2023-10-11,2023-10-17,6,Electrical Fault Fire,Total Loss,159476.02,300000.0,0.5316,150.0,1063.17,Open,Medium,False,NONE,Overheated breaker panel in basement initiated smoldering fire inside stud wall cavity. Flames traveled upward between floors before breaching living room drywall. Significant structural timber charring and complete electrical overhaul required.,Standard verification complete. Estimates match third-party independent inspection. Documentation verified.
CLM-2024-00438,CUST-01002,POL-001608,Fire,2024-02-18,2024-02-24,6,Chimney / Fireplace Thermal Spread,Moderate,12140.01,300000.0,0.0405,150.0,80.93,Under Investigation,Medium,False,NONE,Creosote buildup in masonry chimney flue sparked internal combustion. Thermal crack allowed embers into attic insulation. Prompt response by local brigade prevented full roof ignition. Flue relining and attic decontamination required.,Standard verification complete. Estimates match third-party independent inspection. Documentation verified.
CLM-2024-00439,CUST-06766,POL-010675,Caravan,2024-03-04,2024-03-05,1,Storm Hail and Tree Branch Impact,Moderate,13125.0,17500.0,0.75,25.0,525.0,Approved,Medium,False,NONE,"Severe thunderstorm brought 2-inch hail and fallen pine limb onto mobile home aluminum roof. Punctured roof membrane, shattered skylight, and caused interior water intrusion onto living area carpet.",Standard verification complete. Estimates match third-party independent inspection. Documentation verified.
CLM-2024-00440,CUST-01697,POL-002736,Fire,2023-08-16,2023-08-20,4,Chimney / Fireplace Thermal Spread,Moderate,16515.19,400000.0,0.0413,350.0,47.19,Approved,Medium,False,NONE,Creosote buildup in masonry chimney flue sparked internal combustion. Thermal crack allowed embers into attic insulation. Prompt response by local brigade prevented full roof ignition. Flue relining and attic decontamination required.,Standard verification complete. Estimates match third-party independent inspection. Documentation verified.
CLM-2024-00441,CUST-08237,POL-013003,Auto,2023-07-05,2023-07-08,3,Single Vehicle Roadside Impact,Minor,1821.82,100000.0,0.0182,750.0,2.43,Approved,Low,False,NONE,Loss of traction on black ice caused vehicle to slide into concrete median barrier. Front subframe and wheel rim cracked. No injuries reported.,Standard verification complete. Estimates match third-party independent inspection. Documentation verified.
CLM-2024-00442,CUST-01458,POL-002355,Auto,2023-07-07,2023-07-18,11,Single Vehicle Roadside Impact,Minor,5017.58,120000.0,0.0418,3000.0,1.67,Settled,Low,False,NONE,"Insured swerved to avoid crossing wildlife on unlit rural road, colliding with roadside guardrail. Damage concentrated on driver front bumper, headlight, and wheel arch. No other vehicles involved.",Standard verification complete. Estimates match third-party independent inspection. Documentation verified.
CLM-2024-00443,CUST-00945,POL-001511,Auto,2023-12-06,2023-12-09,3,Single Vehicle Roadside Impact,Moderate,2735.25,120000.0,0.0228,3000.0,0.91,Settled,Low,False,NONE,Loss of traction on black ice caused vehicle to slide into concrete median barrier. Front subframe and wheel rim cracked. No injuries reported.,Standard verification complete. Estimates match third-party independent inspection. Documentation verified.
CLM-2024-00444,CUST-00437,POL-000710,Fire,2024-08-17,2024-08-27,10,Chimney / Fireplace Thermal Spread,Minor,6151.27,300000.0,0.0205,150.0,41.01,Approved,Low,False,NONE,Creosote buildup in masonry chimney flue sparked internal combustion. Thermal crack allowed embers into attic insulation. Prompt response by local brigade prevented full roof ignition. Flue relining and attic decontamination required.,Standard verification complete. Estimates match third-party independent inspection. Documentation verified.
CLM-2024-00445,CUST-06991,POL-011026,Fire,2023-11-02,2023-11-05,3,Electrical Fault Fire,Major,54667.73,400000.0,0.1367,350.0,156.19,Settled,Medium,False,NONE,Overheated breaker panel in basement initiated smoldering fire inside stud wall cavity. Flames traveled upward between floors before breaching living room drywall. Significant structural timber charring and complete electrical overhaul required.,Standard verification complete. Estimates match third-party independent inspection. Documentation verified.
CLM-2024-00446,CUST-04678,POL-007409,Auto,2024-04-13,2024-04-16,3,Intersection T-Bone Impact,Major,30616.64,120000.0,0.2551,3000.0,10.21,Settled,Medium,False,NONE,Insured was proceeding on green light when a third-party vehicle failed to yield and impacted the passenger side. Significant structural intrusion along B-pillar and both passenger doors. Side curtain airbags deployed. Tow required.,Standard verification complete. Estimates match third-party independent inspection. Documentation verified.
CLM-2024-00447,CUST-00484,POL-000774,Fire,2023-03-01,2023-03-05,4,Kitchen Grease Fire,Major,55104.04,400000.0,0.1378,350.0,157.44,Settled,Medium,False,NONE,"Deep fryer flare-up caused flame spread to kitchen drywall. Heat blistering across ceiling joists. Structural fire damage contained to kitchen area, but substantial soot cleanup needed throughout residence.",Standard verification complete. Estimates match third-party independent inspection. Documentation verified.
CLM-2024-00448,CUST-03262,POL-005213,Fire,2023-04-01,2023-04-08,7,Kitchen Grease Fire,Major,61611.22,400000.0,0.154,350.0,176.03,Settled,Medium,False,NONE,"Deep fryer flare-up caused flame spread to kitchen drywall. Heat blistering across ceiling joists. Structural fire damage contained to kitchen area, but substantial soot cleanup needed throughout residence.",Standard verification complete. Estimates match third-party independent inspection. Documentation verified.
CLM-2024-00449,CUST-06620,POL-010453,Auto,2023-07-24,2023-09-02,40,Suspicious Multi-Party Collision,Major,25955.46,120000.0,0.2163,3000.0,8.65,Settled,High,True,STAGED_COLLISION_RING,Insured vehicle alleged sudden brake event leading to rear collision with third-party vehicle occupied by 4 unbelted passengers. All occupants retained same legal counsel and clinic on same business day. Identical soft tissue injury claims submitted. Vehicle damage pattern inconsistent with described low-speed impact velocity.,Potential Billing Discrepancy: Itemized labor and parts estimates exceed regional peer averages by 25-40%.
CLM-2024-00450,CUST-02967,POL-004737,Fire,2023-01-05,2023-01-21,16,Chimney / Fireplace Thermal Spread,Minor,5700.19,600000.0,0.0095,3000.0,1.9,Settled,Low,False,NONE,Creosote buildup in masonry chimney flue sparked internal combustion. Thermal crack allowed embers into attic insulation. Prompt response by local brigade prevented full roof ignition. Flue relining and attic decontamination required.,Standard verification complete. Estimates match third-party independent inspection. Documentation verified.
CLM-2024-00451,CUST-03639,POL-005784,Auto,2023-11-10,2023-11-16,6,Intersection T-Bone Impact,Moderate,11984.67,100000.0,0.1198,750.0,15.98,Approved,Low,False,NONE,Insured was proceeding on green light when a third-party vehicle failed to yield and impacted the passenger side. Significant structural intrusion along B-pillar and both passenger doors. Side curtain airbags deployed. Tow required.,Standard verification complete. Estimates match third-party independent inspection. Documentation verified.
CLM-2024-00452,CUST-08631,POL-013657,Auto,2023-12-12,2023-12-15,3,Catalytic Converter & Component Theft,Minor,1769.64,120000.0,0.0147,3000.0,0.59,Approved,Low,False,NONE,"Insured discovered vehicle propped on cinder blocks in driveway with all four alloy wheels, tires, and brake assemblies stolen. Ground scuffs along rocker panels.",Standard verification complete. Estimates match third-party independent inspection. Documentation verified.
CLM-2024-00453,CUST-00505,POL-000805,Auto,2024-02-18,2024-02-20,2,Rear-End Collision,Minor,1392.52,120000.0,0.0116,3000.0,0.46,Approved,Low,False,NONE,"Insured vehicle was struck from behind while stationary at a signalized intersection. Rear bumper crushed, trunk lid misaligned, and tail light assemblies shattered. Airbags did not deploy. Claimant reported minor neck stiffness.",Standard verification complete. Estimates match third-party independent inspection. Documentation verified.
CLM-2024-00454,CUST-06233,POL-009882,Fire,2023-06-23,2023-07-02,9,Kitchen Grease Fire,Major,51109.11,300000.0,0.1704,150.0,340.73,Approved,Medium,False,NONE,"Unattended cooking oil ignited on stovetop, spreading rapidly to wooden cabinetry and exhaust hood. Fire department responded within 12 minutes. Heavy smoke damage throughout ground floor and water saturation across kitchen subflooring.",Standard verification complete. Estimates match third-party independent inspection. Documentation verified.
CLM-2024-00455,CUST-09330,POL-014779,Fire,2023-02-19,2023-02-22,3,Chimney / Fireplace Thermal Spread,Minor,2759.25,600000.0,0.0046,3000.0,0.92,Settled,Low,False,NONE,Creosote buildup in masonry chimney flue sparked internal combustion. Thermal crack allowed embers into attic insulation. Prompt response by local brigade prevented full roof ignition. Flue relining and attic decontamination required.,Standard verification complete. Estimates match third-party independent inspection. Documentation verified.
CLM-2024-00456,CUST-07295,POL-011494,Auto,2023-09-16,2023-09-30,14,Catalytic Converter & Component Theft,Minor,1772.51,120000.0,0.0148,3000.0,0.59,Settled,Low,False,NONE,Vehicle parked overnight in commuter lot. Exhaust system severed cleanly beneath chassis and catalytic converter removed. Oxygen sensors stripped. Comprehensive theft claim submitted with police report number.,Standard verification complete. Estimates match third-party independent inspection. Documentation verified.
CLM-2024-00457,CUST-02798,POL-004460,Boat,2024-06-16,2024-06-20,4,Marina Slip Docking Collision,Minor,2192.47,128000.0,0.0171,350.0,6.26,Approved,Low,False,NONE,Sudden wind squall during docking approach threw stern into concrete piling. Swim platform shattered and rub-rail detached. Port transom fiberglass fractured above waterline.,Standard verification complete. Estimates match third-party independent inspection. Documentation verified.
CLM-2024-00458,CUST-03802,POL-006027,Auto,2023-04-27,2023-05-09,12,High-Value Marine Equipment Loss,Moderate,23678.63,120000.0,0.1973,3000.0,7.89,Open,High,True,PHANTOM_LUXURY_BOAT_THEFT,Claimant alleges twin 350HP marine engines unbolted and removed from dry dock trailer overnight with no perimeter fence breaches or security footage. Claim amount matches maximum policy limit to the exact dollar. Title transfer completed only 3 weeks prior.,Potential Billing Discrepancy: Itemized labor and parts estimates exceed regional peer averages by 25-40%.
CLM-2024-00459,CUST-01472,POL-002376,Fire,2023-07-26,2023-08-03,8,Electrical Fault Fire,Total Loss,127655.76,400000.0,0.3191,350.0,364.73,Open,Medium,False,NONE,Faulty space heater wiring ignited living room drapery while residents were asleep. Smoke detectors alerted occupants. Fire caused severe burn-through of roof rafters and extensive water damage from fire brigade hoses.,Standard verification complete. Estimates match third-party independent inspection. Documentation verified.
CLM-2024-00460,CUST-03108,POL-004972,Auto,2024-05-07,2024-05-09,2,Single Vehicle Roadside Impact,Minor,1197.35,120000.0,0.01,3000.0,0.4,Settled,Low,False,NONE,"Insured swerved to avoid crossing wildlife on unlit rural road, colliding with roadside guardrail. Damage concentrated on driver front bumper, headlight, and wheel arch. No other vehicles involved.",Standard verification complete. Estimates match third-party independent inspection. Documentation verified.
CLM-2024-00461,CUST-06477,POL-010240,Fire,2024-05-20,2024-05-23,3,Kitchen Grease Fire,Moderate,10455.63,300000.0,0.0349,150.0,69.7,Settled,Low,False,NONE,"Unattended cooking oil ignited on stovetop, spreading rapidly to wooden cabinetry and exhaust hood. Fire department responded within 12 minutes. Heavy smoke damage throughout ground floor and water saturation across kitchen subflooring.",Standard verification complete. Estimates match third-party independent inspection. Documentation verified.
CLM-2024-00462,CUST-02448,POL-003885,Auto,2023-10-31,2023-11-03,3,Single Vehicle Roadside Impact,Moderate,3762.09,120000.0,0.0314,3000.0,1.25,Settled,Low,False,NONE,"Insured swerved to avoid crossing wildlife on unlit rural road, colliding with roadside guardrail. Damage concentrated on driver front bumper, headlight, and wheel arch. No other vehicles involved.",Standard verification complete. Estimates match third-party independent inspection. Documentation verified.
CLM-2024-00463,CUST-08444,POL-013329,Auto,2023-11-17,2023-11-20,3,Catalytic Converter & Component Theft,Minor,2209.59,120000.0,0.0184,3000.0,0.74,Settled,Low,False,NONE,Vehicle parked overnight in commuter lot. Exhaust system severed cleanly beneath chassis and catalytic converter removed. Oxygen sensors stripped. Comprehensive theft claim submitted with police report number.,Standard verification complete. Estimates match third-party independent inspection. Documentation verified.
CLM-2024-00464,CUST-04636,POL-007339,Auto,2023-06-24,2023-06-28,4,Single Vehicle Roadside Impact,Moderate,3630.76,100000.0,0.0363,750.0,4.84,Approved,Low,False,NONE,Loss of traction on black ice caused vehicle to slide into concrete median barrier. Front subframe and wheel rim cracked. No injuries reported.,Standard verification complete. Estimates match third-party independent inspection. Documentation verified.
CLM-2024-00465,CUST-01886,POL-003020,Auto,2023-12-17,2023-12-21,4,Intersection T-Bone Impact,Moderate,16464.17,100000.0,0.1646,750.0,21.95,Approved,Medium,False,NONE,"Broadside collision at uncontrolled intersection during heavy rain. Front quarter panel, suspension, and steering rack compromised. Vehicle deemed unsafe to drive and towed to certified repair facility.",Standard verification complete. Estimates match third-party independent inspection. Documentation verified.
CLM-2024-00466,CUST-09309,POL-014744,Fire,2024-05-04,2024-05-13,9,Electrical Fault Fire,Major,142995.6,400000.0,0.3575,350.0,408.56,Under Investigation,Medium,False,NONE,Overheated breaker panel in basement initiated smoldering fire inside stud wall cavity. Flames traveled upward between floors before breaching living room drywall. Significant structural timber charring and complete electrical overhaul required.,Standard verification complete. Estimates match third-party independent inspection. Documentation verified.
CLM-2024-00467,CUST-05879,POL-009329,Fire,2023-04-17,2023-05-10,23,Electrical Fault Fire,Total Loss,113288.1,400000.0,0.2832,350.0,323.68,Settled,Medium,False,NONE,Faulty space heater wiring ignited living room drapery while residents were asleep. Smoke detectors alerted occupants. Fire caused severe burn-through of roof rafters and extensive water damage from fire brigade hoses.,Standard verification complete. Estimates match third-party independent inspection. Documentation verified.
CLM-2024-00468,CUST-02193,POL-003508,Auto,2023-05-14,2023-06-28,45,High-Value Marine Equipment Loss,Moderate,27968.95,120000.0,0.2331,3000.0,9.32,Open,High,True,PHANTOM_LUXURY_BOAT_THEFT,Claimant alleges twin 350HP marine engines unbolted and removed from dry dock trailer overnight with no perimeter fence breaches or security footage. Claim amount matches maximum policy limit to the exact dollar. Title transfer completed only 3 weeks prior.,Potential Billing Discrepancy: Itemized labor and parts estimates exceed regional peer averages by 25-40%.
CLM-2024-00469,CUST-05762,POL-009140,Fire,2023-09-25,2023-09-30,5,Suspicious Multi-Party Collision,Moderate,29359.59,300000.0,0.0979,150.0,195.73,Settled,High,True,STAGED_COLLISION_RING,Insured vehicle alleged sudden brake event leading to rear collision with third-party vehicle occupied by 4 unbelted passengers. All occupants retained same legal counsel and clinic on same business day. Identical soft tissue injury claims submitted. Vehicle damage pattern inconsistent with described low-speed impact velocity.,Potential Billing Discrepancy: Itemized labor and parts estimates exceed regional peer averages by 25-40%.
CLM-2024-00470,CUST-08771,POL-013883,Fire,2024-06-15,2024-07-08,23,Chimney / Fireplace Thermal Spread,Minor,4231.97,300000.0,0.0141,150.0,28.21,Settled,Low,False,NONE,Creosote buildup in masonry chimney flue sparked internal combustion. Thermal crack allowed embers into attic insulation. Prompt response by local brigade prevented full roof ignition. Flue relining and attic decontamination required.,Standard verification complete. Estimates match third-party independent inspection. Documentation verified.
CLM-2024-00471,CUST-06637,POL-010477,Fire,2024-01-30,2024-02-03,4,Kitchen Grease Fire,Moderate,13972.02,400000.0,0.0349,350.0,39.92,Approved,Medium,False,NONE,"Unattended cooking oil ignited on stovetop, spreading rapidly to wooden cabinetry and exhaust hood. Fire department responded within 12 minutes. Heavy smoke damage throughout ground floor and water saturation across kitchen subflooring.",Standard verification complete. Estimates match third-party independent inspection. Documentation verified.
CLM-2024-00472,CUST-08891,POL-014052,Caravan,2023-06-19,2023-06-23,4,Storm Hail and Tree Branch Impact,Moderate,13125.0,17500.0,0.75,25.0,525.0,Settled,Medium,False,NONE,High winds at holiday park caused awning detachment and side panel punctures. Water entered electrical breaker enclosure.,Standard verification complete. Estimates match third-party independent inspection. Documentation verified.
CLM-2024-00473,CUST-03997,POL-006310,Fire,2024-01-23,2024-01-26,3,Electrical Fault Fire,Major,151212.48,300000.0,0.504,150.0,1008.08,Settled,Medium,False,NONE,Overheated breaker panel in basement initiated smoldering fire inside stud wall cavity. Flames traveled upward between floors before breaching living room drywall. Significant structural timber charring and complete electrical overhaul required.,Standard verification complete. Estimates match third-party independent inspection. Documentation verified.
CLM-2024-00474,CUST-09157,POL-014469,Auto,2024-04-02,2024-04-05,3,Single Vehicle Roadside Impact,Minor,1276.38,100000.0,0.0128,750.0,1.7,Settled,Low,False,NONE,Loss of traction on black ice caused vehicle to slide into concrete median barrier. Front subframe and wheel rim cracked. No injuries reported.,Standard verification complete. Estimates match third-party independent inspection. Documentation verified.
CLM-2024-00475,CUST-05242,POL-008310,Fire,2024-07-16,2024-09-15,61,Suspicious Multi-Party Collision,Major,302520.99,400000.0,0.7563,350.0,864.35,Under Investigation,High,True,STAGED_COLLISION_RING,Insured vehicle alleged sudden brake event leading to rear collision with third-party vehicle occupied by 4 unbelted passengers. All occupants retained same legal counsel and clinic on same business day. Identical soft tissue injury claims submitted. Vehicle damage pattern inconsistent with described low-speed impact velocity.,SIU Audit Triggered: Indicator matches STAGED_COLLISION_RING. Significant inconsistencies in physical damage inspection vs reported narrative.
CLM-2024-00476,CUST-05926,POL-009393,Auto,2023-11-08,2023-11-11,3,Intersection T-Bone Impact,Total Loss,33562.04,100000.0,0.3356,750.0,44.75,Settled,Medium,False,NONE,"Broadside collision at uncontrolled intersection during heavy rain. Front quarter panel, suspension, and steering rack compromised. Vehicle deemed unsafe to drive and towed to certified repair facility.",Standard verification complete. Estimates match third-party independent inspection. Documentation verified.
CLM-2024-00477,CUST-02539,POL-004039,Fire,2024-04-10,2024-04-17,7,Electrical Fault Fire,Total Loss,74228.92,200000.0,0.3711,75.0,989.72,Approved,Medium,False,NONE,Faulty space heater wiring ignited living room drapery while residents were asleep. Smoke detectors alerted occupants. Fire caused severe burn-through of roof rafters and extensive water damage from fire brigade hoses.,Standard verification complete. Estimates match third-party independent inspection. Documentation verified.
CLM-2024-00478,CUST-06609,POL-010433,Auto,2023-12-16,2023-12-19,3,Single Vehicle Roadside Impact,Moderate,2409.2,120000.0,0.0201,3000.0,0.8,Settled,Low,False,NONE,Loss of traction on black ice caused vehicle to slide into concrete median barrier. Front subframe and wheel rim cracked. No injuries reported.,Standard verification complete. Estimates match third-party independent inspection. Documentation verified.
CLM-2024-00479,CUST-06148,POL-009746,Auto,2024-02-24,2024-02-25,1,Rear-End Collision,Moderate,7396.25,120000.0,0.0616,3000.0,2.47,Settled,Low,False,NONE,"Insured vehicle was struck from behind while stationary at a signalized intersection. Rear bumper crushed, trunk lid misaligned, and tail light assemblies shattered. Airbags did not deploy. Claimant reported minor neck stiffness.",Standard verification complete. Estimates match third-party independent inspection. Documentation verified.
CLM-2024-00480,CUST-02201,POL-003523,Auto,2023-07-15,2023-07-21,6,Single Vehicle Roadside Impact,Minor,4842.63,120000.0,0.0404,3000.0,1.61,Approved,Low,False,NONE,Loss of traction on black ice caused vehicle to slide into concrete median barrier. Front subframe and wheel rim cracked. No injuries reported.,Standard verification complete. Estimates match third-party independent inspection. Documentation verified.
CLM-2024-00481,CUST-08767,POL-013877,Fire,2024-04-06,2024-04-07,1,Electrical Fault Fire,Major,227302.46,300000.0,0.7577,150.0,1515.35,Settled,Medium,False,NONE,Faulty space heater wiring ignited living room drapery while residents were asleep. Smoke detectors alerted occupants. Fire caused severe burn-through of roof rafters and extensive water damage from fire brigade hoses.,"Comprehensive field adjuster verification complete. Police report, independent surveyor report, and official repair bids on file. Verified genuine catastrophic loss."
CLM-2024-00482,CUST-09806,POL-015512,Auto,2024-08-22,2024-08-30,8,Catalytic Converter & Component Theft,Minor,1097.47,120000.0,0.0091,3000.0,0.37,Settled,Low,False,NONE,Vehicle parked overnight in commuter lot. Exhaust system severed cleanly beneath chassis and catalytic converter removed. Oxygen sensors stripped. Comprehensive theft claim submitted with police report number.,Standard verification complete. Estimates match third-party independent inspection. Documentation verified.
CLM-2024-00483,CUST-08239,POL-013008,Auto,2023-11-26,2023-11-27,1,Catalytic Converter & Component Theft,Moderate,4213.42,120000.0,0.0351,3000.0,1.4,Under Investigation,Low,False,NONE,Vehicle parked overnight in commuter lot. Exhaust system severed cleanly beneath chassis and catalytic converter removed. Oxygen sensors stripped. Comprehensive theft claim submitted with police report number.,Standard verification complete. Estimates match third-party independent inspection. Documentation verified.
CLM-2024-00484,CUST-08526,POL-013485,Auto,2023-05-17,2023-06-03,17,Intersection T-Bone Impact,Major,24571.12,120000.0,0.2048,3000.0,8.19,Settled,Medium,False,NONE,"Broadside collision at uncontrolled intersection during heavy rain. Front quarter panel, suspension, and steering rack compromised. Vehicle deemed unsafe to drive and towed to certified repair facility.",Standard verification complete. Estimates match third-party independent inspection. Documentation verified.
CLM-2024-00485,CUST-04129,POL-006537,Fire,2024-07-20,2024-07-24,4,Chimney / Fireplace Thermal Spread,Minor,7157.54,400000.0,0.0179,350.0,20.45,Approved,Low,False,NONE,Creosote buildup in masonry chimney flue sparked internal combustion. Thermal crack allowed embers into attic insulation. Prompt response by local brigade prevented full roof ignition. Flue relining and attic decontamination required.,Standard verification complete. Estimates match third-party independent inspection. Documentation verified.
CLM-2024-00486,CUST-02531,POL-004025,Fire,2023-05-16,2023-05-19,3,Chimney / Fireplace Thermal Spread,Minor,10678.94,200000.0,0.0534,75.0,142.39,Settled,Low,False,NONE,Creosote buildup in masonry chimney flue sparked internal combustion. Thermal crack allowed embers into attic insulation. Prompt response by local brigade prevented full roof ignition. Flue relining and attic decontamination required.,Standard verification complete. Estimates match third-party independent inspection. Documentation verified.
CLM-2024-00487,CUST-07644,POL-012054,Caravan,2024-03-03,2024-03-07,4,Storm Hail and Tree Branch Impact,Moderate,3023.42,17500.0,0.1728,25.0,120.94,Settled,Low,False,NONE,"Severe thunderstorm brought 2-inch hail and fallen pine limb onto mobile home aluminum roof. Punctured roof membrane, shattered skylight, and caused interior water intrusion onto living area carpet.",Standard verification complete. Estimates match third-party independent inspection. Documentation verified.
CLM-2024-00488,CUST-05239,POL-008307,Fire,2023-07-24,2023-08-04,11,Electrical Fault Fire,Major,42943.24,125000.0,0.3435,25.0,1717.73,Settled,Medium,False,NONE,Faulty space heater wiring ignited living room drapery while residents were asleep. Smoke detectors alerted occupants. Fire caused severe burn-through of roof rafters and extensive water damage from fire brigade hoses.,Standard verification complete. Estimates match third-party independent inspection. Documentation verified.
CLM-2024-00489,CUST-08139,POL-012840,Auto,2023-07-28,2023-07-31,3,Rear-End Collision,Moderate,6523.73,120000.0,0.0544,3000.0,2.17,Approved,Low,False,NONE,"Vehicle was rear-ended in heavy stop-and-go highway traffic. Impact pushed vehicle into leading car, resulting in front and rear fascia damage. Radiator support cracked. Police report filed at scene.",Standard verification complete. Estimates match third-party independent inspection. Documentation verified.
CLM-2024-00490,CUST-05610,POL-008894,Auto,2024-07-28,2024-07-30,2,Catalytic Converter & Component Theft,Minor,1027.82,120000.0,0.0086,3000.0,0.34,Settled,Low,False,NONE,"Insured discovered vehicle propped on cinder blocks in driveway with all four alloy wheels, tires, and brake assemblies stolen. Ground scuffs along rocker panels.",Standard verification complete. Estimates match third-party independent inspection. Documentation verified.
CLM-2024-00491,CUST-00753,POL-001181,Auto,2023-11-17,2023-11-21,4,Rear-End Collision,Minor,4102.24,120000.0,0.0342,3000.0,1.37,Approved,Low,False,NONE,"Vehicle was rear-ended in heavy stop-and-go highway traffic. Impact pushed vehicle into leading car, resulting in front and rear fascia damage. Radiator support cracked. Police report filed at scene.",Standard verification complete. Estimates match third-party independent inspection. Documentation verified.
CLM-2024-00492,CUST-01480,POL-002389,Fire,2023-08-19,2023-08-20,1,Chimney / Fireplace Thermal Spread,Moderate,17778.78,400000.0,0.0444,350.0,50.8,Settled,Medium,False,NONE,Creosote buildup in masonry chimney flue sparked internal combustion. Thermal crack allowed embers into attic insulation. Prompt response by local brigade prevented full roof ignition. Flue relining and attic decontamination required.,Standard verification complete. Estimates match third-party independent inspection. Documentation verified.
CLM-2024-00493,CUST-09039,POL-014286,Auto,2023-03-18,2023-03-21,3,Intersection T-Bone Impact,Moderate,14143.11,120000.0,0.1179,3000.0,4.71,Settled,Medium,False,NONE,Insured was proceeding on green light when a third-party vehicle failed to yield and impacted the passenger side. Significant structural intrusion along B-pillar and both passenger doors. Side curtain airbags deployed. Tow required.,Standard verification complete. Estimates match third-party independent inspection. Documentation verified.
CLM-2024-00494,CUST-06079,POL-009641,Fire,2024-08-21,2024-08-27,6,Electrical Fault Fire,Major,95583.15,200000.0,0.4779,75.0,1274.44,Settled,Medium,False,NONE,Faulty space heater wiring ignited living room drapery while residents were asleep. Smoke detectors alerted occupants. Fire caused severe burn-through of roof rafters and extensive water damage from fire brigade hoses.,Standard verification complete. Estimates match third-party independent inspection. Documentation verified.
CLM-2024-00495,CUST-02149,POL-003433,Fire,2023-02-22,2023-02-23,1,Chimney / Fireplace Thermal Spread,Moderate,15733.27,400000.0,0.0393,350.0,44.95,Settled,Medium,False,NONE,Creosote buildup in masonry chimney flue sparked internal combustion. Thermal crack allowed embers into attic insulation. Prompt response by local brigade prevented full roof ignition. Flue relining and attic decontamination required.,Standard verification complete. Estimates match third-party independent inspection. Documentation verified.
CLM-2024-00496,CUST-08712,POL-013792,Auto,2024-06-22,2024-06-25,3,Intersection T-Bone Impact,Moderate,5131.69,100000.0,0.0513,750.0,6.84,Settled,Low,False,NONE,Insured was proceeding on green light when a third-party vehicle failed to yield and impacted the passenger side. Significant structural intrusion along B-pillar and both passenger doors. Side curtain airbags deployed. Tow required.,Standard verification complete. Estimates match third-party independent inspection. Documentation verified.
CLM-2024-00497,CUST-03580,POL-005682,Fire,2023-12-24,2023-12-25,1,Kitchen Grease Fire,Moderate,26376.49,300000.0,0.0879,150.0,175.84,Open,Medium,False,NONE,"Deep fryer flare-up caused flame spread to kitchen drywall. Heat blistering across ceiling joists. Structural fire damage contained to kitchen area, but substantial soot cleanup needed throughout residence.",Standard verification complete. Estimates match third-party independent inspection. Documentation verified.
CLM-2024-00498,CUST-04512,POL-007156,Auto,2024-05-01,2024-05-03,2,Rear-End Collision,Minor,5495.62,120000.0,0.0458,3000.0,1.83,Settled,Low,False,NONE,"Vehicle was rear-ended in heavy stop-and-go highway traffic. Impact pushed vehicle into leading car, resulting in front and rear fascia damage. Radiator support cracked. Police report filed at scene.",Standard verification complete. Estimates match third-party independent inspection. Documentation verified.
CLM-2024-00499,CUST-02442,POL-003877,Auto,2023-02-10,2023-02-15,5,Single Vehicle Roadside Impact,Moderate,5526.28,120000.0,0.0461,3000.0,1.84,Settled,Low,False,NONE,"Insured swerved to avoid crossing wildlife on unlit rural road, colliding with roadside guardrail. Damage concentrated on driver front bumper, headlight, and wheel arch. No other vehicles involved.",Standard verification complete. Estimates match third-party independent inspection. Documentation verified.
CLM-2024-00500,CUST-05118,POL-008097,Auto,2024-01-19,2024-01-27,8,Catalytic Converter & Component Theft,Moderate,2093.49,120000.0,0.0174,3000.0,0.7,Settled,Low,False,NONE,Vehicle parked overnight in commuter lot. Exhaust system severed cleanly beneath chassis and catalytic converter removed. Oxygen sensors stripped. Comprehensive theft claim submitted with police report number.,Standard verification complete. Estimates match third-party independent inspection. Documentation verified.
CLM-2024-00501,CUST-04817,POL-007625,Auto,2023-04-09,2023-04-19,10,Suspicious Multi-Party Collision,Major,81854.39,120000.0,0.6821,3000.0,27.28,Under Investigation,High,True,STAGED_COLLISION_RING,Insured vehicle alleged sudden brake event leading to rear collision with third-party vehicle occupied by 4 unbelted passengers. All occupants retained same legal counsel and clinic on same business day. Identical soft tissue injury claims submitted. Vehicle damage pattern inconsistent with described low-speed impact velocity.,SIU Audit Triggered: Indicator matches STAGED_COLLISION_RING. Significant inconsistencies in physical damage inspection vs reported narrative.
CLM-2024-00502,CUST-07173,POL-011319,Auto,2023-08-07,2023-08-10,3,Catalytic Converter & Component Theft,Minor,1627.83,120000.0,0.0136,3000.0,0.54,Under Investigation,Low,False,NONE,Vehicle parked overnight in commuter lot. Exhaust system severed cleanly beneath chassis and catalytic converter removed. Oxygen sensors stripped. Comprehensive theft claim submitted with police report number.,Standard verification complete. Estimates match third-party independent inspection. Documentation verified.
CLM-2024-00503,CUST-04953,POL-007831,Auto,2023-03-15,2023-03-18,3,Intersection T-Bone Impact,Moderate,6080.6,120000.0,0.0507,3000.0,2.03,Settled,Low,False,NONE,"Broadside collision at uncontrolled intersection during heavy rain. Front quarter panel, suspension, and steering rack compromised. Vehicle deemed unsafe to drive and towed to certified repair facility.",Standard verification complete. Estimates match third-party independent inspection. Documentation verified.
CLM-2024-00504,CUST-03494,POL-005556,Fire,2023-09-15,2023-09-20,5,Chimney / Fireplace Thermal Spread,Minor,6986.57,400000.0,0.0175,350.0,19.96,Settled,Low,False,NONE,Creosote buildup in masonry chimney flue sparked internal combustion. Thermal crack allowed embers into attic insulation. Prompt response by local brigade prevented full roof ignition. Flue relining and attic decontamination required.,Standard verification complete. Estimates match third-party independent inspection. Documentation verified.
CLM-2024-00505,CUST-00933,POL-001488,Fire,2023-11-20,2023-11-25,5,Kitchen Grease Fire,Major,62326.47,200000.0,0.3116,75.0,831.02,Settled,Medium,False,NONE,"Unattended cooking oil ignited on stovetop, spreading rapidly to wooden cabinetry and exhaust hood. Fire department responded within 12 minutes. Heavy smoke damage throughout ground floor and water saturation across kitchen subflooring.",Standard verification complete. Estimates match third-party independent inspection. Documentation verified.
CLM-2024-00506,CUST-06920,POL-010916,Auto,2024-08-22,2024-08-26,4,Rear-End Collision,Major,7547.07,120000.0,0.0629,3000.0,2.52,Settled,Low,False,NONE,"Insured vehicle was struck from behind while stationary at a signalized intersection. Rear bumper crushed, trunk lid misaligned, and tail light assemblies shattered. Airbags did not deploy. Claimant reported minor neck stiffness.",Standard verification complete. Estimates match third-party independent inspection. Documentation verified.
CLM-2024-00507,CUST-03926,POL-006212,Auto,2023-03-30,2023-04-14,15,Single Vehicle Roadside Impact,Moderate,6154.71,100000.0,0.0615,750.0,8.21,Settled,Low,False,NONE,Loss of traction on black ice caused vehicle to slide into concrete median barrier. Front subframe and wheel rim cracked. No injuries reported.,Standard verification complete. Estimates match third-party independent inspection. Documentation verified.
CLM-2024-00508,CUST-09472,POL-014993,Auto,2023-05-20,2023-05-26,6,Catalytic Converter & Component Theft,Moderate,4344.05,120000.0,0.0362,3000.0,1.45,Under Investigation,Low,False,NONE,Vehicle parked overnight in commuter lot. Exhaust system severed cleanly beneath chassis and catalytic converter removed. Oxygen sensors stripped. Comprehensive theft claim submitted with police report number.,Standard verification complete. Estimates match third-party independent inspection. Documentation verified.
CLM-2024-00509,CUST-03671,POL-005830,Auto,2024-01-18,2024-01-27,9,Rear-End Collision,Major,1734.88,120000.0,0.0145,3000.0,0.58,Settled,Low,False,NONE,"Insured vehicle was struck from behind while stationary at a signalized intersection. Rear bumper crushed, trunk lid misaligned, and tail light assemblies shattered. Airbags did not deploy. Claimant reported minor neck stiffness.",Standard verification complete. Estimates match third-party independent inspection. Documentation verified.
CLM-2024-00510,CUST-05114,POL-008087,Fire,2023-03-29,2023-04-08,10,Electrical Fault Fire,Major,126834.89,300000.0,0.4228,150.0,845.57,Approved,Medium,False,NONE,Faulty space heater wiring ignited living room drapery while residents were asleep. Smoke detectors alerted occupants. Fire caused severe burn-through of roof rafters and extensive water damage from fire brigade hoses.,Standard verification complete. Estimates match third-party independent inspection. Documentation verified.
CLM-2024-00511,CUST-02988,POL-004779,Auto,2023-07-08,2023-07-17,9,Intersection T-Bone Impact,Total Loss,21770.15,120000.0,0.1814,3000.0,7.26,Approved,Medium,False,NONE,"Broadside collision at uncontrolled intersection during heavy rain. Front quarter panel, suspension, and steering rack compromised. Vehicle deemed unsafe to drive and towed to certified repair facility.",Standard verification complete. Estimates match third-party independent inspection. Documentation verified.
CLM-2024-00512,CUST-09575,POL-015135,Fire,2024-07-16,2024-07-25,9,Electrical Fault Fire,Major,48821.96,600000.0,0.0814,3000.0,16.27,Settled,Medium,False,NONE,Faulty space heater wiring ignited living room drapery while residents were asleep. Smoke detectors alerted occupants. Fire caused severe burn-through of roof rafters and extensive water damage from fire brigade hoses.,Standard verification complete. Estimates match third-party independent inspection. Documentation verified.
CLM-2024-00513,CUST-08008,POL-012644,Auto,2023-12-05,2023-12-12,7,Single Vehicle Roadside Impact,Minor,4584.1,120000.0,0.0382,3000.0,1.53,Open,Low,False,NONE,"Insured swerved to avoid crossing wildlife on unlit rural road, colliding with roadside guardrail. Damage concentrated on driver front bumper, headlight, and wheel arch. No other vehicles involved.",Standard verification complete. Estimates match third-party independent inspection. Documentation verified.
CLM-2024-00514,CUST-01828,POL-002940,Fire,2024-04-06,2024-04-11,5,Electrical Fault Fire,Total Loss,89095.15,600000.0,0.1485,3000.0,29.7,Settled,Medium,False,NONE,Overheated breaker panel in basement initiated smoldering fire inside stud wall cavity. Flames traveled upward between floors before breaching living room drywall. Significant structural timber charring and complete electrical overhaul required.,Standard verification complete. Estimates match third-party independent inspection. Documentation verified.
CLM-2024-00515,CUST-09769,POL-015454,Fire,2023-01-05,2023-01-14,9,Electrical Fault Fire,Major,114579.07,400000.0,0.2864,350.0,327.37,Settled,Medium,False,NONE,Overheated breaker panel in basement initiated smoldering fire inside stud wall cavity. Flames traveled upward between floors before breaching living room drywall. Significant structural timber charring and complete electrical overhaul required.,Standard verification complete. Estimates match third-party independent inspection. Documentation verified.
CLM-2024-00516,CUST-08029,POL-012675,Caravan,2023-12-06,2023-12-07,1,Storm Hail and Tree Branch Impact,Moderate,5024.27,17500.0,0.2871,25.0,200.97,Settled,Low,False,NONE,High winds at holiday park caused awning detachment and side panel punctures. Water entered electrical breaker enclosure.,Standard verification complete. Estimates match third-party independent inspection. Documentation verified.
CLM-2024-00517,CUST-06002,POL-009514,Fire,2023-03-25,2023-03-28,3,Electrical Fault Fire,Major,179028.51,400000.0,0.4476,350.0,511.51,Settled,Medium,False,NONE,Overheated breaker panel in basement initiated smoldering fire inside stud wall cavity. Flames traveled upward between floors before breaching living room drywall. Significant structural timber charring and complete electrical overhaul required.,Standard verification complete. Estimates match third-party independent inspection. Documentation verified.
CLM-2024-00518,CUST-08763,POL-013870,Auto,2023-01-20,2023-01-24,4,Suspicious Multi-Party Collision,Major,60768.01,100000.0,0.6077,750.0,81.02,Under Investigation,High,True,STAGED_COLLISION_RING,Insured vehicle alleged sudden brake event leading to rear collision with third-party vehicle occupied by 4 unbelted passengers. All occupants retained same legal counsel and clinic on same business day. Identical soft tissue injury claims submitted. Vehicle damage pattern inconsistent with described low-speed impact velocity.,Policy Inception Audit: High-severity claim filed immediately following policy coverage modification.
CLM-2024-00519,CUST-00362,POL-000578,Auto,2023-02-07,2023-02-20,13,Single Vehicle Roadside Impact,Moderate,3642.13,120000.0,0.0304,3000.0,1.21,Approved,Low,False,NONE,"Insured swerved to avoid crossing wildlife on unlit rural road, colliding with roadside guardrail. Damage concentrated on driver front bumper, headlight, and wheel arch. No other vehicles involved.",Standard verification complete. Estimates match third-party independent inspection. Documentation verified.
CLM-2024-00520,CUST-07458,POL-011737,Fire,2023-10-25,2023-11-03,9,Kitchen Grease Fire,Major,37804.93,200000.0,0.189,75.0,504.07,Approved,Medium,False,NONE,"Unattended cooking oil ignited on stovetop, spreading rapidly to wooden cabinetry and exhaust hood. Fire department responded within 12 minutes. Heavy smoke damage throughout ground floor and water saturation across kitchen subflooring.",Standard verification complete. Estimates match third-party independent inspection. Documentation verified.
CLM-2024-00521,CUST-07894,POL-012448,Fire,2023-06-19,2023-06-23,4,Chimney / Fireplace Thermal Spread,Minor,7642.28,400000.0,0.0191,350.0,21.84,Settled,Low,False,NONE,Creosote buildup in masonry chimney flue sparked internal combustion. Thermal crack allowed embers into attic insulation. Prompt response by local brigade prevented full roof ignition. Flue relining and attic decontamination required.,Standard verification complete. Estimates match third-party independent inspection. Documentation verified.
CLM-2024-00522,CUST-03557,POL-005645,Caravan,2023-05-30,2023-06-01,2,Storm Hail and Tree Branch Impact,Moderate,8204.63,17500.0,0.4688,25.0,328.19,Settled,Low,False,NONE,"Severe thunderstorm brought 2-inch hail and fallen pine limb onto mobile home aluminum roof. Punctured roof membrane, shattered skylight, and caused interior water intrusion onto living area carpet.",Standard verification complete. Estimates match third-party independent inspection. Documentation verified.
CLM-2024-00523,CUST-02897,POL-004636,Auto,2023-02-13,2023-03-02,17,Intersection T-Bone Impact,Total Loss,64988.39,120000.0,0.5416,3000.0,21.66,Open,Medium,False,NONE,"Broadside collision at uncontrolled intersection during heavy rain. Front quarter panel, suspension, and steering rack compromised. Vehicle deemed unsafe to drive and towed to certified repair facility.",Standard verification complete. Estimates match third-party independent inspection. Documentation verified.
CLM-2024-00524,CUST-00726,POL-001148,Fire,2023-11-28,2024-01-09,42,Suspicious Early Inception Fire,Major,310277.01,400000.0,0.7757,350.0,886.51,Under Investigation,High,True,RECENT_COVERAGE_SPIKE_FIRE,"Commercial property fire reported 9 days following policy contribution upgrade. Fire originated in storage room with two distinct, unlinked burn patterns detected by arson investigator. Stock inventory records requested but claimant unable to provide supporting receipts or tax filings.",SIU Audit Triggered: Indicator matches RECENT_COVERAGE_SPIKE_FIRE. Significant inconsistencies in physical damage inspection vs reported narrative.
CLM-2024-00525,CUST-06870,POL-010834,Fire,2024-07-11,2024-07-12,1,Chimney / Fireplace Thermal Spread,Minor,6746.45,400000.0,0.0169,350.0,19.28,Approved,Low,False,NONE,Creosote buildup in masonry chimney flue sparked internal combustion. Thermal crack allowed embers into attic insulation. Prompt response by local brigade prevented full roof ignition. Flue relining and attic decontamination required.,Standard verification complete. Estimates match third-party independent inspection. Documentation verified.
CLM-2024-00526,CUST-05131,POL-008116,Fire,2024-06-13,2024-06-17,4,Electrical Fault Fire,Total Loss,87968.29,300000.0,0.2932,150.0,586.46,Approved,Medium,False,NONE,Overheated breaker panel in basement initiated smoldering fire inside stud wall cavity. Flames traveled upward between floors before breaching living room drywall. Significant structural timber charring and complete electrical overhaul required.,Standard verification complete. Estimates match third-party independent inspection. Documentation verified.
CLM-2024-00527,CUST-08669,POL-013717,Auto,2024-05-08,2024-05-12,4,Rear-End Collision,Major,3803.99,120000.0,0.0317,3000.0,1.27,Settled,Low,False,NONE,"Insured vehicle was struck from behind while stationary at a signalized intersection. Rear bumper crushed, trunk lid misaligned, and tail light assemblies shattered. Airbags did not deploy. Claimant reported minor neck stiffness.",Standard verification complete. Estimates match third-party independent inspection. Documentation verified.
CLM-2024-00528,CUST-00357,POL-000572,Caravan,2023-06-03,2023-06-13,10,Storm Hail and Tree Branch Impact,Minor,6746.64,17500.0,0.3855,25.0,269.87,Approved,Low,False,NONE,High winds at holiday park caused awning detachment and side panel punctures. Water entered electrical breaker enclosure.,Standard verification complete. Estimates match third-party independent inspection. Documentation verified.
CLM-2024-00529,CUST-06751,POL-010650,Fire,2023-12-05,2023-12-07,2,Chimney / Fireplace Thermal Spread,Minor,6261.85,400000.0,0.0157,350.0,17.89,Settled,Low,False,NONE,Creosote buildup in masonry chimney flue sparked internal combustion. Thermal crack allowed embers into attic insulation. Prompt response by local brigade prevented full roof ignition. Flue relining and attic decontamination required.,Standard verification complete. Estimates match third-party independent inspection. Documentation verified.
CLM-2024-00530,CUST-06791,POL-010715,Auto,2024-02-25,2024-03-07,11,Rear-End Collision,Minor,3379.84,120000.0,0.0282,3000.0,1.13,Settled,Low,False,NONE,"Insured vehicle was struck from behind while stationary at a signalized intersection. Rear bumper crushed, trunk lid misaligned, and tail light assemblies shattered. Airbags did not deploy. Claimant reported minor neck stiffness.",Standard verification complete. Estimates match third-party independent inspection. Documentation verified.
CLM-2024-00531,CUST-00638,POL-001008,Fire,2024-08-09,2024-08-10,1,Kitchen Grease Fire,Moderate,16122.55,300000.0,0.0537,150.0,107.48,Open,Medium,False,NONE,"Unattended cooking oil ignited on stovetop, spreading rapidly to wooden cabinetry and exhaust hood. Fire department responded within 12 minutes. Heavy smoke damage throughout ground floor and water saturation across kitchen subflooring.",Standard verification complete. Estimates match third-party independent inspection. Documentation verified.
CLM-2024-00532,CUST-06397,POL-010114,Fire,2024-07-31,2024-08-02,2,Chimney / Fireplace Thermal Spread,Minor,2854.77,400000.0,0.0071,350.0,8.16,Settled,Low,False,NONE,Creosote buildup in masonry chimney flue sparked internal combustion. Thermal crack allowed embers into attic insulation. Prompt response by local brigade prevented full roof ignition. Flue relining and attic decontamination required.,Standard verification complete. Estimates match third-party independent inspection. Documentation verified.
CLM-2024-00533,CUST-09798,POL-015502,Auto,2024-05-08,2024-05-23,15,Intersection T-Bone Impact,Moderate,24762.82,120000.0,0.2064,3000.0,8.25,Approved,Medium,False,NONE,"Broadside collision at uncontrolled intersection during heavy rain. Front quarter panel, suspension, and steering rack compromised. Vehicle deemed unsafe to drive and towed to certified repair facility.",Standard verification complete. Estimates match third-party independent inspection. Documentation verified.
CLM-2024-00534,CUST-07946,POL-012536,Fire,2024-06-07,2024-06-11,4,Electrical Fault Fire,Major,101100.76,300000.0,0.337,150.0,674.01,Settled,Medium,False,NONE,Faulty space heater wiring ignited living room drapery while residents were asleep. Smoke detectors alerted occupants. Fire caused severe burn-through of roof rafters and extensive water damage from fire brigade hoses.,Standard verification complete. Estimates match third-party independent inspection. Documentation verified.
CLM-2024-00535,CUST-05331,POL-008456,Fire,2023-05-16,2023-05-30,14,Kitchen Grease Fire,Moderate,60996.81,125000.0,0.488,25.0,2439.87,Approved,Medium,False,NONE,"Unattended cooking oil ignited on stovetop, spreading rapidly to wooden cabinetry and exhaust hood. Fire department responded within 12 minutes. Heavy smoke damage throughout ground floor and water saturation across kitchen subflooring.",Standard verification complete. Estimates match third-party independent inspection. Documentation verified.
CLM-2024-00536,CUST-02221,POL-003542,Fire,2023-04-09,2023-04-15,6,Kitchen Grease Fire,Major,40100.63,400000.0,0.1003,350.0,114.57,Approved,Medium,False,NONE,"Unattended cooking oil ignited on stovetop, spreading rapidly to wooden cabinetry and exhaust hood. Fire department responded within 12 minutes. Heavy smoke damage throughout ground floor and water saturation across kitchen subflooring.",Standard verification complete. Estimates match third-party independent inspection. Documentation verified.
CLM-2024-00537,CUST-02640,POL-004201,Auto,2023-05-14,2023-05-16,2,Suspicious Multi-Party Collision,Major,61058.12,120000.0,0.5088,3000.0,20.35,Under Investigation,High,True,STAGED_COLLISION_RING,Insured vehicle alleged sudden brake event leading to rear collision with third-party vehicle occupied by 4 unbelted passengers. All occupants retained same legal counsel and clinic on same business day. Identical soft tissue injury claims submitted. Vehicle damage pattern inconsistent with described low-speed impact velocity.,Policy Inception Audit: High-severity claim filed immediately following policy coverage modification.
CLM-2024-00538,CUST-02482,POL-003945,Fire,2023-02-14,2023-02-20,6,Chimney / Fireplace Thermal Spread,Moderate,6961.21,200000.0,0.0348,75.0,92.82,Approved,Low,False,NONE,Creosote buildup in masonry chimney flue sparked internal combustion. Thermal crack allowed embers into attic insulation. Prompt response by local brigade prevented full roof ignition. Flue relining and attic decontamination required.,Standard verification complete. Estimates match third-party independent inspection. Documentation verified.
CLM-2024-00539,CUST-00980,POL-001572,Auto,2024-08-12,2024-08-18,6,Rear-End Collision,Moderate,7235.32,120000.0,0.0603,3000.0,2.41,Open,Low,False,NONE,"Insured vehicle was struck from behind while stationary at a signalized intersection. Rear bumper crushed, trunk lid misaligned, and tail light assemblies shattered. Airbags did not deploy. Claimant reported minor neck stiffness.",Standard verification complete. Estimates match third-party independent inspection. Documentation verified.
CLM-2024-00540,CUST-03645,POL-005795,Fire,2024-07-10,2024-08-04,25,Inflated Water Restoration,Moderate,25220.89,300000.0,0.0841,150.0,168.14,Under Investigation,High,True,INFLATED_WATER_REPAIR,"Claim submitted for sudden pipe rupture in unoccupied guest wing. Restoration contractor billed 24 industrial air movers and 6 commercial dehumidifiers for 21 days continuously, exceeding standard mitigation duration by 400%. Demolition invoices include pre-existing renovation materials not damaged by water.",Potential Billing Discrepancy: Itemized labor and parts estimates exceed regional peer averages by 25-40%.
CLM-2024-00541,CUST-01383,POL-002222,Auto,2023-05-01,2023-05-13,12,Rear-End Collision,Moderate,3564.55,100000.0,0.0356,750.0,4.75,Settled,Low,False,NONE,"Insured vehicle was struck from behind while stationary at a signalized intersection. Rear bumper crushed, trunk lid misaligned, and tail light assemblies shattered. Airbags did not deploy. Claimant reported minor neck stiffness.",Standard verification complete. Estimates match third-party independent inspection. Documentation verified.
CLM-2024-00542,CUST-04529,POL-007184,Fire,2024-08-22,2024-09-06,15,Electrical Fault Fire,Total Loss,150000.0,200000.0,0.75,75.0,2000.0,Under Investigation,Medium,False,NONE,Faulty space heater wiring ignited living room drapery while residents were asleep. Smoke detectors alerted occupants. Fire caused severe burn-through of roof rafters and extensive water damage from fire brigade hoses.,Standard verification complete. Estimates match third-party independent inspection. Documentation verified.
CLM-2024-00543,CUST-04557,POL-007226,Fire,2023-07-28,2023-08-02,5,Electrical Fault Fire,Total Loss,145172.57,200000.0,0.7259,75.0,1935.63,Settled,Medium,False,NONE,Overheated breaker panel in basement initiated smoldering fire inside stud wall cavity. Flames traveled upward between floors before breaching living room drywall. Significant structural timber charring and complete electrical overhaul required.,Standard verification complete. Estimates match third-party independent inspection. Documentation verified.
CLM-2024-00544,CUST-01887,POL-003022,Fire,2023-12-19,2023-12-20,1,Chimney / Fireplace Thermal Spread,Moderate,10350.51,400000.0,0.0259,350.0,29.57,Approved,Low,False,NONE,Creosote buildup in masonry chimney flue sparked internal combustion. Thermal crack allowed embers into attic insulation. Prompt response by local brigade prevented full roof ignition. Flue relining and attic decontamination required.,Standard verification complete. Estimates match third-party independent inspection. Documentation verified.
CLM-2024-00545,CUST-08823,POL-013955,Caravan,2023-06-15,2023-06-17,2,Storm Hail and Tree Branch Impact,Minor,6524.91,17500.0,0.3729,25.0,261.0,Settled,Low,False,NONE,High winds at holiday park caused awning detachment and side panel punctures. Water entered electrical breaker enclosure.,Standard verification complete. Estimates match third-party independent inspection. Documentation verified.
CLM-2024-00546,CUST-06054,POL-009602,Caravan,2023-02-23,2023-02-25,2,Storm Hail and Tree Branch Impact,Moderate,11850.08,17500.0,0.6771,25.0,474.0,Settled,Low,False,NONE,"Severe thunderstorm brought 2-inch hail and fallen pine limb onto mobile home aluminum roof. Punctured roof membrane, shattered skylight, and caused interior water intrusion onto living area carpet.",Standard verification complete. Estimates match third-party independent inspection. Documentation verified.
CLM-2024-00547,CUST-06576,POL-010384,Auto,2023-04-01,2023-04-04,3,Rear-End Collision,Moderate,6552.84,120000.0,0.0546,3000.0,2.18,Approved,Low,False,NONE,"Insured vehicle was struck from behind while stationary at a signalized intersection. Rear bumper crushed, trunk lid misaligned, and tail light assemblies shattered. Airbags did not deploy. Claimant reported minor neck stiffness.",Standard verification complete. Estimates match third-party independent inspection. Documentation verified.
CLM-2024-00548,CUST-03048,POL-004872,Auto,2024-02-15,2024-02-18,3,Single Vehicle Roadside Impact,Minor,2041.97,120000.0,0.017,3000.0,0.68,Settled,Low,False,NONE,"Insured swerved to avoid crossing wildlife on unlit rural road, colliding with roadside guardrail. Damage concentrated on driver front bumper, headlight, and wheel arch. No other vehicles involved.",Standard verification complete. Estimates match third-party independent inspection. Documentation verified.
CLM-2024-00549,CUST-03361,POL-005346,Caravan,2024-06-14,2024-06-19,5,Storm Hail and Tree Branch Impact,Minor,4924.17,17500.0,0.2814,25.0,196.97,Approved,Low,False,NONE,"Severe thunderstorm brought 2-inch hail and fallen pine limb onto mobile home aluminum roof. Punctured roof membrane, shattered skylight, and caused interior water intrusion onto living area carpet.",Standard verification complete. Estimates match third-party independent inspection. Documentation verified.
CLM-2024-00550,CUST-05040,POL-007978,Caravan,2023-02-06,2023-02-08,2,Storm Hail and Tree Branch Impact,Minor,1962.42,17500.0,0.1121,25.0,78.5,Settled,Low,False,NONE,"Severe thunderstorm brought 2-inch hail and fallen pine limb onto mobile home aluminum roof. Punctured roof membrane, shattered skylight, and caused interior water intrusion onto living area carpet.",Standard verification complete. Estimates match third-party independent inspection. Documentation verified.
CLM-2024-00551,CUST-09364,POL-014827,Fire,2024-02-09,2024-02-11,2,Electrical Fault Fire,Major,36555.28,400000.0,0.0914,350.0,104.44,Settled,Medium,False,NONE,Overheated breaker panel in basement initiated smoldering fire inside stud wall cavity. Flames traveled upward between floors before breaching living room drywall. Significant structural timber charring and complete electrical overhaul required.,Standard verification complete. Estimates match third-party independent inspection. Documentation verified.
CLM-2024-00552,CUST-02603,POL-004130,Auto,2024-07-26,2024-08-30,35,Single Vehicle Roadside Impact,Moderate,6719.6,120000.0,0.056,3000.0,2.24,Settled,Low,False,NONE,Loss of traction on black ice caused vehicle to slide into concrete median barrier. Front subframe and wheel rim cracked. No injuries reported.,Standard verification complete. Estimates match third-party independent inspection. Documentation verified.
CLM-2024-00553,CUST-04440,POL-007038,Auto,2023-01-05,2023-01-08,3,Single Vehicle Roadside Impact,Minor,3289.38,120000.0,0.0274,3000.0,1.1,Settled,Low,False,NONE,Loss of traction on black ice caused vehicle to slide into concrete median barrier. Front subframe and wheel rim cracked. No injuries reported.,Standard verification complete. Estimates match third-party independent inspection. Documentation verified.
CLM-2024-00554,CUST-05275,POL-008361,Fire,2023-04-30,2023-05-03,3,Chimney / Fireplace Thermal Spread,Moderate,20205.87,300000.0,0.0674,150.0,134.71,Settled,Medium,False,NONE,Creosote buildup in masonry chimney flue sparked internal combustion. Thermal crack allowed embers into attic insulation. Prompt response by local brigade prevented full roof ignition. Flue relining and attic decontamination required.,Standard verification complete. Estimates match third-party independent inspection. Documentation verified.
CLM-2024-00555,CUST-07865,POL-012420,Fire,2023-12-14,2023-12-21,7,Electrical Fault Fire,Total Loss,92370.88,400000.0,0.2309,350.0,263.92,Settled,Medium,False,NONE,Overheated breaker panel in basement initiated smoldering fire inside stud wall cavity. Flames traveled upward between floors before breaching living room drywall. Significant structural timber charring and complete electrical overhaul required.,Standard verification complete. Estimates match third-party independent inspection. Documentation verified.
CLM-2024-00556,CUST-00638,POL-001008,Fire,2023-08-14,2023-08-19,5,Chimney / Fireplace Thermal Spread,Minor,4301.85,300000.0,0.0143,150.0,28.68,Settled,Low,False,NONE,Creosote buildup in masonry chimney flue sparked internal combustion. Thermal crack allowed embers into attic insulation. Prompt response by local brigade prevented full roof ignition. Flue relining and attic decontamination required.,Standard verification complete. Estimates match third-party independent inspection. Documentation verified.
CLM-2024-00557,CUST-01191,POL-001918,Fire,2023-09-27,2023-09-29,2,Kitchen Grease Fire,Major,67730.76,300000.0,0.2258,150.0,451.54,Settled,Medium,False,NONE,"Unattended cooking oil ignited on stovetop, spreading rapidly to wooden cabinetry and exhaust hood. Fire department responded within 12 minutes. Heavy smoke damage throughout ground floor and water saturation across kitchen subflooring.",Standard verification complete. Estimates match third-party independent inspection. Documentation verified.
CLM-2024-00558,CUST-04028,POL-006371,Auto,2023-07-02,2023-07-07,5,Catalytic Converter & Component Theft,Moderate,3625.38,120000.0,0.0302,3000.0,1.21,Settled,Low,False,NONE,"Insured discovered vehicle propped on cinder blocks in driveway with all four alloy wheels, tires, and brake assemblies stolen. Ground scuffs along rocker panels.",Standard verification complete. Estimates match third-party independent inspection. Documentation verified.
CLM-2024-00559,CUST-00610,POL-000964,Auto,2023-07-14,2023-07-20,6,Catalytic Converter & Component Theft,Minor,1903.25,100000.0,0.019,750.0,2.54,Settled,Low,False,NONE,Vehicle parked overnight in commuter lot. Exhaust system severed cleanly beneath chassis and catalytic converter removed. Oxygen sensors stripped. Comprehensive theft claim submitted with police report number.,Standard verification complete. Estimates match third-party independent inspection. Documentation verified.
CLM-2024-00560,CUST-06414,POL-010146,Auto,2023-09-13,2023-09-16,3,Single Vehicle Roadside Impact,Minor,1564.83,120000.0,0.013,3000.0,0.52,Open,Low,False,NONE,"Insured swerved to avoid crossing wildlife on unlit rural road, colliding with roadside guardrail. Damage concentrated on driver front bumper, headlight, and wheel arch. No other vehicles involved.",Standard verification complete. Estimates match third-party independent inspection. Documentation verified.
CLM-2024-00561,CUST-00341,POL-000549,Auto,2023-01-07,2023-01-15,8,Rear-End Collision,Moderate,5409.0,120000.0,0.0451,3000.0,1.8,Under Investigation,Low,False,NONE,"Vehicle was rear-ended in heavy stop-and-go highway traffic. Impact pushed vehicle into leading car, resulting in front and rear fascia damage. Radiator support cracked. Police report filed at scene.",Standard verification complete. Estimates match third-party independent inspection. Documentation verified.
CLM-2024-00562,CUST-06618,POL-010447,Auto,2023-10-09,2023-10-11,2,Catalytic Converter & Component Theft,Minor,1734.2,120000.0,0.0145,3000.0,0.58,Settled,Low,False,NONE,"Insured discovered vehicle propped on cinder blocks in driveway with all four alloy wheels, tires, and brake assemblies stolen. Ground scuffs along rocker panels.",Standard verification complete. Estimates match third-party independent inspection. Documentation verified.
CLM-2024-00563,CUST-07252,POL-011429,Auto,2024-03-09,2024-03-13,4,Catalytic Converter & Component Theft,Minor,2446.45,120000.0,0.0204,3000.0,0.82,Settled,Low,False,NONE,"Insured discovered vehicle propped on cinder blocks in driveway with all four alloy wheels, tires, and brake assemblies stolen. Ground scuffs along rocker panels.",Standard verification complete. Estimates match third-party independent inspection. Documentation verified.
CLM-2024-00564,CUST-03734,POL-005922,Auto,2024-06-14,2024-06-16,2,Catalytic Converter & Component Theft,Moderate,2210.23,100000.0,0.0221,750.0,2.95,Settled,Low,False,NONE,Vehicle parked overnight in commuter lot. Exhaust system severed cleanly beneath chassis and catalytic converter removed. Oxygen sensors stripped. Comprehensive theft claim submitted with police report number.,Standard verification complete. Estimates match third-party independent inspection. Documentation verified.
CLM-2024-00565,CUST-03908,POL-006182,Auto,2023-09-23,2023-09-29,6,Intersection T-Bone Impact,Total Loss,39914.56,120000.0,0.3326,3000.0,13.3,Settled,Medium,False,NONE,"Broadside collision at uncontrolled intersection during heavy rain. Front quarter panel, suspension, and steering rack compromised. Vehicle deemed unsafe to drive and towed to certified repair facility.",Standard verification complete. Estimates match third-party independent inspection. Documentation verified.
CLM-2024-00566,CUST-02217,POL-003540,Auto,2024-05-25,2024-06-11,17,Catalytic Converter & Component Theft,Minor,1855.31,120000.0,0.0155,3000.0,0.62,Approved,Low,False,NONE,"Insured discovered vehicle propped on cinder blocks in driveway with all four alloy wheels, tires, and brake assemblies stolen. Ground scuffs along rocker panels.",Standard verification complete. Estimates match third-party independent inspection. Documentation verified.
CLM-2024-00567,CUST-08941,POL-014136,Auto,2023-07-04,2023-07-07,3,Intersection T-Bone Impact,Total Loss,33792.97,120000.0,0.2816,3000.0,11.26,Approved,Medium,False,NONE,Insured was proceeding on green light when a third-party vehicle failed to yield and impacted the passenger side. Significant structural intrusion along B-pillar and both passenger doors. Side curtain airbags deployed. Tow required.,Standard verification complete. Estimates match third-party independent inspection. Documentation verified.
CLM-2024-00568,CUST-00630,POL-000992,Auto,2024-01-26,2024-01-28,2,Intersection T-Bone Impact,Moderate,4782.62,120000.0,0.0399,3000.0,1.59,Settled,Low,False,NONE,Insured was proceeding on green light when a third-party vehicle failed to yield and impacted the passenger side. Significant structural intrusion along B-pillar and both passenger doors. Side curtain airbags deployed. Tow required.,Standard verification complete. Estimates match third-party independent inspection. Documentation verified.
CLM-2024-00569,CUST-02479,POL-003939,Fire,2024-06-13,2024-06-16,3,Chimney / Fireplace Thermal Spread,Moderate,15373.76,400000.0,0.0384,350.0,43.93,Settled,Medium,False,NONE,Creosote buildup in masonry chimney flue sparked internal combustion. Thermal crack allowed embers into attic insulation. Prompt response by local brigade prevented full roof ignition. Flue relining and attic decontamination required.,Standard verification complete. Estimates match third-party independent inspection. Documentation verified.
CLM-2024-00570,CUST-04422,POL-007004,Auto,2023-06-17,2023-06-22,5,Rear-End Collision,Minor,3819.92,120000.0,0.0318,3000.0,1.27,Settled,Low,False,NONE,"Vehicle was rear-ended in heavy stop-and-go highway traffic. Impact pushed vehicle into leading car, resulting in front and rear fascia damage. Radiator support cracked. Police report filed at scene.",Standard verification complete. Estimates match third-party independent inspection. Documentation verified.
CLM-2024-00571,CUST-04914,POL-007764,Auto,2024-01-05,2024-01-10,5,Single Vehicle Roadside Impact,Moderate,2591.4,120000.0,0.0216,3000.0,0.86,Approved,Low,False,NONE,Loss of traction on black ice caused vehicle to slide into concrete median barrier. Front subframe and wheel rim cracked. No injuries reported.,Standard verification complete. Estimates match third-party independent inspection. Documentation verified.
CLM-2024-00572,CUST-07482,POL-011782,Fire,2023-07-23,2023-07-24,1,Chimney / Fireplace Thermal Spread,Minor,7959.83,400000.0,0.0199,350.0,22.74,Settled,Low,False,NONE,Creosote buildup in masonry chimney flue sparked internal combustion. Thermal crack allowed embers into attic insulation. Prompt response by local brigade prevented full roof ignition. Flue relining and attic decontamination required.,Standard verification complete. Estimates match third-party independent inspection. Documentation verified.
CLM-2024-00573,CUST-04449,POL-007057,Auto,2023-03-22,2023-05-16,55,Catalytic Converter & Component Theft,Moderate,1538.08,120000.0,0.0128,3000.0,0.51,Settled,Low,False,NONE,"Insured discovered vehicle propped on cinder blocks in driveway with all four alloy wheels, tires, and brake assemblies stolen. Ground scuffs along rocker panels.",Standard verification complete. Estimates match third-party independent inspection. Documentation verified.
CLM-2024-00574,CUST-06489,POL-010258,Fire,2023-12-12,2023-12-13,1,Electrical Fault Fire,Total Loss,126112.74,700000.0,0.1802,7500.0,16.82,Settled,Medium,False,NONE,Overheated breaker panel in basement initiated smoldering fire inside stud wall cavity. Flames traveled upward between floors before breaching living room drywall. Significant structural timber charring and complete electrical overhaul required.,Standard verification complete. Estimates match third-party independent inspection. Documentation verified.
CLM-2024-00575,CUST-04027,POL-006370,Auto,2023-10-01,2023-10-09,8,Catalytic Converter & Component Theft,Moderate,4148.11,120000.0,0.0346,3000.0,1.38,Approved,Low,False,NONE,"Insured discovered vehicle propped on cinder blocks in driveway with all four alloy wheels, tires, and brake assemblies stolen. Ground scuffs along rocker panels.",Standard verification complete. Estimates match third-party independent inspection. Documentation verified.
CLM-2024-00576,CUST-06419,POL-010153,Auto,2024-04-06,2024-04-19,13,Catalytic Converter & Component Theft,Minor,965.05,120000.0,0.008,3000.0,0.32,Settled,Low,False,NONE,Vehicle parked overnight in commuter lot. Exhaust system severed cleanly beneath chassis and catalytic converter removed. Oxygen sensors stripped. Comprehensive theft claim submitted with police report number.,Standard verification complete. Estimates match third-party independent inspection. Documentation verified.
CLM-2024-00577,CUST-04995,POL-007897,Auto,2023-03-23,2023-03-27,4,Intersection T-Bone Impact,Moderate,6858.63,120000.0,0.0572,3000.0,2.29,Open,Low,False,NONE,"Broadside collision at uncontrolled intersection during heavy rain. Front quarter panel, suspension, and steering rack compromised. Vehicle deemed unsafe to drive and towed to certified repair facility.",Standard verification complete. Estimates match third-party independent inspection. Documentation verified.
CLM-2024-00578,CUST-06854,POL-010808,Fire,2023-01-27,2023-02-20,24,Electrical Fault Fire,Major,38446.15,300000.0,0.1282,150.0,256.31,Approved,Medium,False,NONE,Overheated breaker panel in basement initiated smoldering fire inside stud wall cavity. Flames traveled upward between floors before breaching living room drywall. Significant structural timber charring and complete electrical overhaul required.,Standard verification complete. Estimates match third-party independent inspection. Documentation verified.
CLM-2024-00579,CUST-03236,POL-005163,Caravan,2023-11-13,2023-11-25,12,Storm Hail and Tree Branch Impact,Minor,2341.86,17500.0,0.1338,25.0,93.67,Settled,Low,False,NONE,High winds at holiday park caused awning detachment and side panel punctures. Water entered electrical breaker enclosure.,Standard verification complete. Estimates match third-party independent inspection. Documentation verified.
CLM-2024-00580,CUST-01017,POL-001632,Auto,2023-02-05,2023-02-10,5,Single Vehicle Roadside Impact,Moderate,8496.06,120000.0,0.0708,3000.0,2.83,Open,Low,False,NONE,Loss of traction on black ice caused vehicle to slide into concrete median barrier. Front subframe and wheel rim cracked. No injuries reported.,Standard verification complete. Estimates match third-party independent inspection. Documentation verified.
CLM-2024-00581,CUST-09635,POL-015233,Fire,2023-05-19,2023-05-20,1,Chimney / Fireplace Thermal Spread,Minor,8859.46,500000.0,0.0177,750.0,11.81,Settled,Low,False,NONE,Creosote buildup in masonry chimney flue sparked internal combustion. Thermal crack allowed embers into attic insulation. Prompt response by local brigade prevented full roof ignition. Flue relining and attic decontamination required.,Standard verification complete. Estimates match third-party independent inspection. Documentation verified.
CLM-2024-00582,CUST-00929,POL-001484,Fire,2024-06-30,2024-07-02,2,Electrical Fault Fire,Total Loss,150000.0,200000.0,0.75,75.0,2000.0,Settled,Medium,False,NONE,Faulty space heater wiring ignited living room drapery while residents were asleep. Smoke detectors alerted occupants. Fire caused severe burn-through of roof rafters and extensive water damage from fire brigade hoses.,Standard verification complete. Estimates match third-party independent inspection. Documentation verified.
CLM-2024-00583,CUST-01897,POL-003039,Auto,2023-09-24,2023-10-03,9,Intersection T-Bone Impact,Major,94245.95,120000.0,0.7854,3000.0,31.42,Approved,Medium,False,NONE,Insured was proceeding on green light when a third-party vehicle failed to yield and impacted the passenger side. Significant structural intrusion along B-pillar and both passenger doors. Side curtain airbags deployed. Tow required.,"Comprehensive field adjuster verification complete. Police report, independent surveyor report, and official repair bids on file. Verified genuine catastrophic loss."
CLM-2024-00584,CUST-07038,POL-011109,Auto,2024-04-25,2024-05-03,8,Rear-End Collision,Major,8054.73,120000.0,0.0671,3000.0,2.68,Settled,Low,False,NONE,"Vehicle was rear-ended in heavy stop-and-go highway traffic. Impact pushed vehicle into leading car, resulting in front and rear fascia damage. Radiator support cracked. Police report filed at scene.",Standard verification complete. Estimates match third-party independent inspection. Documentation verified.
CLM-2024-00585,CUST-04614,POL-007303,Fire,2023-10-27,2023-11-07,11,Chimney / Fireplace Thermal Spread,Minor,4836.14,400000.0,0.0121,350.0,13.82,Open,Low,False,NONE,Creosote buildup in masonry chimney flue sparked internal combustion. Thermal crack allowed embers into attic insulation. Prompt response by local brigade prevented full roof ignition. Flue relining and attic decontamination required.,Standard verification complete. Estimates match third-party independent inspection. Documentation verified.
CLM-2024-00586,CUST-04740,POL-007508,Auto,2023-09-13,2023-09-26,13,Intersection T-Bone Impact,Total Loss,20508.07,120000.0,0.1709,3000.0,6.84,Settled,Medium,False,NONE,"Broadside collision at uncontrolled intersection during heavy rain. Front quarter panel, suspension, and steering rack compromised. Vehicle deemed unsafe to drive and towed to certified repair facility.",Standard verification complete. Estimates match third-party independent inspection. Documentation verified.
CLM-2024-00587,CUST-05820,POL-009218,Auto,2024-06-13,2024-06-23,10,Single Vehicle Roadside Impact,Moderate,8637.58,120000.0,0.072,3000.0,2.88,Settled,Low,False,NONE,Loss of traction on black ice caused vehicle to slide into concrete median barrier. Front subframe and wheel rim cracked. No injuries reported.,Standard verification complete. Estimates match third-party independent inspection. Documentation verified.
CLM-2024-00588,CUST-04222,POL-006698,Auto,2024-04-11,2024-04-29,18,Catalytic Converter & Component Theft,Moderate,1523.56,120000.0,0.0127,3000.0,0.51,Settled,Low,False,NONE,"Insured discovered vehicle propped on cinder blocks in driveway with all four alloy wheels, tires, and brake assemblies stolen. Ground scuffs along rocker panels.",Standard verification complete. Estimates match third-party independent inspection. Documentation verified.
CLM-2024-00589,CUST-08363,POL-013206,Fire,2023-07-10,2023-07-13,3,Kitchen Grease Fire,Major,37818.71,400000.0,0.0945,350.0,108.05,Settled,Medium,False,NONE,"Deep fryer flare-up caused flame spread to kitchen drywall. Heat blistering across ceiling joists. Structural fire damage contained to kitchen area, but substantial soot cleanup needed throughout residence.",Standard verification complete. Estimates match third-party independent inspection. Documentation verified.
CLM-2024-00590,CUST-06550,POL-010346,Caravan,2023-01-16,2023-01-27,11,Suspicious Early Inception Fire,Major,6836.32,17500.0,0.3906,25.0,273.45,Open,Medium,True,RECENT_COVERAGE_SPIKE_FIRE,"Commercial property fire reported 9 days following policy contribution upgrade. Fire originated in storage room with two distinct, unlinked burn patterns detected by arson investigator. Stock inventory records requested but claimant unable to provide supporting receipts or tax filings.",Potential Billing Discrepancy: Itemized labor and parts estimates exceed regional peer averages by 25-40%.
CLM-2024-00591,CUST-04762,POL-007547,Caravan,2024-04-19,2024-04-26,7,Storm Hail and Tree Branch Impact,Moderate,13125.0,17500.0,0.75,25.0,525.0,Settled,Medium,False,NONE,"Severe thunderstorm brought 2-inch hail and fallen pine limb onto mobile home aluminum roof. Punctured roof membrane, shattered skylight, and caused interior water intrusion onto living area carpet.",Standard verification complete. Estimates match third-party independent inspection. Documentation verified.
CLM-2024-00592,CUST-07988,POL-012616,Auto,2023-03-15,2023-03-21,6,Catalytic Converter & Component Theft,Minor,1436.5,120000.0,0.012,3000.0,0.48,Settled,Low,False,NONE,Vehicle parked overnight in commuter lot. Exhaust system severed cleanly beneath chassis and catalytic converter removed. Oxygen sensors stripped. Comprehensive theft claim submitted with police report number.,Standard verification complete. Estimates match third-party independent inspection. Documentation verified.
CLM-2024-00593,CUST-03884,POL-006139,Fire,2023-09-12,2023-09-20,8,High-Value Marine Equipment Loss,Moderate,25659.33,400000.0,0.0641,350.0,73.31,Under Investigation,High,True,PHANTOM_LUXURY_BOAT_THEFT,Claimant alleges twin 350HP marine engines unbolted and removed from dry dock trailer overnight with no perimeter fence breaches or security footage. Claim amount matches maximum policy limit to the exact dollar. Title transfer completed only 3 weeks prior.,Potential Billing Discrepancy: Itemized labor and parts estimates exceed regional peer averages by 25-40%.
CLM-2024-00594,CUST-07179,POL-011329,Auto,2023-04-07,2023-04-09,2,Intersection T-Bone Impact,Major,17222.19,100000.0,0.1722,750.0,22.96,Settled,Medium,False,NONE,"Broadside collision at uncontrolled intersection during heavy rain. Front quarter panel, suspension, and steering rack compromised. Vehicle deemed unsafe to drive and towed to certified repair facility.",Standard verification complete. Estimates match third-party independent inspection. Documentation verified.
CLM-2024-00595,CUST-06050,POL-009594,Fire,2023-02-13,2023-02-23,10,Chimney / Fireplace Thermal Spread,Minor,5256.42,125000.0,0.0421,25.0,210.26,Settled,Low,False,NONE,Creosote buildup in masonry chimney flue sparked internal combustion. Thermal crack allowed embers into attic insulation. Prompt response by local brigade prevented full roof ignition. Flue relining and attic decontamination required.,Standard verification complete. Estimates match third-party independent inspection. Documentation verified.
CLM-2024-00596,CUST-04326,POL-006852,Fire,2023-08-12,2023-08-13,1,Inflated Water Restoration,Major,128941.62,300000.0,0.4298,150.0,859.61,Under Investigation,High,True,INFLATED_WATER_REPAIR,"Claim submitted for sudden pipe rupture in unoccupied guest wing. Restoration contractor billed 24 industrial air movers and 6 commercial dehumidifiers for 21 days continuously, exceeding standard mitigation duration by 400%. Demolition invoices include pre-existing renovation materials not damaged by water.",Policy Inception Audit: High-severity claim filed immediately following policy coverage modification.
CLM-2024-00597,CUST-05990,POL-009490,Fire,2023-10-10,2023-10-21,11,Chimney / Fireplace Thermal Spread,Minor,3173.13,200000.0,0.0159,75.0,42.31,Settled,Low,False,NONE,Creosote buildup in masonry chimney flue sparked internal combustion. Thermal crack allowed embers into attic insulation. Prompt response by local brigade prevented full roof ignition. Flue relining and attic decontamination required.,Standard verification complete. Estimates match third-party independent inspection. Documentation verified.
CLM-2024-00598,CUST-06464,POL-010224,Fire,2024-05-01,2024-05-03,2,Chimney / Fireplace Thermal Spread,Minor,4715.63,200000.0,0.0236,75.0,62.88,Settled,Low,False,NONE,Creosote buildup in masonry chimney flue sparked internal combustion. Thermal crack allowed embers into attic insulation. Prompt response by local brigade prevented full roof ignition. Flue relining and attic decontamination required.,Standard verification complete. Estimates match third-party independent inspection. Documentation verified.
CLM-2024-00599,CUST-00834,POL-001327,Auto,2023-12-13,2023-12-16,3,Rear-End Collision,Minor,4149.18,120000.0,0.0346,3000.0,1.38,Approved,Low,False,NONE,"Vehicle was rear-ended in heavy stop-and-go highway traffic. Impact pushed vehicle into leading car, resulting in front and rear fascia damage. Radiator support cracked. Police report filed at scene.",Standard verification complete. Estimates match third-party independent inspection. Documentation verified.
CLM-2024-00600,CUST-02258,POL-003591,Auto,2023-08-27,2023-08-29,2,Single Vehicle Roadside Impact,Moderate,1943.36,120000.0,0.0162,3000.0,0.65,Settled,Low,False,NONE,Loss of traction on black ice caused vehicle to slide into concrete median barrier. Front subframe and wheel rim cracked. No injuries reported.,Standard verification complete. Estimates match third-party independent inspection. Documentation verified.
CLM-2024-00601,CUST-06287,POL-009957,Fire,2023-09-14,2023-09-24,10,Kitchen Grease Fire,Major,57047.25,400000.0,0.1426,350.0,162.99,Settled,Medium,False,NONE,"Deep fryer flare-up caused flame spread to kitchen drywall. Heat blistering across ceiling joists. Structural fire damage contained to kitchen area, but substantial soot cleanup needed throughout residence.",Standard verification complete. Estimates match third-party independent inspection. Documentation verified.
CLM-2024-00602,CUST-01355,POL-002181,Fire,2024-07-10,2024-07-16,6,Electrical Fault Fire,Total Loss,177934.29,400000.0,0.4448,350.0,508.38,Open,Medium,False,NONE,Faulty space heater wiring ignited living room drapery while residents were asleep. Smoke detectors alerted occupants. Fire caused severe burn-through of roof rafters and extensive water damage from fire brigade hoses.,Standard verification complete. Estimates match third-party independent inspection. Documentation verified.
CLM-2024-00603,CUST-04728,POL-007492,Auto,2023-03-12,2023-03-13,1,Intersection T-Bone Impact,Major,25959.19,120000.0,0.2163,3000.0,8.65,Settled,Medium,False,NONE,"Broadside collision at uncontrolled intersection during heavy rain. Front quarter panel, suspension, and steering rack compromised. Vehicle deemed unsafe to drive and towed to certified repair facility.",Standard verification complete. Estimates match third-party independent inspection. Documentation verified.
CLM-2024-00604,CUST-01040,POL-001666,Auto,2024-06-02,2024-06-05,3,Catalytic Converter & Component Theft,Minor,1333.88,100000.0,0.0133,750.0,1.78,Settled,Low,False,NONE,Vehicle parked overnight in commuter lot. Exhaust system severed cleanly beneath chassis and catalytic converter removed. Oxygen sensors stripped. Comprehensive theft claim submitted with police report number.,Standard verification complete. Estimates match third-party independent inspection. Documentation verified.
CLM-2024-00605,CUST-05620,POL-008906,Boat,2023-03-06,2023-03-11,5,Marina Slip Docking Collision,Minor,2256.57,64000.0,0.0353,75.0,30.09,Settled,Low,False,NONE,Sudden wind squall during docking approach threw stern into concrete piling. Swim platform shattered and rub-rail detached. Port transom fiberglass fractured above waterline.,Standard verification complete. Estimates match third-party independent inspection. Documentation verified.
CLM-2024-00606,CUST-06175,POL-009793,Auto,2023-11-26,2023-12-01,5,Rear-End Collision,Minor,5698.43,120000.0,0.0475,3000.0,1.9,Settled,Low,False,NONE,"Insured vehicle was struck from behind while stationary at a signalized intersection. Rear bumper crushed, trunk lid misaligned, and tail light assemblies shattered. Airbags did not deploy. Claimant reported minor neck stiffness.",Standard verification complete. Estimates match third-party independent inspection. Documentation verified.
CLM-2024-00607,CUST-02390,POL-003795,Auto,2023-04-20,2023-04-27,7,Suspicious Multi-Party Collision,Moderate,23093.59,120000.0,0.1924,3000.0,7.7,Open,High,True,STAGED_COLLISION_RING,Insured vehicle alleged sudden brake event leading to rear collision with third-party vehicle occupied by 4 unbelted passengers. All occupants retained same legal counsel and clinic on same business day. Identical soft tissue injury claims submitted. Vehicle damage pattern inconsistent with described low-speed impact velocity.,Potential Billing Discrepancy: Itemized labor and parts estimates exceed regional peer averages by 25-40%.
CLM-2024-00608,CUST-08420,POL-013289,Fire,2024-06-22,2024-06-23,1,Chimney / Fireplace Thermal Spread,Moderate,11169.4,400000.0,0.0279,350.0,31.91,Settled,Low,False,NONE,Creosote buildup in masonry chimney flue sparked internal combustion. Thermal crack allowed embers into attic insulation. Prompt response by local brigade prevented full roof ignition. Flue relining and attic decontamination required.,Standard verification complete. Estimates match third-party independent inspection. Documentation verified.
CLM-2024-00609,CUST-01354,POL-002179,Auto,2023-08-02,2023-08-09,7,Catalytic Converter & Component Theft,Minor,1099.86,100000.0,0.011,750.0,1.47,Settled,Low,False,NONE,"Insured discovered vehicle propped on cinder blocks in driveway with all four alloy wheels, tires, and brake assemblies stolen. Ground scuffs along rocker panels.",Standard verification complete. Estimates match third-party independent inspection. Documentation verified.
CLM-2024-00610,CUST-05494,POL-008710,Auto,2024-03-01,2024-03-07,6,Single Vehicle Roadside Impact,Minor,5345.09,120000.0,0.0445,3000.0,1.78,Approved,Low,False,NONE,Loss of traction on black ice caused vehicle to slide into concrete median barrier. Front subframe and wheel rim cracked. No injuries reported.,Standard verification complete. Estimates match third-party independent inspection. Documentation verified.
CLM-2024-00611,CUST-04958,POL-007837,Auto,2023-08-10,2023-08-12,2,Suspicious Multi-Party Collision,Moderate,70808.25,120000.0,0.5901,3000.0,23.6,Under Investigation,High,True,STAGED_COLLISION_RING,Insured vehicle alleged sudden brake event leading to rear collision with third-party vehicle occupied by 4 unbelted passengers. All occupants retained same legal counsel and clinic on same business day. Identical soft tissue injury claims submitted. Vehicle damage pattern inconsistent with described low-speed impact velocity.,Policy Inception Audit: High-severity claim filed immediately following policy coverage modification.
CLM-2024-00612,CUST-09422,POL-014913,Fire,2023-07-14,2023-08-06,23,Kitchen Grease Fire,Moderate,32415.59,400000.0,0.081,350.0,92.62,Approved,Medium,False,NONE,"Unattended cooking oil ignited on stovetop, spreading rapidly to wooden cabinetry and exhaust hood. Fire department responded within 12 minutes. Heavy smoke damage throughout ground floor and water saturation across kitchen subflooring.",Standard verification complete. Estimates match third-party independent inspection. Documentation verified.
CLM-2024-00613,CUST-08559,POL-013540,Fire,2024-08-13,2024-08-14,1,Electrical Fault Fire,Total Loss,82801.44,300000.0,0.276,150.0,552.01,Settled,Medium,False,NONE,Faulty space heater wiring ignited living room drapery while residents were asleep. Smoke detectors alerted occupants. Fire caused severe burn-through of roof rafters and extensive water damage from fire brigade hoses.,Standard verification complete. Estimates match third-party independent inspection. Documentation verified.
CLM-2024-00614,CUST-08971,POL-014187,Auto,2023-12-12,2023-12-14,2,Intersection T-Bone Impact,Total Loss,49957.46,100000.0,0.4996,750.0,66.61,Settled,Medium,False,NONE,"Broadside collision at uncontrolled intersection during heavy rain. Front quarter panel, suspension, and steering rack compromised. Vehicle deemed unsafe to drive and towed to certified repair facility.",Standard verification complete. Estimates match third-party independent inspection. Documentation verified.
CLM-2024-00615,CUST-01191,POL-001918,Fire,2024-01-16,2024-01-23,7,Electrical Fault Fire,Total Loss,102107.36,300000.0,0.3404,150.0,680.72,Settled,Medium,False,NONE,Faulty space heater wiring ignited living room drapery while residents were asleep. Smoke detectors alerted occupants. Fire caused severe burn-through of roof rafters and extensive water damage from fire brigade hoses.,Standard verification complete. Estimates match third-party independent inspection. Documentation verified.
CLM-2024-00616,CUST-07787,POL-012287,Auto,2023-09-18,2023-09-20,2,Single Vehicle Roadside Impact,Moderate,2222.27,100000.0,0.0222,750.0,2.96,Settled,Low,False,NONE,Loss of traction on black ice caused vehicle to slide into concrete median barrier. Front subframe and wheel rim cracked. No injuries reported.,Standard verification complete. Estimates match third-party independent inspection. Documentation verified.
CLM-2024-00617,CUST-08817,POL-013946,Auto,2023-01-17,2023-01-24,7,Intersection T-Bone Impact,Major,18526.42,120000.0,0.1544,3000.0,6.18,Approved,Medium,False,NONE,Insured was proceeding on green light when a third-party vehicle failed to yield and impacted the passenger side. Significant structural intrusion along B-pillar and both passenger doors. Side curtain airbags deployed. Tow required.,Standard verification complete. Estimates match third-party independent inspection. Documentation verified.
CLM-2024-00618,CUST-07792,POL-012302,Auto,2023-10-10,2023-10-11,1,Inflated Water Restoration,Moderate,37811.34,120000.0,0.3151,3000.0,12.6,Under Investigation,High,True,INFLATED_WATER_REPAIR,"Claim submitted for sudden pipe rupture in unoccupied guest wing. Restoration contractor billed 24 industrial air movers and 6 commercial dehumidifiers for 21 days continuously, exceeding standard mitigation duration by 400%. Demolition invoices include pre-existing renovation materials not damaged by water.",Policy Inception Audit: High-severity claim filed immediately following policy coverage modification.
CLM-2024-00619,CUST-06705,POL-010579,Auto,2023-05-22,2023-05-23,1,Single Vehicle Roadside Impact,Moderate,8898.25,120000.0,0.0742,3000.0,2.97,Settled,Low,False,NONE,"Insured swerved to avoid crossing wildlife on unlit rural road, colliding with roadside guardrail. Damage concentrated on driver front bumper, headlight, and wheel arch. No other vehicles involved.",Standard verification complete. Estimates match third-party independent inspection. Documentation verified.
CLM-2024-00620,CUST-03866,POL-006111,Fire,2023-08-11,2023-08-20,9,Chimney / Fireplace Thermal Spread,Minor,4363.78,300000.0,0.0145,150.0,29.09,Approved,Low,False,NONE,Creosote buildup in masonry chimney flue sparked internal combustion. Thermal crack allowed embers into attic insulation. Prompt response by local brigade prevented full roof ignition. Flue relining and attic decontamination required.,Standard verification complete. Estimates match third-party independent inspection. Documentation verified.
CLM-2024-00621,CUST-01149,POL-001858,Fire,2024-08-13,2024-08-18,5,Kitchen Grease Fire,Major,42925.16,200000.0,0.2146,75.0,572.34,Settled,Medium,False,NONE,"Unattended cooking oil ignited on stovetop, spreading rapidly to wooden cabinetry and exhaust hood. Fire department responded within 12 minutes. Heavy smoke damage throughout ground floor and water saturation across kitchen subflooring.",Standard verification complete. Estimates match third-party independent inspection. Documentation verified.
CLM-2024-00622,CUST-08363,POL-013205,Auto,2023-12-09,2024-03-08,90,High-Value Marine Equipment Loss,Major,70492.17,120000.0,0.5874,3000.0,23.5,Under Investigation,High,True,PHANTOM_LUXURY_BOAT_THEFT,Claimant alleges twin 350HP marine engines unbolted and removed from dry dock trailer overnight with no perimeter fence breaches or security footage. Claim amount matches maximum policy limit to the exact dollar. Title transfer completed only 3 weeks prior.,SIU Audit Triggered: Indicator matches PHANTOM_LUXURY_BOAT_THEFT. Significant inconsistencies in physical damage inspection vs reported narrative.
CLM-2024-00623,CUST-08945,POL-014149,Fire,2023-08-21,2023-08-28,7,Chimney / Fireplace Thermal Spread,Minor,6627.33,300000.0,0.0221,150.0,44.18,Settled,Low,False,NONE,Creosote buildup in masonry chimney flue sparked internal combustion. Thermal crack allowed embers into attic insulation. Prompt response by local brigade prevented full roof ignition. Flue relining and attic decontamination required.,Standard verification complete. Estimates match third-party independent inspection. Documentation verified.
CLM-2024-00624,CUST-02791,POL-004454,Auto,2023-12-01,2023-12-05,4,Intersection T-Bone Impact,Moderate,28565.05,120000.0,0.238,3000.0,9.52,Under Investigation,Medium,False,NONE,Insured was proceeding on green light when a third-party vehicle failed to yield and impacted the passenger side. Significant structural intrusion along B-pillar and both passenger doors. Side curtain airbags deployed. Tow required.,Standard verification complete. Estimates match third-party independent inspection. Documentation verified.
CLM-2024-00625,CUST-06635,POL-010474,Fire,2024-08-12,2024-08-23,11,Chimney / Fireplace Thermal Spread,Minor,9261.65,300000.0,0.0309,150.0,61.74,Settled,Low,False,NONE,Creosote buildup in masonry chimney flue sparked internal combustion. Thermal crack allowed embers into attic insulation. Prompt response by local brigade prevented full roof ignition. Flue relining and attic decontamination required.,Standard verification complete. Estimates match third-party independent inspection. Documentation verified.
CLM-2024-00626,CUST-03089,POL-004943,Caravan,2024-05-02,2024-05-11,9,Storm Hail and Tree Branch Impact,Moderate,8305.95,17500.0,0.4746,25.0,332.24,Approved,Low,False,NONE,High winds at holiday park caused awning detachment and side panel punctures. Water entered electrical breaker enclosure.,Standard verification complete. Estimates match third-party independent inspection. Documentation verified.
CLM-2024-00627,CUST-01595,POL-002571,Auto,2023-05-19,2023-05-23,4,Catalytic Converter & Component Theft,Minor,2001.15,120000.0,0.0167,3000.0,0.67,Settled,Low,False,NONE,"Insured discovered vehicle propped on cinder blocks in driveway with all four alloy wheels, tires, and brake assemblies stolen. Ground scuffs along rocker panels.",Standard verification complete. Estimates match third-party independent inspection. Documentation verified.
CLM-2024-00628,CUST-05859,POL-009290,Fire,2024-06-20,2024-06-27,7,Kitchen Grease Fire,Moderate,23581.69,400000.0,0.059,350.0,67.38,Approved,Medium,False,NONE,"Unattended cooking oil ignited on stovetop, spreading rapidly to wooden cabinetry and exhaust hood. Fire department responded within 12 minutes. Heavy smoke damage throughout ground floor and water saturation across kitchen subflooring.",Standard verification complete. Estimates match third-party independent inspection. Documentation verified.
CLM-2024-00629,CUST-02609,POL-004143,Auto,2023-04-26,2023-04-28,2,Catalytic Converter & Component Theft,Moderate,2487.27,120000.0,0.0207,3000.0,0.83,Settled,Low,False,NONE,"Insured discovered vehicle propped on cinder blocks in driveway with all four alloy wheels, tires, and brake assemblies stolen. Ground scuffs along rocker panels.",Standard verification complete. Estimates match third-party independent inspection. Documentation verified.
CLM-2024-00630,CUST-04734,POL-007503,Auto,2023-11-09,2023-12-04,25,Suspicious Early Inception Fire,Major,81275.93,120000.0,0.6773,3000.0,27.09,Under Investigation,High,True,RECENT_COVERAGE_SPIKE_FIRE,"Commercial property fire reported 9 days following policy contribution upgrade. Fire originated in storage room with two distinct, unlinked burn patterns detected by arson investigator. Stock inventory records requested but claimant unable to provide supporting receipts or tax filings.",SIU Audit Triggered: Indicator matches RECENT_COVERAGE_SPIKE_FIRE. Significant inconsistencies in physical damage inspection vs reported narrative.
CLM-2024-00631,CUST-09276,POL-014670,Fire,2024-03-28,2024-03-31,3,Chimney / Fireplace Thermal Spread,Minor,8100.95,400000.0,0.0203,350.0,23.15,Settled,Low,False,NONE,Creosote buildup in masonry chimney flue sparked internal combustion. Thermal crack allowed embers into attic insulation. Prompt response by local brigade prevented full roof ignition. Flue relining and attic decontamination required.,Standard verification complete. Estimates match third-party independent inspection. Documentation verified.
CLM-2024-00632,CUST-03747,POL-005943,Auto,2023-03-29,2023-04-04,6,Rear-End Collision,Major,10550.88,100000.0,0.1055,750.0,14.07,Settled,Low,False,NONE,"Insured vehicle was struck from behind while stationary at a signalized intersection. Rear bumper crushed, trunk lid misaligned, and tail light assemblies shattered. Airbags did not deploy. Claimant reported minor neck stiffness.",Standard verification complete. Estimates match third-party independent inspection. Documentation verified.
CLM-2024-00633,CUST-07973,POL-012588,Fire,2023-10-22,2023-10-25,3,Kitchen Grease Fire,Major,39886.97,300000.0,0.133,150.0,265.91,Settled,Medium,False,NONE,"Unattended cooking oil ignited on stovetop, spreading rapidly to wooden cabinetry and exhaust hood. Fire department responded within 12 minutes. Heavy smoke damage throughout ground floor and water saturation across kitchen subflooring.",Standard verification complete. Estimates match third-party independent inspection. Documentation verified.
CLM-2024-00634,CUST-05323,POL-008443,Auto,2023-08-05,2023-08-07,2,Intersection T-Bone Impact,Total Loss,46549.76,120000.0,0.3879,3000.0,15.52,Under Investigation,Medium,False,NONE,"Broadside collision at uncontrolled intersection during heavy rain. Front quarter panel, suspension, and steering rack compromised. Vehicle deemed unsafe to drive and towed to certified repair facility.",Standard verification complete. Estimates match third-party independent inspection. Documentation verified.
CLM-2024-00635,CUST-03824,POL-006050,Fire,2023-01-19,2023-01-21,2,Electrical Fault Fire,Major,85683.04,400000.0,0.2142,350.0,244.81,Approved,Medium,False,NONE,Faulty space heater wiring ignited living room drapery while residents were asleep. Smoke detectors alerted occupants. Fire caused severe burn-through of roof rafters and extensive water damage from fire brigade hoses.,Standard verification complete. Estimates match third-party independent inspection. Documentation verified.
CLM-2024-00636,CUST-04243,POL-006721,Auto,2023-02-24,2023-02-27,3,Catalytic Converter & Component Theft,Minor,852.23,120000.0,0.0071,3000.0,0.28,Approved,Low,False,NONE,Vehicle parked overnight in commuter lot. Exhaust system severed cleanly beneath chassis and catalytic converter removed. Oxygen sensors stripped. Comprehensive theft claim submitted with police report number.,Standard verification complete. Estimates match third-party independent inspection. Documentation verified.
CLM-2024-00637,CUST-04331,POL-006858,Auto,2023-04-21,2023-04-25,4,Rear-End Collision,Moderate,3935.53,120000.0,0.0328,3000.0,1.31,Under Investigation,Low,False,NONE,"Vehicle was rear-ended in heavy stop-and-go highway traffic. Impact pushed vehicle into leading car, resulting in front and rear fascia damage. Radiator support cracked. Police report filed at scene.",Standard verification complete. Estimates match third-party independent inspection. Documentation verified.
CLM-2024-00638,CUST-08444,POL-013329,Auto,2023-11-20,2023-12-11,21,Suspicious Multi-Party Collision,Moderate,17362.68,120000.0,0.1447,3000.0,5.79,Open,High,True,STAGED_COLLISION_RING,Insured vehicle alleged sudden brake event leading to rear collision with third-party vehicle occupied by 4 unbelted passengers. All occupants retained same legal counsel and clinic on same business day. Identical soft tissue injury claims submitted. Vehicle damage pattern inconsistent with described low-speed impact velocity.,Potential Billing Discrepancy: Itemized labor and parts estimates exceed regional peer averages by 25-40%.
CLM-2024-00639,CUST-03299,POL-005264,Auto,2023-01-23,2023-01-29,6,Rear-End Collision,Minor,2137.52,120000.0,0.0178,3000.0,0.71,Settled,Low,False,NONE,"Vehicle was rear-ended in heavy stop-and-go highway traffic. Impact pushed vehicle into leading car, resulting in front and rear fascia damage. Radiator support cracked. Police report filed at scene.",Standard verification complete. Estimates match third-party independent inspection. Documentation verified.
CLM-2024-00640,CUST-08297,POL-013100,Fire,2023-12-27,2023-12-30,3,Electrical Fault Fire,Total Loss,225097.85,400000.0,0.5627,350.0,643.14,Settled,Medium,False,NONE,Overheated breaker panel in basement initiated smoldering fire inside stud wall cavity. Flames traveled upward between floors before breaching living room drywall. Significant structural timber charring and complete electrical overhaul required.,Standard verification complete. Estimates match third-party independent inspection. Documentation verified.
CLM-2024-00641,CUST-05884,POL-009333,Auto,2023-09-21,2023-09-22,1,Suspicious Multi-Party Collision,Major,46827.97,120000.0,0.3902,3000.0,15.61,Under Investigation,High,True,STAGED_COLLISION_RING,Insured vehicle alleged sudden brake event leading to rear collision with third-party vehicle occupied by 4 unbelted passengers. All occupants retained same legal counsel and clinic on same business day. Identical soft tissue injury claims submitted. Vehicle damage pattern inconsistent with described low-speed impact velocity.,Policy Inception Audit: High-severity claim filed immediately following policy coverage modification.
CLM-2024-00642,CUST-07740,POL-012222,Fire,2024-02-07,2024-02-20,13,Chimney / Fireplace Thermal Spread,Minor,5929.47,400000.0,0.0148,350.0,16.94,Approved,Low,False,NONE,Creosote buildup in masonry chimney flue sparked internal combustion. Thermal crack allowed embers into attic insulation. Prompt response by local brigade prevented full roof ignition. Flue relining and attic decontamination required.,Standard verification complete. Estimates match third-party independent inspection. Documentation verified.
CLM-2024-00643,CUST-08138,POL-012838,Fire,2023-08-21,2023-09-04,14,Electrical Fault Fire,Major,71986.26,300000.0,0.24,150.0,479.91,Settled,Medium,False,NONE,Overheated breaker panel in basement initiated smoldering fire inside stud wall cavity. Flames traveled upward between floors before breaching living room drywall. Significant structural timber charring and complete electrical overhaul required.,Standard verification complete. Estimates match third-party independent inspection. Documentation verified.
CLM-2024-00644,CUST-08556,POL-013535,Auto,2023-05-15,2023-05-22,7,Intersection T-Bone Impact,Total Loss,55481.92,120000.0,0.4623,3000.0,18.49,Settled,Medium,False,NONE,Insured was proceeding on green light when a third-party vehicle failed to yield and impacted the passenger side. Significant structural intrusion along B-pillar and both passenger doors. Side curtain airbags deployed. Tow required.,Standard verification complete. Estimates match third-party independent inspection. Documentation verified.
CLM-2024-00645,CUST-09061,POL-014321,Fire,2024-06-20,2024-06-27,7,Kitchen Grease Fire,Major,54494.63,400000.0,0.1362,350.0,155.7,Settled,Medium,False,NONE,"Unattended cooking oil ignited on stovetop, spreading rapidly to wooden cabinetry and exhaust hood. Fire department responded within 12 minutes. Heavy smoke damage throughout ground floor and water saturation across kitchen subflooring.",Standard verification complete. Estimates match third-party independent inspection. Documentation verified.
CLM-2024-00646,CUST-02731,POL-004356,Auto,2024-06-29,2024-07-01,2,Suspicious Multi-Party Collision,Moderate,51244.68,120000.0,0.427,3000.0,17.08,Under Investigation,High,True,STAGED_COLLISION_RING,Insured vehicle alleged sudden brake event leading to rear collision with third-party vehicle occupied by 4 unbelted passengers. All occupants retained same legal counsel and clinic on same business day. Identical soft tissue injury claims submitted. Vehicle damage pattern inconsistent with described low-speed impact velocity.,Policy Inception Audit: High-severity claim filed immediately following policy coverage modification.
CLM-2024-00647,CUST-05811,POL-009202,Auto,2023-01-31,2023-02-06,6,Single Vehicle Roadside Impact,Moderate,6876.63,120000.0,0.0573,3000.0,2.29,Approved,Low,False,NONE,Loss of traction on black ice caused vehicle to slide into concrete median barrier. Front subframe and wheel rim cracked. No injuries reported.,Standard verification complete. Estimates match third-party independent inspection. Documentation verified.
CLM-2024-00648,CUST-09091,POL-014372,Fire,2023-10-08,2023-10-11,3,Kitchen Grease Fire,Moderate,12243.03,125000.0,0.0979,25.0,489.72,Under Investigation,Medium,False,NONE,"Unattended cooking oil ignited on stovetop, spreading rapidly to wooden cabinetry and exhaust hood. Fire department responded within 12 minutes. Heavy smoke damage throughout ground floor and water saturation across kitchen subflooring.",Standard verification complete. Estimates match third-party independent inspection. Documentation verified.
CLM-2024-00649,CUST-00432,POL-000699,Auto,2024-08-03,2024-08-05,2,Intersection T-Bone Impact,Total Loss,12032.08,120000.0,0.1003,3000.0,4.01,Settled,Medium,False,NONE,Insured was proceeding on green light when a third-party vehicle failed to yield and impacted the passenger side. Significant structural intrusion along B-pillar and both passenger doors. Side curtain airbags deployed. Tow required.,Standard verification complete. Estimates match third-party independent inspection. Documentation verified.
CLM-2024-00650,CUST-01060,POL-001698,Fire,2023-05-18,2023-05-23,5,Chimney / Fireplace Thermal Spread,Moderate,8985.14,500000.0,0.018,750.0,11.98,Settled,Low,False,NONE,Creosote buildup in masonry chimney flue sparked internal combustion. Thermal crack allowed embers into attic insulation. Prompt response by local brigade prevented full roof ignition. Flue relining and attic decontamination required.,Standard verification complete. Estimates match third-party independent inspection. Documentation verified.
CLM-2024-00651,CUST-01347,POL-002166,Auto,2023-08-20,2023-08-27,7,Rear-End Collision,Moderate,8856.18,100000.0,0.0886,750.0,11.81,Settled,Low,False,NONE,"Insured vehicle was struck from behind while stationary at a signalized intersection. Rear bumper crushed, trunk lid misaligned, and tail light assemblies shattered. Airbags did not deploy. Claimant reported minor neck stiffness.",Standard verification complete. Estimates match third-party independent inspection. Documentation verified.
CLM-2024-00652,CUST-06781,POL-010696,Fire,2023-07-27,2023-07-29,2,Kitchen Grease Fire,Moderate,45151.59,300000.0,0.1505,150.0,301.01,Approved,Medium,False,NONE,"Unattended cooking oil ignited on stovetop, spreading rapidly to wooden cabinetry and exhaust hood. Fire department responded within 12 minutes. Heavy smoke damage throughout ground floor and water saturation across kitchen subflooring.",Standard verification complete. Estimates match third-party independent inspection. Documentation verified.
CLM-2024-00653,CUST-00725,POL-001145,Fire,2023-11-29,2023-12-01,2,Electrical Fault Fire,Major,34877.41,400000.0,0.0872,350.0,99.65,Approved,Medium,False,NONE,Faulty space heater wiring ignited living room drapery while residents were asleep. Smoke detectors alerted occupants. Fire caused severe burn-through of roof rafters and extensive water damage from fire brigade hoses.,Standard verification complete. Estimates match third-party independent inspection. Documentation verified.
CLM-2024-00654,CUST-00816,POL-001291,Auto,2023-11-17,2023-11-22,5,Catalytic Converter & Component Theft,Minor,2267.42,120000.0,0.0189,3000.0,0.76,Settled,Low,False,NONE,Vehicle parked overnight in commuter lot. Exhaust system severed cleanly beneath chassis and catalytic converter removed. Oxygen sensors stripped. Comprehensive theft claim submitted with police report number.,Standard verification complete. Estimates match third-party independent inspection. Documentation verified.
CLM-2024-00655,CUST-04487,POL-007125,Auto,2024-06-15,2024-06-23,8,Catalytic Converter & Component Theft,Minor,1842.24,120000.0,0.0154,3000.0,0.61,Settled,Low,False,NONE,"Insured discovered vehicle propped on cinder blocks in driveway with all four alloy wheels, tires, and brake assemblies stolen. Ground scuffs along rocker panels.",Standard verification complete. Estimates match third-party independent inspection. Documentation verified.
CLM-2024-00656,CUST-00120,POL-000197,Auto,2024-02-12,2024-02-21,9,Single Vehicle Roadside Impact,Moderate,3488.43,120000.0,0.0291,3000.0,1.16,Open,Low,False,NONE,Loss of traction on black ice caused vehicle to slide into concrete median barrier. Front subframe and wheel rim cracked. No injuries reported.,Standard verification complete. Estimates match third-party independent inspection. Documentation verified.
CLM-2024-00657,CUST-01852,POL-002971,Auto,2023-05-26,2023-06-09,14,Catalytic Converter & Component Theft,Moderate,1656.36,120000.0,0.0138,3000.0,0.55,Approved,Low,False,NONE,Vehicle parked overnight in commuter lot. Exhaust system severed cleanly beneath chassis and catalytic converter removed. Oxygen sensors stripped. Comprehensive theft claim submitted with police report number.,Standard verification complete. Estimates match third-party independent inspection. Documentation verified.
CLM-2024-00658,CUST-03225,POL-005146,Boat,2024-07-13,2024-07-14,1,Submerged Hazard & Hull Puncture,Major,10985.78,128000.0,0.0858,350.0,31.39,Settled,Low,False,NONE,"Twin outboard lower gearcases struck submerged rock ledge at cruising speed. Both skegs sheared, stainless steel propellers mangled, and drive shafts warped. Mechanical survey confirms complete lower unit replacements.",Standard verification complete. Estimates match third-party independent inspection. Documentation verified.
CLM-2024-00659,CUST-05622,POL-008910,Fire,2023-07-26,2023-07-29,3,Electrical Fault Fire,Major,107974.33,600000.0,0.18,3000.0,35.99,Approved,Medium,False,NONE,Faulty space heater wiring ignited living room drapery while residents were asleep. Smoke detectors alerted occupants. Fire caused severe burn-through of roof rafters and extensive water damage from fire brigade hoses.,Standard verification complete. Estimates match third-party independent inspection. Documentation verified.
CLM-2024-00660,CUST-01628,POL-002626,Auto,2023-05-07,2023-05-12,5,Rear-End Collision,Minor,1273.74,120000.0,0.0106,3000.0,0.42,Approved,Low,False,NONE,"Vehicle was rear-ended in heavy stop-and-go highway traffic. Impact pushed vehicle into leading car, resulting in front and rear fascia damage. Radiator support cracked. Police report filed at scene.",Standard verification complete. Estimates match third-party independent inspection. Documentation verified.
CLM-2024-00661,CUST-04392,POL-006956,Fire,2024-06-07,2024-06-11,4,Chimney / Fireplace Thermal Spread,Minor,2481.57,125000.0,0.0199,25.0,99.26,Settled,Low,False,NONE,Creosote buildup in masonry chimney flue sparked internal combustion. Thermal crack allowed embers into attic insulation. Prompt response by local brigade prevented full roof ignition. Flue relining and attic decontamination required.,Standard verification complete. Estimates match third-party independent inspection. Documentation verified.
CLM-2024-00662,CUST-03737,POL-005926,Fire,2023-06-03,2023-06-05,2,Kitchen Grease Fire,Moderate,9644.38,200000.0,0.0482,75.0,128.59,Settled,Low,False,NONE,"Unattended cooking oil ignited on stovetop, spreading rapidly to wooden cabinetry and exhaust hood. Fire department responded within 12 minutes. Heavy smoke damage throughout ground floor and water saturation across kitchen subflooring.",Standard verification complete. Estimates match third-party independent inspection. Documentation verified.
CLM-2024-00663,CUST-09800,POL-015506,Fire,2024-04-01,2024-04-02,1,Electrical Fault Fire,Major,93750.0,125000.0,0.75,25.0,3750.0,Settled,Medium,False,NONE,Overheated breaker panel in basement initiated smoldering fire inside stud wall cavity. Flames traveled upward between floors before breaching living room drywall. Significant structural timber charring and complete electrical overhaul required.,Standard verification complete. Estimates match third-party independent inspection. Documentation verified.
CLM-2024-00664,CUST-04775,POL-007571,Auto,2023-01-13,2023-01-25,12,Catalytic Converter & Component Theft,Moderate,1328.35,140000.0,0.0095,7500.0,0.18,Open,Low,False,NONE,"Insured discovered vehicle propped on cinder blocks in driveway with all four alloy wheels, tires, and brake assemblies stolen. Ground scuffs along rocker panels.",Standard verification complete. Estimates match third-party independent inspection. Documentation verified.
CLM-2024-00665,CUST-08446,POL-013338,Fire,2024-05-02,2024-05-09,7,Electrical Fault Fire,Total Loss,118257.74,200000.0,0.5913,75.0,1576.77,Settled,Medium,False,NONE,Faulty space heater wiring ignited living room drapery while residents were asleep. Smoke detectors alerted occupants. Fire caused severe burn-through of roof rafters and extensive water damage from fire brigade hoses.,Standard verification complete. Estimates match third-party independent inspection. Documentation verified.
CLM-2024-00666,CUST-05510,POL-008734,Fire,2024-07-24,2024-08-11,18,Kitchen Grease Fire,Moderate,41260.11,200000.0,0.2063,75.0,550.13,Settled,Medium,False,NONE,"Unattended cooking oil ignited on stovetop, spreading rapidly to wooden cabinetry and exhaust hood. Fire department responded within 12 minutes. Heavy smoke damage throughout ground floor and water saturation across kitchen subflooring.",Standard verification complete. Estimates match third-party independent inspection. Documentation verified.
CLM-2024-00667,CUST-01102,POL-001762,Auto,2024-08-14,2024-08-21,7,Single Vehicle Roadside Impact,Moderate,6507.16,120000.0,0.0542,3000.0,2.17,Settled,Low,False,NONE,"Insured swerved to avoid crossing wildlife on unlit rural road, colliding with roadside guardrail. Damage concentrated on driver front bumper, headlight, and wheel arch. No other vehicles involved.",Standard verification complete. Estimates match third-party independent inspection. Documentation verified.
CLM-2024-00668,CUST-02990,POL-004782,Auto,2024-08-09,2024-08-15,6,Intersection T-Bone Impact,Major,12681.15,120000.0,0.1057,3000.0,4.23,Settled,Medium,False,NONE,"Broadside collision at uncontrolled intersection during heavy rain. Front quarter panel, suspension, and steering rack compromised. Vehicle deemed unsafe to drive and towed to certified repair facility.",Standard verification complete. Estimates match third-party independent inspection. Documentation verified.
CLM-2024-00669,CUST-05041,POL-007979,Auto,2024-01-24,2024-02-05,12,Rear-End Collision,Moderate,2241.01,120000.0,0.0187,3000.0,0.75,Approved,Low,False,NONE,"Insured vehicle was struck from behind while stationary at a signalized intersection. Rear bumper crushed, trunk lid misaligned, and tail light assemblies shattered. Airbags did not deploy. Claimant reported minor neck stiffness.",Standard verification complete. Estimates match third-party independent inspection. Documentation verified.
CLM-2024-00670,CUST-03089,POL-004943,Caravan,2024-06-23,2024-06-24,1,Storm Hail and Tree Branch Impact,Minor,2341.66,17500.0,0.1338,25.0,93.67,Approved,Low,False,NONE,"Severe thunderstorm brought 2-inch hail and fallen pine limb onto mobile home aluminum roof. Punctured roof membrane, shattered skylight, and caused interior water intrusion onto living area carpet.",Standard verification complete. Estimates match third-party independent inspection. Documentation verified.
CLM-2024-00671,CUST-03187,POL-005085,Fire,2023-03-31,2023-04-03,3,Electrical Fault Fire,Total Loss,87204.22,400000.0,0.218,350.0,249.15,Settled,Medium,False,NONE,Faulty space heater wiring ignited living room drapery while residents were asleep. Smoke detectors alerted occupants. Fire caused severe burn-through of roof rafters and extensive water damage from fire brigade hoses.,Standard verification complete. Estimates match third-party independent inspection. Documentation verified.
CLM-2024-00672,CUST-08567,POL-013553,Fire,2023-12-29,2024-01-04,6,Kitchen Grease Fire,Major,27788.89,300000.0,0.0926,150.0,185.26,Settled,Medium,False,NONE,"Deep fryer flare-up caused flame spread to kitchen drywall. Heat blistering across ceiling joists. Structural fire damage contained to kitchen area, but substantial soot cleanup needed throughout residence.",Standard verification complete. Estimates match third-party independent inspection. Documentation verified.
CLM-2024-00673,CUST-07224,POL-011387,Auto,2023-07-18,2023-07-23,5,Rear-End Collision,Minor,4611.12,120000.0,0.0384,3000.0,1.54,Approved,Low,False,NONE,"Insured vehicle was struck from behind while stationary at a signalized intersection. Rear bumper crushed, trunk lid misaligned, and tail light assemblies shattered. Airbags did not deploy. Claimant reported minor neck stiffness.",Standard verification complete. Estimates match third-party independent inspection. Documentation verified.
CLM-2024-00674,CUST-02954,POL-004721,Auto,2024-02-29,2024-03-02,2,Catalytic Converter & Component Theft,Minor,2191.66,100000.0,0.0219,750.0,2.92,Settled,Low,False,NONE,"Insured discovered vehicle propped on cinder blocks in driveway with all four alloy wheels, tires, and brake assemblies stolen. Ground scuffs along rocker panels.",Standard verification complete. Estimates match third-party independent inspection. Documentation verified.
CLM-2024-00675,CUST-02410,POL-003827,Fire,2023-10-16,2023-10-25,9,Electrical Fault Fire,Major,93750.0,125000.0,0.75,25.0,3750.0,Approved,Medium,False,NONE,Faulty space heater wiring ignited living room drapery while residents were asleep. Smoke detectors alerted occupants. Fire caused severe burn-through of roof rafters and extensive water damage from fire brigade hoses.,Standard verification complete. Estimates match third-party independent inspection. Documentation verified.
CLM-2024-00676,CUST-07755,POL-012246,Fire,2023-12-08,2024-03-04,87,Suspicious Multi-Party Collision,Major,232325.77,300000.0,0.7744,150.0,1548.84,Under Investigation,High,True,STAGED_COLLISION_RING,Insured vehicle alleged sudden brake event leading to rear collision with third-party vehicle occupied by 4 unbelted passengers. All occupants retained same legal counsel and clinic on same business day. Identical soft tissue injury claims submitted. Vehicle damage pattern inconsistent with described low-speed impact velocity.,SIU Audit Triggered: Indicator matches STAGED_COLLISION_RING. Significant inconsistencies in physical damage inspection vs reported narrative.
CLM-2024-00677,CUST-07288,POL-011480,Fire,2023-12-13,2023-12-19,6,Chimney / Fireplace Thermal Spread,Moderate,14682.08,400000.0,0.0367,350.0,41.95,Settled,Medium,False,NONE,Creosote buildup in masonry chimney flue sparked internal combustion. Thermal crack allowed embers into attic insulation. Prompt response by local brigade prevented full roof ignition. Flue relining and attic decontamination required.,Standard verification complete. Estimates match third-party independent inspection. Documentation verified.
CLM-2024-00678,CUST-06345,POL-010041,Fire,2024-07-03,2024-07-24,21,Electrical Fault Fire,Total Loss,40299.27,200000.0,0.2015,75.0,537.32,Settled,Medium,False,NONE,Faulty space heater wiring ignited living room drapery while residents were asleep. Smoke detectors alerted occupants. Fire caused severe burn-through of roof rafters and extensive water damage from fire brigade hoses.,Standard verification complete. Estimates match third-party independent inspection. Documentation verified.
CLM-2024-00679,CUST-01182,POL-001899,Auto,2023-11-20,2023-11-27,7,Rear-End Collision,Minor,5140.83,120000.0,0.0428,3000.0,1.71,Settled,Low,False,NONE,"Vehicle was rear-ended in heavy stop-and-go highway traffic. Impact pushed vehicle into leading car, resulting in front and rear fascia damage. Radiator support cracked. Police report filed at scene.",Standard verification complete. Estimates match third-party independent inspection. Documentation verified.
CLM-2024-00680,CUST-09777,POL-015468,Auto,2023-10-15,2023-10-29,14,Rear-End Collision,Moderate,6095.94,120000.0,0.0508,3000.0,2.03,Settled,Low,False,NONE,"Vehicle was rear-ended in heavy stop-and-go highway traffic. Impact pushed vehicle into leading car, resulting in front and rear fascia damage. Radiator support cracked. Police report filed at scene.",Standard verification complete. Estimates match third-party independent inspection. Documentation verified.
CLM-2024-00681,CUST-09818,POL-015535,Fire,2023-04-30,2023-05-02,2,Electrical Fault Fire,Total Loss,50632.67,300000.0,0.1688,150.0,337.55,Open,Medium,False,NONE,Overheated breaker panel in basement initiated smoldering fire inside stud wall cavity. Flames traveled upward between floors before breaching living room drywall. Significant structural timber charring and complete electrical overhaul required.,Standard verification complete. Estimates match third-party independent inspection. Documentation verified.
CLM-2024-00682,CUST-04522,POL-007172,Fire,2023-11-06,2023-11-12,6,Kitchen Grease Fire,Major,73793.08,300000.0,0.246,150.0,491.95,Approved,Medium,False,NONE,"Unattended cooking oil ignited on stovetop, spreading rapidly to wooden cabinetry and exhaust hood. Fire department responded within 12 minutes. Heavy smoke damage throughout ground floor and water saturation across kitchen subflooring.",Standard verification complete. Estimates match third-party independent inspection. Documentation verified.
CLM-2024-00683,CUST-07662,POL-012084,Fire,2024-03-30,2024-04-06,7,Chimney / Fireplace Thermal Spread,Minor,3610.35,200000.0,0.0181,75.0,48.14,Settled,Low,False,NONE,Creosote buildup in masonry chimney flue sparked internal combustion. Thermal crack allowed embers into attic insulation. Prompt response by local brigade prevented full roof ignition. Flue relining and attic decontamination required.,Standard verification complete. Estimates match third-party independent inspection. Documentation verified.
CLM-2024-00684,CUST-06781,POL-010695,Auto,2024-06-20,2024-06-26,6,Single Vehicle Roadside Impact,Moderate,2671.98,100000.0,0.0267,750.0,3.56,Under Investigation,Low,False,NONE,"Insured swerved to avoid crossing wildlife on unlit rural road, colliding with roadside guardrail. Damage concentrated on driver front bumper, headlight, and wheel arch. No other vehicles involved.",Standard verification complete. Estimates match third-party independent inspection. Documentation verified.
CLM-2024-00685,CUST-00577,POL-000925,Auto,2023-05-16,2023-06-03,18,Intersection T-Bone Impact,Total Loss,50139.97,120000.0,0.4178,3000.0,16.71,Settled,Medium,False,NONE,Insured was proceeding on green light when a third-party vehicle failed to yield and impacted the passenger side. Significant structural intrusion along B-pillar and both passenger doors. Side curtain airbags deployed. Tow required.,Standard verification complete. Estimates match third-party independent inspection. Documentation verified.
CLM-2024-00686,CUST-04012,POL-006335,Fire,2023-02-15,2023-02-22,7,Suspicious Multi-Party Collision,Major,21489.89,500000.0,0.043,750.0,28.65,Under Investigation,High,True,STAGED_COLLISION_RING,Insured vehicle alleged sudden brake event leading to rear collision with third-party vehicle occupied by 4 unbelted passengers. All occupants retained same legal counsel and clinic on same business day. Identical soft tissue injury claims submitted. Vehicle damage pattern inconsistent with described low-speed impact velocity.,Potential Billing Discrepancy: Itemized labor and parts estimates exceed regional peer averages by 25-40%.
CLM-2024-00687,CUST-08353,POL-013193,Auto,2023-11-16,2023-12-18,32,Suspicious Early Inception Fire,Major,82497.95,120000.0,0.6875,3000.0,27.5,Under Investigation,High,True,RECENT_COVERAGE_SPIKE_FIRE,"Commercial property fire reported 9 days following policy contribution upgrade. Fire originated in storage room with two distinct, unlinked burn patterns detected by arson investigator. Stock inventory records requested but claimant unable to provide supporting receipts or tax filings.",SIU Audit Triggered: Indicator matches RECENT_COVERAGE_SPIKE_FIRE. Significant inconsistencies in physical damage inspection vs reported narrative.
CLM-2024-00688,CUST-06067,POL-009622,Fire,2023-07-25,2023-07-30,5,Kitchen Grease Fire,Major,47696.6,200000.0,0.2385,75.0,635.95,Approved,Medium,False,NONE,"Deep fryer flare-up caused flame spread to kitchen drywall. Heat blistering across ceiling joists. Structural fire damage contained to kitchen area, but substantial soot cleanup needed throughout residence.",Standard verification complete. Estimates match third-party independent inspection. Documentation verified.
CLM-2024-00689,CUST-03310,POL-005279,Fire,2023-06-11,2023-06-15,4,Electrical Fault Fire,Major,100073.72,300000.0,0.3336,150.0,667.16,Settled,Medium,False,NONE,Overheated breaker panel in basement initiated smoldering fire inside stud wall cavity. Flames traveled upward between floors before breaching living room drywall. Significant structural timber charring and complete electrical overhaul required.,Standard verification complete. Estimates match third-party independent inspection. Documentation verified.
CLM-2024-00690,CUST-02449,POL-003886,Auto,2024-07-16,2024-07-19,3,Single Vehicle Roadside Impact,Moderate,9232.1,100000.0,0.0923,750.0,12.31,Settled,Low,False,NONE,"Insured swerved to avoid crossing wildlife on unlit rural road, colliding with roadside guardrail. Damage concentrated on driver front bumper, headlight, and wheel arch. No other vehicles involved.",Standard verification complete. Estimates match third-party independent inspection. Documentation verified.
CLM-2024-00691,CUST-06689,POL-010562,Fire,2023-11-15,2023-11-17,2,Chimney / Fireplace Thermal Spread,Moderate,4707.01,300000.0,0.0157,150.0,31.38,Open,Low,False,NONE,Creosote buildup in masonry chimney flue sparked internal combustion. Thermal crack allowed embers into attic insulation. Prompt response by local brigade prevented full roof ignition. Flue relining and attic decontamination required.,Standard verification complete. Estimates match third-party independent inspection. Documentation verified.
CLM-2024-00692,CUST-00464,POL-000748,Auto,2024-01-28,2024-02-19,22,High-Value Marine Equipment Loss,Major,69163.51,120000.0,0.5764,3000.0,23.05,Under Investigation,High,True,PHANTOM_LUXURY_BOAT_THEFT,Claimant alleges twin 350HP marine engines unbolted and removed from dry dock trailer overnight with no perimeter fence breaches or security footage. Claim amount matches maximum policy limit to the exact dollar. Title transfer completed only 3 weeks prior.,SIU Audit Triggered: Indicator matches PHANTOM_LUXURY_BOAT_THEFT. Significant inconsistencies in physical damage inspection vs reported narrative.
CLM-2024-00693,CUST-09774,POL-015462,Fire,2024-04-01,2024-04-06,5,Chimney / Fireplace Thermal Spread,Moderate,7192.48,200000.0,0.036,75.0,95.9,Approved,Low,False,NONE,Creosote buildup in masonry chimney flue sparked internal combustion. Thermal crack allowed embers into attic insulation. Prompt response by local brigade prevented full roof ignition. Flue relining and attic decontamination required.,Standard verification complete. Estimates match third-party independent inspection. Documentation verified.
CLM-2024-00694,CUST-04435,POL-007033,Auto,2023-03-22,2023-03-23,1,Catalytic Converter & Component Theft,Minor,2458.6,100000.0,0.0246,750.0,3.28,Settled,Low,False,NONE,Vehicle parked overnight in commuter lot. Exhaust system severed cleanly beneath chassis and catalytic converter removed. Oxygen sensors stripped. Comprehensive theft claim submitted with police report number.,Standard verification complete. Estimates match third-party independent inspection. Documentation verified.
CLM-2024-00695,CUST-04316,POL-006839,Fire,2024-04-21,2024-05-18,27,Electrical Fault Fire,Major,112915.05,400000.0,0.2823,350.0,322.61,Settled,Medium,False,NONE,Overheated breaker panel in basement initiated smoldering fire inside stud wall cavity. Flames traveled upward between floors before breaching living room drywall. Significant structural timber charring and complete electrical overhaul required.,Standard verification complete. Estimates match third-party independent inspection. Documentation verified.
CLM-2024-00696,CUST-03368,POL-005361,Fire,2023-07-07,2023-07-11,4,Chimney / Fireplace Thermal Spread,Moderate,5169.03,300000.0,0.0172,150.0,34.46,Settled,Low,False,NONE,Creosote buildup in masonry chimney flue sparked internal combustion. Thermal crack allowed embers into attic insulation. Prompt response by local brigade prevented full roof ignition. Flue relining and attic decontamination required.,Standard verification complete. Estimates match third-party independent inspection. Documentation verified.
CLM-2024-00697,CUST-05379,POL-008526,Auto,2024-04-17,2024-04-23,6,Intersection T-Bone Impact,Major,14054.03,120000.0,0.1171,3000.0,4.68,Settled,Medium,False,NONE,"Broadside collision at uncontrolled intersection during heavy rain. Front quarter panel, suspension, and steering rack compromised. Vehicle deemed unsafe to drive and towed to certified repair facility.",Standard verification complete. Estimates match third-party independent inspection. Documentation verified.
CLM-2024-00698,CUST-06336,POL-010023,Fire,2023-04-20,2023-04-21,1,Electrical Fault Fire,Major,87191.02,400000.0,0.218,350.0,249.12,Settled,Medium,False,NONE,Faulty space heater wiring ignited living room drapery while residents were asleep. Smoke detectors alerted occupants. Fire caused severe burn-through of roof rafters and extensive water damage from fire brigade hoses.,Standard verification complete. Estimates match third-party independent inspection. Documentation verified.
CLM-2024-00699,CUST-06537,POL-010322,Fire,2024-07-15,2024-07-17,2,Kitchen Grease Fire,Major,28643.43,400000.0,0.0716,350.0,81.84,Approved,Medium,False,NONE,"Deep fryer flare-up caused flame spread to kitchen drywall. Heat blistering across ceiling joists. Structural fire damage contained to kitchen area, but substantial soot cleanup needed throughout residence.",Standard verification complete. Estimates match third-party independent inspection. Documentation verified.
CLM-2024-00700,CUST-04754,POL-007529,Fire,2024-03-21,2024-03-25,4,Chimney / Fireplace Thermal Spread,Moderate,17945.2,400000.0,0.0449,350.0,51.27,Approved,Medium,False,NONE,Creosote buildup in masonry chimney flue sparked internal combustion. Thermal crack allowed embers into attic insulation. Prompt response by local brigade prevented full roof ignition. Flue relining and attic decontamination required.,Standard verification complete. Estimates match third-party independent inspection. Documentation verified.
CLM-2024-00701,CUST-05459,POL-008650,Fire,2024-05-13,2024-05-20,7,Kitchen Grease Fire,Major,64350.74,300000.0,0.2145,150.0,429.0,Settled,Medium,False,NONE,"Deep fryer flare-up caused flame spread to kitchen drywall. Heat blistering across ceiling joists. Structural fire damage contained to kitchen area, but substantial soot cleanup needed throughout residence.",Standard verification complete. Estimates match third-party independent inspection. Documentation verified.
CLM-2024-00702,CUST-07066,POL-011151,Auto,2023-03-13,2023-03-14,1,Rear-End Collision,Major,10226.84,100000.0,0.1023,750.0,13.64,Settled,Low,False,NONE,"Vehicle was rear-ended in heavy stop-and-go highway traffic. Impact pushed vehicle into leading car, resulting in front and rear fascia damage. Radiator support cracked. Police report filed at scene.",Standard verification complete. Estimates match third-party independent inspection. Documentation verified.
CLM-2024-00703,CUST-09535,POL-015083,Auto,2023-05-23,2023-06-01,9,Rear-End Collision,Minor,1972.66,120000.0,0.0164,3000.0,0.66,Settled,Low,False,NONE,"Insured vehicle was struck from behind while stationary at a signalized intersection. Rear bumper crushed, trunk lid misaligned, and tail light assemblies shattered. Airbags did not deploy. Claimant reported minor neck stiffness.",Standard verification complete. Estimates match third-party independent inspection. Documentation verified.
CLM-2024-00704,CUST-02476,POL-003933,Auto,2023-07-30,2023-08-02,3,Single Vehicle Roadside Impact,Moderate,8238.35,120000.0,0.0687,3000.0,2.75,Approved,Low,False,NONE,Loss of traction on black ice caused vehicle to slide into concrete median barrier. Front subframe and wheel rim cracked. No injuries reported.,Standard verification complete. Estimates match third-party independent inspection. Documentation verified.
CLM-2024-00705,CUST-00812,POL-001285,Auto,2023-04-02,2023-04-09,7,Rear-End Collision,Major,14057.06,120000.0,0.1171,3000.0,4.69,Settled,Medium,False,NONE,"Vehicle was rear-ended in heavy stop-and-go highway traffic. Impact pushed vehicle into leading car, resulting in front and rear fascia damage. Radiator support cracked. Police report filed at scene.",Standard verification complete. Estimates match third-party independent inspection. Documentation verified.
CLM-2024-00706,CUST-01388,POL-002237,Caravan,2023-02-24,2023-03-09,13,Storm Hail and Tree Branch Impact,Moderate,10562.08,17500.0,0.6035,25.0,422.48,Settled,Low,False,NONE,"Severe thunderstorm brought 2-inch hail and fallen pine limb onto mobile home aluminum roof. Punctured roof membrane, shattered skylight, and caused interior water intrusion onto living area carpet.",Standard verification complete. Estimates match third-party independent inspection. Documentation verified.
CLM-2024-00707,CUST-06911,POL-010901,Fire,2024-02-08,2024-02-15,7,Chimney / Fireplace Thermal Spread,Moderate,9908.41,300000.0,0.033,150.0,66.06,Settled,Low,False,NONE,Creosote buildup in masonry chimney flue sparked internal combustion. Thermal crack allowed embers into attic insulation. Prompt response by local brigade prevented full roof ignition. Flue relining and attic decontamination required.,Standard verification complete. Estimates match third-party independent inspection. Documentation verified.
CLM-2024-00708,CUST-02947,POL-004713,Fire,2023-05-23,2023-05-27,4,Kitchen Grease Fire,Major,25470.2,300000.0,0.0849,150.0,169.8,Under Investigation,Medium,False,NONE,"Deep fryer flare-up caused flame spread to kitchen drywall. Heat blistering across ceiling joists. Structural fire damage contained to kitchen area, but substantial soot cleanup needed throughout residence.",Standard verification complete. Estimates match third-party independent inspection. Documentation verified.
CLM-2024-00709,CUST-05101,POL-008067,Fire,2023-05-18,2023-05-24,6,Kitchen Grease Fire,Moderate,44034.37,400000.0,0.1101,350.0,125.81,Approved,Medium,False,NONE,"Unattended cooking oil ignited on stovetop, spreading rapidly to wooden cabinetry and exhaust hood. Fire department responded within 12 minutes. Heavy smoke damage throughout ground floor and water saturation across kitchen subflooring.",Standard verification complete. Estimates match third-party independent inspection. Documentation verified.
CLM-2024-00710,CUST-06259,POL-009916,Auto,2023-05-20,2023-05-22,2,Rear-End Collision,Minor,4112.71,100000.0,0.0411,750.0,5.48,Approved,Low,False,NONE,"Vehicle was rear-ended in heavy stop-and-go highway traffic. Impact pushed vehicle into leading car, resulting in front and rear fascia damage. Radiator support cracked. Police report filed at scene.",Standard verification complete. Estimates match third-party independent inspection. Documentation verified.
CLM-2024-00711,CUST-00227,POL-000353,Auto,2023-07-04,2023-07-19,15,Catalytic Converter & Component Theft,Moderate,2039.71,120000.0,0.017,3000.0,0.68,Settled,Low,False,NONE,"Insured discovered vehicle propped on cinder blocks in driveway with all four alloy wheels, tires, and brake assemblies stolen. Ground scuffs along rocker panels.",Standard verification complete. Estimates match third-party independent inspection. Documentation verified.
CLM-2024-00712,CUST-04291,POL-006793,Auto,2024-05-25,2024-05-27,2,Inflated Water Restoration,Major,55720.22,120000.0,0.4643,3000.0,18.57,Under Investigation,High,True,INFLATED_WATER_REPAIR,"Claim submitted for sudden pipe rupture in unoccupied guest wing. Restoration contractor billed 24 industrial air movers and 6 commercial dehumidifiers for 21 days continuously, exceeding standard mitigation duration by 400%. Demolition invoices include pre-existing renovation materials not damaged by water.",Policy Inception Audit: High-severity claim filed immediately following policy coverage modification.
CLM-2024-00713,CUST-01615,POL-002608,Auto,2024-01-11,2024-01-21,10,Rear-End Collision,Minor,1300.17,100000.0,0.013,750.0,1.73,Settled,Low,False,NONE,"Vehicle was rear-ended in heavy stop-and-go highway traffic. Impact pushed vehicle into leading car, resulting in front and rear fascia damage. Radiator support cracked. Police report filed at scene.",Standard verification complete. Estimates match third-party independent inspection. Documentation verified.
CLM-2024-00714,CUST-09049,POL-014301,Auto,2023-05-26,2023-06-02,7,Single Vehicle Roadside Impact,Moderate,7369.43,120000.0,0.0614,3000.0,2.46,Settled,Low,False,NONE,"Insured swerved to avoid crossing wildlife on unlit rural road, colliding with roadside guardrail. Damage concentrated on driver front bumper, headlight, and wheel arch. No other vehicles involved.",Standard verification complete. Estimates match third-party independent inspection. Documentation verified.
CLM-2024-00715,CUST-00007,POL-000012,Auto,2023-03-21,2023-03-22,1,Single Vehicle Roadside Impact,Minor,1046.79,120000.0,0.0087,3000.0,0.35,Settled,Low,False,NONE,Loss of traction on black ice caused vehicle to slide into concrete median barrier. Front subframe and wheel rim cracked. No injuries reported.,Standard verification complete. Estimates match third-party independent inspection. Documentation verified.
CLM-2024-00716,CUST-02568,POL-004071,Auto,2024-08-10,2024-08-17,7,Single Vehicle Roadside Impact,Moderate,9600.32,120000.0,0.08,3000.0,3.2,Settled,Low,False,NONE,Loss of traction on black ice caused vehicle to slide into concrete median barrier. Front subframe and wheel rim cracked. No injuries reported.,Standard verification complete. Estimates match third-party independent inspection. Documentation verified.
CLM-2024-00717,CUST-08047,POL-012710,Fire,2023-11-08,2023-11-18,10,Suspicious Early Inception Fire,Moderate,23991.22,400000.0,0.06,350.0,68.55,Settled,High,True,RECENT_COVERAGE_SPIKE_FIRE,"Commercial property fire reported 9 days following policy contribution upgrade. Fire originated in storage room with two distinct, unlinked burn patterns detected by arson investigator. Stock inventory records requested but claimant unable to provide supporting receipts or tax filings.",Potential Billing Discrepancy: Itemized labor and parts estimates exceed regional peer averages by 25-40%.
CLM-2024-00718,CUST-06625,POL-010461,Fire,2023-02-22,2023-02-24,2,Chimney / Fireplace Thermal Spread,Moderate,4522.54,300000.0,0.0151,150.0,30.15,Settled,Low,False,NONE,Creosote buildup in masonry chimney flue sparked internal combustion. Thermal crack allowed embers into attic insulation. Prompt response by local brigade prevented full roof ignition. Flue relining and attic decontamination required.,Standard verification complete. Estimates match third-party independent inspection. Documentation verified.
CLM-2024-00719,CUST-06635,POL-010473,Auto,2023-10-12,2023-10-21,9,Single Vehicle Roadside Impact,Minor,2193.08,100000.0,0.0219,750.0,2.92,Approved,Low,False,NONE,Loss of traction on black ice caused vehicle to slide into concrete median barrier. Front subframe and wheel rim cracked. No injuries reported.,Standard verification complete. Estimates match third-party independent inspection. Documentation verified.
CLM-2024-00720,CUST-04580,POL-007254,Fire,2023-06-04,2023-06-08,4,Chimney / Fireplace Thermal Spread,Moderate,8363.98,400000.0,0.0209,350.0,23.9,Approved,Low,False,NONE,Creosote buildup in masonry chimney flue sparked internal combustion. Thermal crack allowed embers into attic insulation. Prompt response by local brigade prevented full roof ignition. Flue relining and attic decontamination required.,Standard verification complete. Estimates match third-party independent inspection. Documentation verified.
CLM-2024-00721,CUST-00885,POL-001414,Auto,2024-06-24,2024-06-25,1,Rear-End Collision,Moderate,7212.02,120000.0,0.0601,3000.0,2.4,Approved,Low,False,NONE,"Insured vehicle was struck from behind while stationary at a signalized intersection. Rear bumper crushed, trunk lid misaligned, and tail light assemblies shattered. Airbags did not deploy. Claimant reported minor neck stiffness.",Standard verification complete. Estimates match third-party independent inspection. Documentation verified.
CLM-2024-00722,CUST-08943,POL-014143,Fire,2024-02-27,2024-02-29,2,Electrical Fault Fire,Major,50001.56,400000.0,0.125,350.0,142.86,Settled,Medium,False,NONE,Faulty space heater wiring ignited living room drapery while residents were asleep. Smoke detectors alerted occupants. Fire caused severe burn-through of roof rafters and extensive water damage from fire brigade hoses.,Standard verification complete. Estimates match third-party independent inspection. Documentation verified.
CLM-2024-00723,CUST-01932,POL-003089,Fire,2023-02-25,2023-02-26,1,Chimney / Fireplace Thermal Spread,Moderate,9830.95,200000.0,0.0492,75.0,131.08,Settled,Low,False,NONE,Creosote buildup in masonry chimney flue sparked internal combustion. Thermal crack allowed embers into attic insulation. Prompt response by local brigade prevented full roof ignition. Flue relining and attic decontamination required.,Standard verification complete. Estimates match third-party independent inspection. Documentation verified.
CLM-2024-00724,CUST-07546,POL-011895,Fire,2024-06-29,2024-07-11,12,Kitchen Grease Fire,Major,16714.55,400000.0,0.0418,350.0,47.76,Open,Medium,False,NONE,"Deep fryer flare-up caused flame spread to kitchen drywall. Heat blistering across ceiling joists. Structural fire damage contained to kitchen area, but substantial soot cleanup needed throughout residence.",Standard verification complete. Estimates match third-party independent inspection. Documentation verified.
CLM-2024-00725,CUST-06661,POL-010515,Auto,2024-04-04,2024-04-25,21,Suspicious Early Inception Fire,Moderate,15799.41,120000.0,0.1317,3000.0,5.27,Settled,High,True,RECENT_COVERAGE_SPIKE_FIRE,"Commercial property fire reported 9 days following policy contribution upgrade. Fire originated in storage room with two distinct, unlinked burn patterns detected by arson investigator. Stock inventory records requested but claimant unable to provide supporting receipts or tax filings.",Potential Billing Discrepancy: Itemized labor and parts estimates exceed regional peer averages by 25-40%.
CLM-2024-00726,CUST-03721,POL-005905,Auto,2024-03-18,2024-03-22,4,Single Vehicle Roadside Impact,Moderate,2743.56,120000.0,0.0229,3000.0,0.91,Approved,Low,False,NONE,Loss of traction on black ice caused vehicle to slide into concrete median barrier. Front subframe and wheel rim cracked. No injuries reported.,Standard verification complete. Estimates match third-party independent inspection. Documentation verified.
CLM-2024-00727,CUST-03509,POL-005575,Auto,2023-09-05,2023-09-13,8,Intersection T-Bone Impact,Total Loss,68273.11,120000.0,0.5689,3000.0,22.76,Settled,Medium,False,NONE,"Broadside collision at uncontrolled intersection during heavy rain. Front quarter panel, suspension, and steering rack compromised. Vehicle deemed unsafe to drive and towed to certified repair facility.",Standard verification complete. Estimates match third-party independent inspection. Documentation verified.
CLM-2024-00728,CUST-06202,POL-009836,Fire,2023-01-09,2023-01-10,1,Suspicious Multi-Party Collision,Major,169539.75,500000.0,0.3391,750.0,226.05,Under Investigation,High,True,STAGED_COLLISION_RING,Insured vehicle alleged sudden brake event leading to rear collision with third-party vehicle occupied by 4 unbelted passengers. All occupants retained same legal counsel and clinic on same business day. Identical soft tissue injury claims submitted. Vehicle damage pattern inconsistent with described low-speed impact velocity.,Policy Inception Audit: High-severity claim filed immediately following policy coverage modification.
CLM-2024-00729,CUST-06175,POL-009793,Auto,2024-04-01,2024-04-08,7,Suspicious Early Inception Fire,Major,17273.42,120000.0,0.1439,3000.0,5.76,Under Investigation,High,True,RECENT_COVERAGE_SPIKE_FIRE,"Commercial property fire reported 9 days following policy contribution upgrade. Fire originated in storage room with two distinct, unlinked burn patterns detected by arson investigator. Stock inventory records requested but claimant unable to provide supporting receipts or tax filings.",Potential Billing Discrepancy: Itemized labor and parts estimates exceed regional peer averages by 25-40%.
CLM-2024-00730,CUST-04272,POL-006767,Fire,2023-02-28,2023-03-01,1,Chimney / Fireplace Thermal Spread,Minor,3659.2,300000.0,0.0122,150.0,24.39,Approved,Low,False,NONE,Creosote buildup in masonry chimney flue sparked internal combustion. Thermal crack allowed embers into attic insulation. Prompt response by local brigade prevented full roof ignition. Flue relining and attic decontamination required.,Standard verification complete. Estimates match third-party independent inspection. Documentation verified.
CLM-2024-00731,CUST-03580,POL-005682,Fire,2024-08-02,2024-08-19,17,Kitchen Grease Fire,Moderate,18553.38,300000.0,0.0618,150.0,123.69,Open,Medium,False,NONE,"Unattended cooking oil ignited on stovetop, spreading rapidly to wooden cabinetry and exhaust hood. Fire department responded within 12 minutes. Heavy smoke damage throughout ground floor and water saturation across kitchen subflooring.",Standard verification complete. Estimates match third-party independent inspection. Documentation verified.
CLM-2024-00732,CUST-01431,POL-002311,Auto,2023-10-11,2023-10-13,2,Catalytic Converter & Component Theft,Moderate,1653.45,120000.0,0.0138,3000.0,0.55,Approved,Low,False,NONE,"Insured discovered vehicle propped on cinder blocks in driveway with all four alloy wheels, tires, and brake assemblies stolen. Ground scuffs along rocker panels.",Standard verification complete. Estimates match third-party independent inspection. Documentation verified.
CLM-2024-00733,CUST-09225,POL-014581,Fire,2023-12-07,2023-12-12,5,Kitchen Grease Fire,Major,21229.67,500000.0,0.0425,750.0,28.31,Under Investigation,Medium,False,NONE,"Deep fryer flare-up caused flame spread to kitchen drywall. Heat blistering across ceiling joists. Structural fire damage contained to kitchen area, but substantial soot cleanup needed throughout residence.",Standard verification complete. Estimates match third-party independent inspection. Documentation verified.
CLM-2024-00734,CUST-06489,POL-010258,Fire,2024-02-07,2024-02-11,4,Kitchen Grease Fire,Major,59202.85,700000.0,0.0846,7500.0,7.89,Settled,Medium,False,NONE,"Unattended cooking oil ignited on stovetop, spreading rapidly to wooden cabinetry and exhaust hood. Fire department responded within 12 minutes. Heavy smoke damage throughout ground floor and water saturation across kitchen subflooring.",Standard verification complete. Estimates match third-party independent inspection. Documentation verified.
CLM-2024-00735,CUST-07792,POL-012302,Auto,2024-03-28,2024-04-08,11,Single Vehicle Roadside Impact,Minor,4088.97,120000.0,0.0341,3000.0,1.36,Settled,Low,False,NONE,"Insured swerved to avoid crossing wildlife on unlit rural road, colliding with roadside guardrail. Damage concentrated on driver front bumper, headlight, and wheel arch. No other vehicles involved.",Standard verification complete. Estimates match third-party independent inspection. Documentation verified.
CLM-2024-00736,CUST-00335,POL-000535,Fire,2024-05-24,2024-05-31,7,Kitchen Grease Fire,Moderate,18532.52,200000.0,0.0927,75.0,247.1,Approved,Medium,False,NONE,"Unattended cooking oil ignited on stovetop, spreading rapidly to wooden cabinetry and exhaust hood. Fire department responded within 12 minutes. Heavy smoke damage throughout ground floor and water saturation across kitchen subflooring.",Standard verification complete. Estimates match third-party independent inspection. Documentation verified.
CLM-2024-00737,CUST-00350,POL-000562,Fire,2024-08-11,2024-08-21,10,Kitchen Grease Fire,Major,60244.74,300000.0,0.2008,150.0,401.63,Approved,Medium,False,NONE,"Deep fryer flare-up caused flame spread to kitchen drywall. Heat blistering across ceiling joists. Structural fire damage contained to kitchen area, but substantial soot cleanup needed throughout residence.",Standard verification complete. Estimates match third-party independent inspection. Documentation verified.
CLM-2024-00738,CUST-07336,POL-011554,Fire,2024-07-07,2024-07-09,2,Kitchen Grease Fire,Moderate,42648.78,400000.0,0.1066,350.0,121.85,Settled,Medium,False,NONE,"Deep fryer flare-up caused flame spread to kitchen drywall. Heat blistering across ceiling joists. Structural fire damage contained to kitchen area, but substantial soot cleanup needed throughout residence.",Standard verification complete. Estimates match third-party independent inspection. Documentation verified.
CLM-2024-00739,CUST-01752,POL-002826,Auto,2024-01-03,2024-01-04,1,Single Vehicle Roadside Impact,Moderate,9608.06,120000.0,0.0801,3000.0,3.2,Settled,Low,False,NONE,Loss of traction on black ice caused vehicle to slide into concrete median barrier. Front subframe and wheel rim cracked. No injuries reported.,Standard verification complete. Estimates match third-party independent inspection. Documentation verified.
CLM-2024-00740,CUST-09756,POL-015433,Auto,2023-12-15,2023-12-18,3,Rear-End Collision,Moderate,1964.41,120000.0,0.0164,3000.0,0.65,Settled,Low,False,NONE,"Vehicle was rear-ended in heavy stop-and-go highway traffic. Impact pushed vehicle into leading car, resulting in front and rear fascia damage. Radiator support cracked. Police report filed at scene.",Standard verification complete. Estimates match third-party independent inspection. Documentation verified.
CLM-2024-00741,CUST-08808,POL-013932,Fire,2023-07-15,2023-07-17,2,Electrical Fault Fire,Total Loss,98959.53,400000.0,0.2474,350.0,282.74,Settled,Medium,False,NONE,Overheated breaker panel in basement initiated smoldering fire inside stud wall cavity. Flames traveled upward between floors before breaching living room drywall. Significant structural timber charring and complete electrical overhaul required.,Standard verification complete. Estimates match third-party independent inspection. Documentation verified.
CLM-2024-00742,CUST-05332,POL-008458,Auto,2023-07-14,2023-07-24,10,Intersection T-Bone Impact,Moderate,25180.91,120000.0,0.2098,3000.0,8.39,Settled,Medium,False,NONE,Insured was proceeding on green light when a third-party vehicle failed to yield and impacted the passenger side. Significant structural intrusion along B-pillar and both passenger doors. Side curtain airbags deployed. Tow required.,Standard verification complete. Estimates match third-party independent inspection. Documentation verified.
CLM-2024-00743,CUST-01282,POL-002064,Fire,2024-07-07,2024-07-19,12,Chimney / Fireplace Thermal Spread,Moderate,15828.1,400000.0,0.0396,350.0,45.22,Settled,Medium,False,NONE,Creosote buildup in masonry chimney flue sparked internal combustion. Thermal crack allowed embers into attic insulation. Prompt response by local brigade prevented full roof ignition. Flue relining and attic decontamination required.,Standard verification complete. Estimates match third-party independent inspection. Documentation verified.
CLM-2024-00744,CUST-06418,POL-010150,Fire,2023-02-07,2023-02-20,13,Electrical Fault Fire,Major,28482.62,400000.0,0.0712,350.0,81.38,Settled,Medium,False,NONE,Faulty space heater wiring ignited living room drapery while residents were asleep. Smoke detectors alerted occupants. Fire caused severe burn-through of roof rafters and extensive water damage from fire brigade hoses.,Standard verification complete. Estimates match third-party independent inspection. Documentation verified.
CLM-2024-00745,CUST-06373,POL-010077,Fire,2024-06-19,2024-06-23,4,Electrical Fault Fire,Major,32202.02,300000.0,0.1073,150.0,214.68,Settled,Medium,False,NONE,Overheated breaker panel in basement initiated smoldering fire inside stud wall cavity. Flames traveled upward between floors before breaching living room drywall. Significant structural timber charring and complete electrical overhaul required.,Standard verification complete. Estimates match third-party independent inspection. Documentation verified.
CLM-2024-00746,CUST-03236,POL-005163,Caravan,2024-04-27,2024-05-01,4,Storm Hail and Tree Branch Impact,Minor,6628.27,17500.0,0.3788,25.0,265.13,Open,Low,False,NONE,"Severe thunderstorm brought 2-inch hail and fallen pine limb onto mobile home aluminum roof. Punctured roof membrane, shattered skylight, and caused interior water intrusion onto living area carpet.",Standard verification complete. Estimates match third-party independent inspection. Documentation verified.
CLM-2024-00747,CUST-09727,POL-015388,Auto,2023-04-10,2023-04-11,1,Catalytic Converter & Component Theft,Minor,1461.87,120000.0,0.0122,3000.0,0.49,Settled,Low,False,NONE,Vehicle parked overnight in commuter lot. Exhaust system severed cleanly beneath chassis and catalytic converter removed. Oxygen sensors stripped. Comprehensive theft claim submitted with police report number.,Standard verification complete. Estimates match third-party independent inspection. Documentation verified.
CLM-2024-00748,CUST-04295,POL-006800,Auto,2023-08-14,2023-08-23,9,Rear-End Collision,Minor,4267.18,120000.0,0.0356,3000.0,1.42,Approved,Low,False,NONE,"Vehicle was rear-ended in heavy stop-and-go highway traffic. Impact pushed vehicle into leading car, resulting in front and rear fascia damage. Radiator support cracked. Police report filed at scene.",Standard verification complete. Estimates match third-party independent inspection. Documentation verified.
CLM-2024-00749,CUST-03741,POL-005930,Auto,2023-05-04,2023-05-07,3,Intersection T-Bone Impact,Major,27270.22,120000.0,0.2273,3000.0,9.09,Settled,Medium,False,NONE,Insured was proceeding on green light when a third-party vehicle failed to yield and impacted the passenger side. Significant structural intrusion along B-pillar and both passenger doors. Side curtain airbags deployed. Tow required.,Standard verification complete. Estimates match third-party independent inspection. Documentation verified.
CLM-2024-00750,CUST-06470,POL-010230,Fire,2023-05-25,2023-06-02,8,Electrical Fault Fire,Major,97867.51,300000.0,0.3262,150.0,652.45,Open,Medium,False,NONE,Faulty space heater wiring ignited living room drapery while residents were asleep. Smoke detectors alerted occupants. Fire caused severe burn-through of roof rafters and extensive water damage from fire brigade hoses.,Standard verification complete. Estimates match third-party independent inspection. Documentation verified.
CLM-2024-00751,CUST-05867,POL-009305,Caravan,2023-04-13,2023-04-21,8,High-Value Marine Equipment Loss,Moderate,5204.91,17500.0,0.2974,25.0,208.2,Open,Medium,True,PHANTOM_LUXURY_BOAT_THEFT,Claimant alleges twin 350HP marine engines unbolted and removed from dry dock trailer overnight with no perimeter fence breaches or security footage. Claim amount matches maximum policy limit to the exact dollar. Title transfer completed only 3 weeks prior.,Potential Billing Discrepancy: Itemized labor and parts estimates exceed regional peer averages by 25-40%.
CLM-2024-00752,CUST-05337,POL-008467,Fire,2023-01-08,2023-02-24,47,Suspicious Multi-Party Collision,Major,89754.2,125000.0,0.718,25.0,3590.17,Under Investigation,High,True,STAGED_COLLISION_RING,Insured vehicle alleged sudden brake event leading to rear collision with third-party vehicle occupied by 4 unbelted passengers. All occupants retained same legal counsel and clinic on same business day. Identical soft tissue injury claims submitted. Vehicle damage pattern inconsistent with described low-speed impact velocity.,SIU Audit Triggered: Indicator matches STAGED_COLLISION_RING. Significant inconsistencies in physical damage inspection vs reported narrative.
CLM-2024-00753,CUST-01800,POL-002890,Auto,2023-10-18,2023-10-20,2,Catalytic Converter & Component Theft,Moderate,2702.82,120000.0,0.0225,3000.0,0.9,Settled,Low,False,NONE,Vehicle parked overnight in commuter lot. Exhaust system severed cleanly beneath chassis and catalytic converter removed. Oxygen sensors stripped. Comprehensive theft claim submitted with police report number.,Standard verification complete. Estimates match third-party independent inspection. Documentation verified.
CLM-2024-00754,CUST-04270,POL-006762,Fire,2023-06-28,2023-07-17,19,Chimney / Fireplace Thermal Spread,Minor,8209.87,400000.0,0.0205,350.0,23.46,Settled,Low,False,NONE,Creosote buildup in masonry chimney flue sparked internal combustion. Thermal crack allowed embers into attic insulation. Prompt response by local brigade prevented full roof ignition. Flue relining and attic decontamination required.,Standard verification complete. Estimates match third-party independent inspection. Documentation verified.
CLM-2024-00755,CUST-00629,POL-000991,Fire,2023-11-05,2023-11-19,14,Electrical Fault Fire,Total Loss,60868.08,300000.0,0.2029,150.0,405.79,Under Investigation,Medium,False,NONE,Overheated breaker panel in basement initiated smoldering fire inside stud wall cavity. Flames traveled upward between floors before breaching living room drywall. Significant structural timber charring and complete electrical overhaul required.,Standard verification complete. Estimates match third-party independent inspection. Documentation verified.
CLM-2024-00756,CUST-07115,POL-011225,Fire,2024-01-06,2024-01-08,2,Chimney / Fireplace Thermal Spread,Minor,7511.33,200000.0,0.0376,75.0,100.15,Settled,Low,False,NONE,Creosote buildup in masonry chimney flue sparked internal combustion. Thermal crack allowed embers into attic insulation. Prompt response by local brigade prevented full roof ignition. Flue relining and attic decontamination required.,Standard verification complete. Estimates match third-party independent inspection. Documentation verified.
CLM-2024-00757,CUST-04977,POL-007867,Fire,2023-06-02,2023-06-04,2,Chimney / Fireplace Thermal Spread,Moderate,14797.88,300000.0,0.0493,150.0,98.65,Settled,Medium,False,NONE,Creosote buildup in masonry chimney flue sparked internal combustion. Thermal crack allowed embers into attic insulation. Prompt response by local brigade prevented full roof ignition. Flue relining and attic decontamination required.,Standard verification complete. Estimates match third-party independent inspection. Documentation verified.
CLM-2024-00758,CUST-04065,POL-006443,Fire,2023-10-19,2023-10-21,2,Kitchen Grease Fire,Major,53089.73,300000.0,0.177,150.0,353.93,Approved,Medium,False,NONE,"Deep fryer flare-up caused flame spread to kitchen drywall. Heat blistering across ceiling joists. Structural fire damage contained to kitchen area, but substantial soot cleanup needed throughout residence.",Standard verification complete. Estimates match third-party independent inspection. Documentation verified.
CLM-2024-00759,CUST-04444,POL-007051,Caravan,2023-02-23,2023-02-25,2,Inflated Water Restoration,Moderate,10748.44,17500.0,0.6142,25.0,429.94,Under Investigation,High,True,INFLATED_WATER_REPAIR,"Claim submitted for sudden pipe rupture in unoccupied guest wing. Restoration contractor billed 24 industrial air movers and 6 commercial dehumidifiers for 21 days continuously, exceeding standard mitigation duration by 400%. Demolition invoices include pre-existing renovation materials not damaged by water.",Policy Inception Audit: High-severity claim filed immediately following policy coverage modification.
CLM-2024-00760,CUST-08943,POL-014142,Auto,2023-04-29,2023-04-30,1,Rear-End Collision,Minor,1568.04,100000.0,0.0157,750.0,2.09,Settled,Low,False,NONE,"Vehicle was rear-ended in heavy stop-and-go highway traffic. Impact pushed vehicle into leading car, resulting in front and rear fascia damage. Radiator support cracked. Police report filed at scene.",Standard verification complete. Estimates match third-party independent inspection. Documentation verified.
CLM-2024-00761,CUST-09166,POL-014485,Auto,2023-11-30,2023-12-05,5,Intersection T-Bone Impact,Moderate,7429.49,100000.0,0.0743,750.0,9.91,Settled,Low,False,NONE,"Broadside collision at uncontrolled intersection during heavy rain. Front quarter panel, suspension, and steering rack compromised. Vehicle deemed unsafe to drive and towed to certified repair facility.",Standard verification complete. Estimates match third-party independent inspection. Documentation verified.
CLM-2024-00762,CUST-03029,POL-004842,Auto,2023-08-14,2023-08-22,8,Rear-End Collision,Moderate,3464.7,120000.0,0.0289,3000.0,1.15,Settled,Low,False,NONE,"Vehicle was rear-ended in heavy stop-and-go highway traffic. Impact pushed vehicle into leading car, resulting in front and rear fascia damage. Radiator support cracked. Police report filed at scene.",Standard verification complete. Estimates match third-party independent inspection. Documentation verified.
CLM-2024-00763,CUST-06463,POL-010221,Auto,2023-07-02,2023-07-03,1,Catalytic Converter & Component Theft,Moderate,1935.01,120000.0,0.0161,3000.0,0.65,Settled,Low,False,NONE,Vehicle parked overnight in commuter lot. Exhaust system severed cleanly beneath chassis and catalytic converter removed. Oxygen sensors stripped. Comprehensive theft claim submitted with police report number.,Standard verification complete. Estimates match third-party independent inspection. Documentation verified.
CLM-2024-00764,CUST-08715,POL-013801,Auto,2023-12-10,2023-12-15,5,Intersection T-Bone Impact,Moderate,7635.3,120000.0,0.0636,3000.0,2.55,Settled,Low,False,NONE,Insured was proceeding on green light when a third-party vehicle failed to yield and impacted the passenger side. Significant structural intrusion along B-pillar and both passenger doors. Side curtain airbags deployed. Tow required.,Standard verification complete. Estimates match third-party independent inspection. Documentation verified.
CLM-2024-00765,CUST-00221,POL-000344,Auto,2023-12-18,2023-12-23,5,Intersection T-Bone Impact,Major,27872.53,120000.0,0.2323,3000.0,9.29,Settled,Medium,False,NONE,Insured was proceeding on green light when a third-party vehicle failed to yield and impacted the passenger side. Significant structural intrusion along B-pillar and both passenger doors. Side curtain airbags deployed. Tow required.,Standard verification complete. Estimates match third-party independent inspection. Documentation verified.
CLM-2024-00766,CUST-07945,POL-012533,Auto,2024-07-20,2024-07-28,8,Intersection T-Bone Impact,Moderate,18300.35,120000.0,0.1525,3000.0,6.1,Under Investigation,Medium,False,NONE,"Broadside collision at uncontrolled intersection during heavy rain. Front quarter panel, suspension, and steering rack compromised. Vehicle deemed unsafe to drive and towed to certified repair facility.",Standard verification complete. Estimates match third-party independent inspection. Documentation verified.
CLM-2024-00767,CUST-09236,POL-014600,Auto,2024-04-18,2024-04-20,2,Single Vehicle Roadside Impact,Minor,2159.28,120000.0,0.018,3000.0,0.72,Settled,Low,False,NONE,Loss of traction on black ice caused vehicle to slide into concrete median barrier. Front subframe and wheel rim cracked. No injuries reported.,Standard verification complete. Estimates match third-party independent inspection. Documentation verified.
CLM-2024-00768,CUST-00676,POL-001066,Fire,2023-06-02,2023-06-06,4,Chimney / Fireplace Thermal Spread,Minor,2826.95,400000.0,0.0071,350.0,8.08,Settled,Low,False,NONE,Creosote buildup in masonry chimney flue sparked internal combustion. Thermal crack allowed embers into attic insulation. Prompt response by local brigade prevented full roof ignition. Flue relining and attic decontamination required.,Standard verification complete. Estimates match third-party independent inspection. Documentation verified.
CLM-2024-00769,CUST-03913,POL-006188,Auto,2023-02-04,2023-02-08,4,Catalytic Converter & Component Theft,Moderate,3346.54,100000.0,0.0335,750.0,4.46,Settled,Low,False,NONE,"Insured discovered vehicle propped on cinder blocks in driveway with all four alloy wheels, tires, and brake assemblies stolen. Ground scuffs along rocker panels.",Standard verification complete. Estimates match third-party independent inspection. Documentation verified.
CLM-2024-00770,CUST-09085,POL-014357,Fire,2023-03-27,2023-04-04,8,Chimney / Fireplace Thermal Spread,Minor,2927.54,200000.0,0.0146,75.0,39.03,Settled,Low,False,NONE,Creosote buildup in masonry chimney flue sparked internal combustion. Thermal crack allowed embers into attic insulation. Prompt response by local brigade prevented full roof ignition. Flue relining and attic decontamination required.,Standard verification complete. Estimates match third-party independent inspection. Documentation verified.
CLM-2024-00771,CUST-00941,POL-001506,Fire,2023-04-03,2023-04-11,8,Kitchen Grease Fire,Major,50299.99,125000.0,0.4024,25.0,2012.0,Settled,Medium,False,NONE,"Deep fryer flare-up caused flame spread to kitchen drywall. Heat blistering across ceiling joists. Structural fire damage contained to kitchen area, but substantial soot cleanup needed throughout residence.",Standard verification complete. Estimates match third-party independent inspection. Documentation verified.
CLM-2024-00772,CUST-07557,POL-011913,Auto,2024-04-10,2024-04-26,16,Catalytic Converter & Component Theft,Minor,1568.62,160000.0,0.0098,15000.0,0.1,Settled,Low,False,NONE,"Insured discovered vehicle propped on cinder blocks in driveway with all four alloy wheels, tires, and brake assemblies stolen. Ground scuffs along rocker panels.",Standard verification complete. Estimates match third-party independent inspection. Documentation verified.
CLM-2024-00773,CUST-07687,POL-012126,Fire,2023-01-02,2023-01-06,4,Chimney / Fireplace Thermal Spread,Minor,3664.69,300000.0,0.0122,150.0,24.43,Settled,Low,False,NONE,Creosote buildup in masonry chimney flue sparked internal combustion. Thermal crack allowed embers into attic insulation. Prompt response by local brigade prevented full roof ignition. Flue relining and attic decontamination required.,Standard verification complete. Estimates match third-party independent inspection. Documentation verified.
CLM-2024-00774,CUST-07076,POL-011168,Auto,2023-10-04,2023-10-05,1,Intersection T-Bone Impact,Total Loss,29110.17,120000.0,0.2426,3000.0,9.7,Open,Medium,False,NONE,Insured was proceeding on green light when a third-party vehicle failed to yield and impacted the passenger side. Significant structural intrusion along B-pillar and both passenger doors. Side curtain airbags deployed. Tow required.,Standard verification complete. Estimates match third-party independent inspection. Documentation verified.
CLM-2024-00775,CUST-04344,POL-006874,Auto,2024-01-08,2024-01-11,3,Rear-End Collision,Minor,3586.16,120000.0,0.0299,3000.0,1.2,Settled,Low,False,NONE,"Vehicle was rear-ended in heavy stop-and-go highway traffic. Impact pushed vehicle into leading car, resulting in front and rear fascia damage. Radiator support cracked. Police report filed at scene.",Standard verification complete. Estimates match third-party independent inspection. Documentation verified.
CLM-2024-00776,CUST-08963,POL-014177,Fire,2024-07-26,2024-08-02,7,Chimney / Fireplace Thermal Spread,Minor,6189.28,400000.0,0.0155,350.0,17.68,Settled,Low,False,NONE,Creosote buildup in masonry chimney flue sparked internal combustion. Thermal crack allowed embers into attic insulation. Prompt response by local brigade prevented full roof ignition. Flue relining and attic decontamination required.,Standard verification complete. Estimates match third-party independent inspection. Documentation verified.
CLM-2024-00777,CUST-05821,POL-009222,Auto,2024-08-17,2024-08-22,5,Intersection T-Bone Impact,Total Loss,84703.8,120000.0,0.7059,3000.0,28.23,Settled,Medium,False,NONE,Insured was proceeding on green light when a third-party vehicle failed to yield and impacted the passenger side. Significant structural intrusion along B-pillar and both passenger doors. Side curtain airbags deployed. Tow required.,Standard verification complete. Estimates match third-party independent inspection. Documentation verified.
CLM-2024-00778,CUST-04216,POL-006684,Auto,2023-02-25,2023-03-03,6,Rear-End Collision,Moderate,6203.91,120000.0,0.0517,3000.0,2.07,Approved,Low,False,NONE,"Vehicle was rear-ended in heavy stop-and-go highway traffic. Impact pushed vehicle into leading car, resulting in front and rear fascia damage. Radiator support cracked. Police report filed at scene.",Standard verification complete. Estimates match third-party independent inspection. Documentation verified.
CLM-2024-00779,CUST-02509,POL-003990,Auto,2024-06-28,2024-06-29,1,Single Vehicle Roadside Impact,Moderate,10917.52,120000.0,0.091,3000.0,3.64,Approved,Low,False,NONE,Loss of traction on black ice caused vehicle to slide into concrete median barrier. Front subframe and wheel rim cracked. No injuries reported.,Standard verification complete. Estimates match third-party independent inspection. Documentation verified.
CLM-2024-00780,CUST-02988,POL-004780,Fire,2023-03-09,2023-03-13,4,Kitchen Grease Fire,Major,49660.93,500000.0,0.0993,750.0,66.21,Settled,Medium,False,NONE,"Unattended cooking oil ignited on stovetop, spreading rapidly to wooden cabinetry and exhaust hood. Fire department responded within 12 minutes. Heavy smoke damage throughout ground floor and water saturation across kitchen subflooring.",Standard verification complete. Estimates match third-party independent inspection. Documentation verified.
CLM-2024-00781,CUST-01096,POL-001756,Auto,2023-04-22,2023-04-28,6,Intersection T-Bone Impact,Major,26229.63,120000.0,0.2186,3000.0,8.74,Open,Medium,False,NONE,Insured was proceeding on green light when a third-party vehicle failed to yield and impacted the passenger side. Significant structural intrusion along B-pillar and both passenger doors. Side curtain airbags deployed. Tow required.,Standard verification complete. Estimates match third-party independent inspection. Documentation verified.
CLM-2024-00782,CUST-06223,POL-009871,Fire,2023-01-24,2023-01-31,7,Electrical Fault Fire,Total Loss,128760.26,400000.0,0.3219,350.0,367.89,Approved,Medium,False,NONE,Overheated breaker panel in basement initiated smoldering fire inside stud wall cavity. Flames traveled upward between floors before breaching living room drywall. Significant structural timber charring and complete electrical overhaul required.,Standard verification complete. Estimates match third-party independent inspection. Documentation verified.
CLM-2024-00783,CUST-04182,POL-006622,Auto,2023-07-13,2023-07-23,10,Inflated Water Restoration,Major,93087.17,120000.0,0.7757,3000.0,31.03,Under Investigation,High,True,INFLATED_WATER_REPAIR,"Claim submitted for sudden pipe rupture in unoccupied guest wing. Restoration contractor billed 24 industrial air movers and 6 commercial dehumidifiers for 21 days continuously, exceeding standard mitigation duration by 400%. Demolition invoices include pre-existing renovation materials not damaged by water.",SIU Audit Triggered: Indicator matches INFLATED_WATER_REPAIR. Significant inconsistencies in physical damage inspection vs reported narrative.
CLM-2024-00784,CUST-09198,POL-014539,Auto,2023-12-10,2023-12-20,10,Catalytic Converter & Component Theft,Moderate,3301.01,100000.0,0.033,750.0,4.4,Settled,Low,False,NONE,"Insured discovered vehicle propped on cinder blocks in driveway with all four alloy wheels, tires, and brake assemblies stolen. Ground scuffs along rocker panels.",Standard verification complete. Estimates match third-party independent inspection. Documentation verified.
CLM-2024-00785,CUST-04056,POL-006425,Auto,2024-04-13,2024-04-26,13,Single Vehicle Roadside Impact,Minor,2211.04,120000.0,0.0184,3000.0,0.74,Settled,Low,False,NONE,Loss of traction on black ice caused vehicle to slide into concrete median barrier. Front subframe and wheel rim cracked. No injuries reported.,Standard verification complete. Estimates match third-party independent inspection. Documentation verified.
CLM-2024-00786,CUST-09223,POL-014578,Fire,2023-02-18,2023-02-21,3,Kitchen Grease Fire,Major,24873.36,400000.0,0.0622,350.0,71.07,Open,Medium,False,NONE,"Deep fryer flare-up caused flame spread to kitchen drywall. Heat blistering across ceiling joists. Structural fire damage contained to kitchen area, but substantial soot cleanup needed throughout residence.",Standard verification complete. Estimates match third-party independent inspection. Documentation verified.
CLM-2024-00787,CUST-06128,POL-009710,Auto,2023-10-20,2023-10-25,5,Intersection T-Bone Impact,Moderate,6527.02,120000.0,0.0544,3000.0,2.18,Under Investigation,Low,False,NONE,Insured was proceeding on green light when a third-party vehicle failed to yield and impacted the passenger side. Significant structural intrusion along B-pillar and both passenger doors. Side curtain airbags deployed. Tow required.,Standard verification complete. Estimates match third-party independent inspection. Documentation verified.
CLM-2024-00788,CUST-06183,POL-009807,Fire,2024-03-27,2024-03-30,3,Electrical Fault Fire,Total Loss,134318.83,400000.0,0.3358,350.0,383.77,Approved,Medium,False,NONE,Overheated breaker panel in basement initiated smoldering fire inside stud wall cavity. Flames traveled upward between floors before breaching living room drywall. Significant structural timber charring and complete electrical overhaul required.,Standard verification complete. Estimates match third-party independent inspection. Documentation verified.
CLM-2024-00789,CUST-08509,POL-013454,Fire,2023-06-01,2023-06-04,3,Electrical Fault Fire,Total Loss,62621.82,200000.0,0.3131,75.0,834.96,Settled,Medium,False,NONE,Overheated breaker panel in basement initiated smoldering fire inside stud wall cavity. Flames traveled upward between floors before breaching living room drywall. Significant structural timber charring and complete electrical overhaul required.,Standard verification complete. Estimates match third-party independent inspection. Documentation verified.
CLM-2024-00790,CUST-05552,POL-008804,Auto,2023-05-29,2023-06-02,4,Catalytic Converter & Component Theft,Moderate,4022.78,120000.0,0.0335,3000.0,1.34,Under Investigation,Low,False,NONE,Vehicle parked overnight in commuter lot. Exhaust system severed cleanly beneath chassis and catalytic converter removed. Oxygen sensors stripped. Comprehensive theft claim submitted with police report number.,Standard verification complete. Estimates match third-party independent inspection. Documentation verified.
CLM-2024-00791,CUST-07187,POL-011338,Auto,2023-10-30,2023-11-03,4,Catalytic Converter & Component Theft,Moderate,2722.59,120000.0,0.0227,3000.0,0.91,Open,Low,False,NONE,Vehicle parked overnight in commuter lot. Exhaust system severed cleanly beneath chassis and catalytic converter removed. Oxygen sensors stripped. Comprehensive theft claim submitted with police report number.,Standard verification complete. Estimates match third-party independent inspection. Documentation verified.
CLM-2024-00792,CUST-06176,POL-009797,Fire,2023-04-26,2023-05-03,7,Chimney / Fireplace Thermal Spread,Moderate,10529.87,500000.0,0.0211,750.0,14.04,Settled,Low,False,NONE,Creosote buildup in masonry chimney flue sparked internal combustion. Thermal crack allowed embers into attic insulation. Prompt response by local brigade prevented full roof ignition. Flue relining and attic decontamination required.,Standard verification complete. Estimates match third-party independent inspection. Documentation verified.
CLM-2024-00793,CUST-08535,POL-013499,Auto,2023-08-14,2023-08-18,4,Catalytic Converter & Component Theft,Moderate,3725.28,120000.0,0.031,3000.0,1.24,Settled,Low,False,NONE,Vehicle parked overnight in commuter lot. Exhaust system severed cleanly beneath chassis and catalytic converter removed. Oxygen sensors stripped. Comprehensive theft claim submitted with police report number.,Standard verification complete. Estimates match third-party independent inspection. Documentation verified.
CLM-2024-00794,CUST-06231,POL-009880,Fire,2023-10-12,2023-10-14,2,Kitchen Grease Fire,Moderate,25371.06,400000.0,0.0634,350.0,72.49,Approved,Medium,False,NONE,"Unattended cooking oil ignited on stovetop, spreading rapidly to wooden cabinetry and exhaust hood. Fire department responded within 12 minutes. Heavy smoke damage throughout ground floor and water saturation across kitchen subflooring.",Standard verification complete. Estimates match third-party independent inspection. Documentation verified.
CLM-2024-00795,CUST-09511,POL-015048,Fire,2024-06-08,2024-06-17,9,High-Value Marine Equipment Loss,Major,23588.85,300000.0,0.0786,150.0,157.26,Settled,High,True,PHANTOM_LUXURY_BOAT_THEFT,Claimant alleges twin 350HP marine engines unbolted and removed from dry dock trailer overnight with no perimeter fence breaches or security footage. Claim amount matches maximum policy limit to the exact dollar. Title transfer completed only 3 weeks prior.,Potential Billing Discrepancy: Itemized labor and parts estimates exceed regional peer averages by 25-40%.
CLM-2024-00796,CUST-09109,POL-014399,Fire,2024-01-05,2024-01-13,8,Electrical Fault Fire,Major,85980.09,400000.0,0.215,350.0,245.66,Settled,Medium,False,NONE,Faulty space heater wiring ignited living room drapery while residents were asleep. Smoke detectors alerted occupants. Fire caused severe burn-through of roof rafters and extensive water damage from fire brigade hoses.,Standard verification complete. Estimates match third-party independent inspection. Documentation verified.
CLM-2024-00797,CUST-01157,POL-001868,Auto,2024-04-01,2024-04-07,6,Rear-End Collision,Minor,2403.05,120000.0,0.02,3000.0,0.8,Settled,Low,False,NONE,"Vehicle was rear-ended in heavy stop-and-go highway traffic. Impact pushed vehicle into leading car, resulting in front and rear fascia damage. Radiator support cracked. Police report filed at scene.",Standard verification complete. Estimates match third-party independent inspection. Documentation verified.
CLM-2024-00798,CUST-03815,POL-006043,Auto,2024-03-10,2024-03-17,7,Catalytic Converter & Component Theft,Minor,1669.97,120000.0,0.0139,3000.0,0.56,Under Investigation,Low,False,NONE,Vehicle parked overnight in commuter lot. Exhaust system severed cleanly beneath chassis and catalytic converter removed. Oxygen sensors stripped. Comprehensive theft claim submitted with police report number.,Standard verification complete. Estimates match third-party independent inspection. Documentation verified.
CLM-2024-00799,CUST-06853,POL-010804,Auto,2023-12-10,2023-12-14,4,Rear-End Collision,Major,6835.92,100000.0,0.0684,750.0,9.11,Open,Low,False,NONE,"Vehicle was rear-ended in heavy stop-and-go highway traffic. Impact pushed vehicle into leading car, resulting in front and rear fascia damage. Radiator support cracked. Police report filed at scene.",Standard verification complete. Estimates match third-party independent inspection. Documentation verified.
CLM-2024-00800,CUST-08535,POL-013499,Auto,2024-07-23,2024-07-29,6,Catalytic Converter & Component Theft,Minor,1527.29,120000.0,0.0127,3000.0,0.51,Settled,Low,False,NONE,Vehicle parked overnight in commuter lot. Exhaust system severed cleanly beneath chassis and catalytic converter removed. Oxygen sensors stripped. Comprehensive theft claim submitted with police report number.,Standard verification complete. Estimates match third-party independent inspection. Documentation verified.
CLM-2024-00801,CUST-04571,POL-007243,Fire,2023-11-06,2023-11-07,1,Suspicious Early Inception Fire,Major,209484.97,400000.0,0.5237,350.0,598.53,Under Investigation,High,True,RECENT_COVERAGE_SPIKE_FIRE,"Commercial property fire reported 9 days following policy contribution upgrade. Fire originated in storage room with two distinct, unlinked burn patterns detected by arson investigator. Stock inventory records requested but claimant unable to provide supporting receipts or tax filings.",Policy Inception Audit: High-severity claim filed immediately following policy coverage modification.
CLM-2024-00802,CUST-04155,POL-006572,Auto,2023-01-28,2023-02-02,5,Rear-End Collision,Minor,2813.4,120000.0,0.0234,3000.0,0.94,Settled,Low,False,NONE,"Vehicle was rear-ended in heavy stop-and-go highway traffic. Impact pushed vehicle into leading car, resulting in front and rear fascia damage. Radiator support cracked. Police report filed at scene.",Standard verification complete. Estimates match third-party independent inspection. Documentation verified.
CLM-2024-00803,CUST-04336,POL-006866,Fire,2023-10-22,2023-10-28,6,Electrical Fault Fire,Major,99656.48,300000.0,0.3322,150.0,664.38,Settled,Medium,False,NONE,Faulty space heater wiring ignited living room drapery while residents were asleep. Smoke detectors alerted occupants. Fire caused severe burn-through of roof rafters and extensive water damage from fire brigade hoses.,Standard verification complete. Estimates match third-party independent inspection. Documentation verified.
CLM-2024-00804,CUST-02824,POL-004506,Fire,2024-05-19,2024-05-24,5,Kitchen Grease Fire,Major,72334.31,400000.0,0.1808,350.0,206.67,Settled,Medium,False,NONE,"Deep fryer flare-up caused flame spread to kitchen drywall. Heat blistering across ceiling joists. Structural fire damage contained to kitchen area, but substantial soot cleanup needed throughout residence.",Standard verification complete. Estimates match third-party independent inspection. Documentation verified.
CLM-2024-00805,CUST-06928,POL-010925,Auto,2023-05-03,2023-06-03,31,Single Vehicle Roadside Impact,Minor,1500.76,120000.0,0.0125,3000.0,0.5,Settled,Low,False,NONE,Loss of traction on black ice caused vehicle to slide into concrete median barrier. Front subframe and wheel rim cracked. No injuries reported.,Standard verification complete. Estimates match third-party independent inspection. Documentation verified.
CLM-2024-00806,CUST-09201,POL-014548,Auto,2023-05-19,2023-06-01,13,Single Vehicle Roadside Impact,Minor,3865.54,120000.0,0.0322,3000.0,1.29,Open,Low,False,NONE,"Insured swerved to avoid crossing wildlife on unlit rural road, colliding with roadside guardrail. Damage concentrated on driver front bumper, headlight, and wheel arch. No other vehicles involved.",Standard verification complete. Estimates match third-party independent inspection. Documentation verified.
CLM-2024-00807,CUST-01920,POL-003073,Auto,2023-10-24,2023-10-31,7,Single Vehicle Roadside Impact,Minor,2009.17,120000.0,0.0167,3000.0,0.67,Settled,Low,False,NONE,"Insured swerved to avoid crossing wildlife on unlit rural road, colliding with roadside guardrail. Damage concentrated on driver front bumper, headlight, and wheel arch. No other vehicles involved.",Standard verification complete. Estimates match third-party independent inspection. Documentation verified.
CLM-2024-00808,CUST-04375,POL-006928,Auto,2024-07-10,2024-07-12,2,Single Vehicle Roadside Impact,Moderate,7048.84,120000.0,0.0587,3000.0,2.35,Settled,Low,False,NONE,Loss of traction on black ice caused vehicle to slide into concrete median barrier. Front subframe and wheel rim cracked. No injuries reported.,Standard verification complete. Estimates match third-party independent inspection. Documentation verified.
CLM-2024-00809,CUST-06275,POL-009939,Fire,2023-12-27,2023-12-29,2,Kitchen Grease Fire,Moderate,20784.6,125000.0,0.1663,25.0,831.38,Settled,Medium,False,NONE,"Unattended cooking oil ignited on stovetop, spreading rapidly to wooden cabinetry and exhaust hood. Fire department responded within 12 minutes. Heavy smoke damage throughout ground floor and water saturation across kitchen subflooring.",Standard verification complete. Estimates match third-party independent inspection. Documentation verified.
CLM-2024-00810,CUST-00124,POL-000201,Auto,2023-06-16,2023-07-06,20,Rear-End Collision,Minor,4437.29,120000.0,0.037,3000.0,1.48,Approved,Low,False,NONE,"Insured vehicle was struck from behind while stationary at a signalized intersection. Rear bumper crushed, trunk lid misaligned, and tail light assemblies shattered. Airbags did not deploy. Claimant reported minor neck stiffness.",Standard verification complete. Estimates match third-party independent inspection. Documentation verified.
CLM-2024-00811,CUST-05632,POL-008924,Auto,2024-06-22,2024-06-24,2,Rear-End Collision,Moderate,2473.79,120000.0,0.0206,3000.0,0.82,Settled,Low,False,NONE,"Vehicle was rear-ended in heavy stop-and-go highway traffic. Impact pushed vehicle into leading car, resulting in front and rear fascia damage. Radiator support cracked. Police report filed at scene.",Standard verification complete. Estimates match third-party independent inspection. Documentation verified.
CLM-2024-00812,CUST-03079,POL-004921,Auto,2023-12-23,2024-02-04,43,Suspicious Early Inception Fire,Major,55506.76,120000.0,0.4626,3000.0,18.5,Under Investigation,High,True,RECENT_COVERAGE_SPIKE_FIRE,"Commercial property fire reported 9 days following policy contribution upgrade. Fire originated in storage room with two distinct, unlinked burn patterns detected by arson investigator. Stock inventory records requested but claimant unable to provide supporting receipts or tax filings.",SIU Audit Triggered: Indicator matches RECENT_COVERAGE_SPIKE_FIRE. Significant inconsistencies in physical damage inspection vs reported narrative.
CLM-2024-00813,CUST-04882,POL-007713,Auto,2024-06-19,2024-06-29,10,Single Vehicle Roadside Impact,Minor,3385.88,120000.0,0.0282,3000.0,1.13,Settled,Low,False,NONE,Loss of traction on black ice caused vehicle to slide into concrete median barrier. Front subframe and wheel rim cracked. No injuries reported.,Standard verification complete. Estimates match third-party independent inspection. Documentation verified.
CLM-2024-00814,CUST-02525,POL-004015,Fire,2023-05-26,2023-06-16,21,Chimney / Fireplace Thermal Spread,Minor,3201.13,400000.0,0.008,350.0,9.15,Settled,Low,False,NONE,Creosote buildup in masonry chimney flue sparked internal combustion. Thermal crack allowed embers into attic insulation. Prompt response by local brigade prevented full roof ignition. Flue relining and attic decontamination required.,Standard verification complete. Estimates match third-party independent inspection. Documentation verified.
CLM-2024-00815,CUST-03183,POL-005078,Auto,2023-04-25,2023-05-03,8,Rear-End Collision,Minor,1249.29,120000.0,0.0104,3000.0,0.42,Settled,Low,False,NONE,"Vehicle was rear-ended in heavy stop-and-go highway traffic. Impact pushed vehicle into leading car, resulting in front and rear fascia damage. Radiator support cracked. Police report filed at scene.",Standard verification complete. Estimates match third-party independent inspection. Documentation verified.
CLM-2024-00816,CUST-05319,POL-008436,Fire,2024-06-09,2024-07-03,24,Chimney / Fireplace Thermal Spread,Minor,3861.74,300000.0,0.0129,150.0,25.74,Settled,Low,False,NONE,Creosote buildup in masonry chimney flue sparked internal combustion. Thermal crack allowed embers into attic insulation. Prompt response by local brigade prevented full roof ignition. Flue relining and attic decontamination required.,Standard verification complete. Estimates match third-party independent inspection. Documentation verified.
CLM-2024-00817,CUST-03731,POL-005913,Auto,2023-04-09,2023-04-10,1,Rear-End Collision,Major,5492.57,120000.0,0.0458,3000.0,1.83,Approved,Low,False,NONE,"Insured vehicle was struck from behind while stationary at a signalized intersection. Rear bumper crushed, trunk lid misaligned, and tail light assemblies shattered. Airbags did not deploy. Claimant reported minor neck stiffness.",Standard verification complete. Estimates match third-party independent inspection. Documentation verified.
CLM-2024-00818,CUST-09617,POL-015202,Fire,2023-05-30,2023-06-01,2,Suspicious Early Inception Fire,Major,132264.39,300000.0,0.4409,150.0,881.76,Under Investigation,High,True,RECENT_COVERAGE_SPIKE_FIRE,"Commercial property fire reported 9 days following policy contribution upgrade. Fire originated in storage room with two distinct, unlinked burn patterns detected by arson investigator. Stock inventory records requested but claimant unable to provide supporting receipts or tax filings.",Policy Inception Audit: High-severity claim filed immediately following policy coverage modification.
CLM-2024-00819,CUST-07119,POL-011230,Auto,2023-09-05,2023-09-08,3,Rear-End Collision,Minor,4214.5,120000.0,0.0351,3000.0,1.4,Under Investigation,Low,False,NONE,"Insured vehicle was struck from behind while stationary at a signalized intersection. Rear bumper crushed, trunk lid misaligned, and tail light assemblies shattered. Airbags did not deploy. Claimant reported minor neck stiffness.",Standard verification complete. Estimates match third-party independent inspection. Documentation verified.
CLM-2024-00820,CUST-04981,POL-007873,Auto,2024-07-04,2024-07-08,4,Rear-End Collision,Major,14879.42,120000.0,0.124,3000.0,4.96,Approved,Medium,False,NONE,"Insured vehicle was struck from behind while stationary at a signalized intersection. Rear bumper crushed, trunk lid misaligned, and tail light assemblies shattered. Airbags did not deploy. Claimant reported minor neck stiffness.",Standard verification complete. Estimates match third-party independent inspection. Documentation verified.
CLM-2024-00821,CUST-03856,POL-006092,Fire,2023-07-09,2023-07-14,5,Electrical Fault Fire,Major,176181.24,500000.0,0.3524,750.0,234.91,Settled,Medium,False,NONE,Overheated breaker panel in basement initiated smoldering fire inside stud wall cavity. Flames traveled upward between floors before breaching living room drywall. Significant structural timber charring and complete electrical overhaul required.,Standard verification complete. Estimates match third-party independent inspection. Documentation verified.
CLM-2024-00822,CUST-05573,POL-008845,Fire,2024-02-22,2024-02-24,2,Kitchen Grease Fire,Major,56677.26,400000.0,0.1417,350.0,161.94,Settled,Medium,False,NONE,"Unattended cooking oil ignited on stovetop, spreading rapidly to wooden cabinetry and exhaust hood. Fire department responded within 12 minutes. Heavy smoke damage throughout ground floor and water saturation across kitchen subflooring.",Standard verification complete. Estimates match third-party independent inspection. Documentation verified.
CLM-2024-00823,CUST-03409,POL-005427,Auto,2023-10-23,2023-10-31,8,Rear-End Collision,Minor,2638.53,100000.0,0.0264,750.0,3.52,Settled,Low,False,NONE,"Vehicle was rear-ended in heavy stop-and-go highway traffic. Impact pushed vehicle into leading car, resulting in front and rear fascia damage. Radiator support cracked. Police report filed at scene.",Standard verification complete. Estimates match third-party independent inspection. Documentation verified.
CLM-2024-00824,CUST-01673,POL-002697,Auto,2024-03-30,2024-04-01,2,Intersection T-Bone Impact,Total Loss,71007.94,120000.0,0.5917,3000.0,23.67,Settled,Medium,False,NONE,"Broadside collision at uncontrolled intersection during heavy rain. Front quarter panel, suspension, and steering rack compromised. Vehicle deemed unsafe to drive and towed to certified repair facility.",Standard verification complete. Estimates match third-party independent inspection. Documentation verified.
CLM-2024-00825,CUST-05560,POL-008823,Auto,2024-05-02,2024-05-04,2,Suspicious Early Inception Fire,Moderate,36613.72,120000.0,0.3051,3000.0,12.2,Under Investigation,High,True,RECENT_COVERAGE_SPIKE_FIRE,"Commercial property fire reported 9 days following policy contribution upgrade. Fire originated in storage room with two distinct, unlinked burn patterns detected by arson investigator. Stock inventory records requested but claimant unable to provide supporting receipts or tax filings.",Policy Inception Audit: High-severity claim filed immediately following policy coverage modification.
CLM-2024-00826,CUST-00669,POL-001053,Auto,2023-04-18,2023-04-26,8,Catalytic Converter & Component Theft,Moderate,2441.74,100000.0,0.0244,750.0,3.26,Approved,Low,False,NONE,Vehicle parked overnight in commuter lot. Exhaust system severed cleanly beneath chassis and catalytic converter removed. Oxygen sensors stripped. Comprehensive theft claim submitted with police report number.,Standard verification complete. Estimates match third-party independent inspection. Documentation verified.
CLM-2024-00827,CUST-07009,POL-011062,Auto,2023-06-22,2023-06-28,6,Rear-End Collision,Moderate,5790.27,120000.0,0.0483,3000.0,1.93,Under Investigation,Low,False,NONE,"Insured vehicle was struck from behind while stationary at a signalized intersection. Rear bumper crushed, trunk lid misaligned, and tail light assemblies shattered. Airbags did not deploy. Claimant reported minor neck stiffness.",Standard verification complete. Estimates match third-party independent inspection. Documentation verified.
CLM-2024-00828,CUST-06571,POL-010376,Auto,2024-03-10,2024-03-11,1,Catalytic Converter & Component Theft,Moderate,3982.65,140000.0,0.0284,7500.0,0.53,Open,Low,False,NONE,"Insured discovered vehicle propped on cinder blocks in driveway with all four alloy wheels, tires, and brake assemblies stolen. Ground scuffs along rocker panels.",Standard verification complete. Estimates match third-party independent inspection. Documentation verified.
CLM-2024-00829,CUST-05549,POL-008798,Fire,2024-02-19,2024-03-11,21,Electrical Fault Fire,Total Loss,58781.63,400000.0,0.147,350.0,167.95,Settled,Medium,False,NONE,Overheated breaker panel in basement initiated smoldering fire inside stud wall cavity. Flames traveled upward between floors before breaching living room drywall. Significant structural timber charring and complete electrical overhaul required.,Standard verification complete. Estimates match third-party independent inspection. Documentation verified.
CLM-2024-00830,CUST-05424,POL-008594,Fire,2023-05-18,2023-05-20,2,Kitchen Grease Fire,Moderate,29283.26,400000.0,0.0732,350.0,83.67,Settled,Medium,False,NONE,"Unattended cooking oil ignited on stovetop, spreading rapidly to wooden cabinetry and exhaust hood. Fire department responded within 12 minutes. Heavy smoke damage throughout ground floor and water saturation across kitchen subflooring.",Standard verification complete. Estimates match third-party independent inspection. Documentation verified.
CLM-2024-00831,CUST-05366,POL-008514,Fire,2023-12-01,2023-12-11,10,Kitchen Grease Fire,Major,59734.03,200000.0,0.2987,75.0,796.45,Settled,Medium,False,NONE,"Unattended cooking oil ignited on stovetop, spreading rapidly to wooden cabinetry and exhaust hood. Fire department responded within 12 minutes. Heavy smoke damage throughout ground floor and water saturation across kitchen subflooring.",Standard verification complete. Estimates match third-party independent inspection. Documentation verified.
CLM-2024-00832,CUST-06885,POL-010862,Caravan,2024-04-22,2024-04-26,4,Storm Hail and Tree Branch Impact,Moderate,5095.59,17500.0,0.2912,25.0,203.82,Settled,Low,False,NONE,High winds at holiday park caused awning detachment and side panel punctures. Water entered electrical breaker enclosure.,Standard verification complete. Estimates match third-party independent inspection. Documentation verified.
CLM-2024-00833,CUST-08143,POL-012847,Fire,2024-07-13,2024-07-17,4,Kitchen Grease Fire,Moderate,14193.19,600000.0,0.0237,3000.0,4.73,Settled,Medium,False,NONE,"Deep fryer flare-up caused flame spread to kitchen drywall. Heat blistering across ceiling joists. Structural fire damage contained to kitchen area, but substantial soot cleanup needed throughout residence.",Standard verification complete. Estimates match third-party independent inspection. Documentation verified.
CLM-2024-00834,CUST-08848,POL-014001,Auto,2024-03-29,2024-03-30,1,Catalytic Converter & Component Theft,Minor,1858.46,120000.0,0.0155,3000.0,0.62,Approved,Low,False,NONE,Vehicle parked overnight in commuter lot. Exhaust system severed cleanly beneath chassis and catalytic converter removed. Oxygen sensors stripped. Comprehensive theft claim submitted with police report number.,Standard verification complete. Estimates match third-party independent inspection. Documentation verified.
CLM-2024-00835,CUST-07597,POL-011976,Auto,2023-06-18,2023-07-04,16,Catalytic Converter & Component Theft,Moderate,3175.72,120000.0,0.0265,3000.0,1.06,Approved,Low,False,NONE,Vehicle parked overnight in commuter lot. Exhaust system severed cleanly beneath chassis and catalytic converter removed. Oxygen sensors stripped. Comprehensive theft claim submitted with police report number.,Standard verification complete. Estimates match third-party independent inspection. Documentation verified.
CLM-2024-00836,CUST-01660,POL-002674,Auto,2024-05-17,2024-05-18,1,Catalytic Converter & Component Theft,Moderate,2122.83,120000.0,0.0177,3000.0,0.71,Settled,Low,False,NONE,Vehicle parked overnight in commuter lot. Exhaust system severed cleanly beneath chassis and catalytic converter removed. Oxygen sensors stripped. Comprehensive theft claim submitted with police report number.,Standard verification complete. Estimates match third-party independent inspection. Documentation verified.
CLM-2024-00837,CUST-02896,POL-004634,Fire,2023-12-28,2024-01-01,4,Electrical Fault Fire,Total Loss,206316.58,400000.0,0.5158,350.0,589.48,Approved,Medium,False,NONE,Overheated breaker panel in basement initiated smoldering fire inside stud wall cavity. Flames traveled upward between floors before breaching living room drywall. Significant structural timber charring and complete electrical overhaul required.,"Comprehensive field adjuster verification complete. Police report, independent surveyor report, and official repair bids on file. Verified genuine catastrophic loss."
CLM-2024-00838,CUST-00576,POL-000924,Auto,2024-08-20,2024-08-29,9,Rear-End Collision,Major,5337.62,100000.0,0.0534,750.0,7.12,Under Investigation,Low,False,NONE,"Vehicle was rear-ended in heavy stop-and-go highway traffic. Impact pushed vehicle into leading car, resulting in front and rear fascia damage. Radiator support cracked. Police report filed at scene.",Standard verification complete. Estimates match third-party independent inspection. Documentation verified.
CLM-2024-00839,CUST-03749,POL-005945,Fire,2023-02-27,2023-03-03,4,Chimney / Fireplace Thermal Spread,Minor,4664.46,200000.0,0.0233,75.0,62.19,Settled,Low,False,NONE,Creosote buildup in masonry chimney flue sparked internal combustion. Thermal crack allowed embers into attic insulation. Prompt response by local brigade prevented full roof ignition. Flue relining and attic decontamination required.,Standard verification complete. Estimates match third-party independent inspection. Documentation verified.
CLM-2024-00840,CUST-00581,POL-000929,Fire,2023-11-09,2023-11-22,13,Kitchen Grease Fire,Major,76767.61,125000.0,0.6141,25.0,3070.7,Settled,Medium,False,NONE,"Unattended cooking oil ignited on stovetop, spreading rapidly to wooden cabinetry and exhaust hood. Fire department responded within 12 minutes. Heavy smoke damage throughout ground floor and water saturation across kitchen subflooring.","Comprehensive field adjuster verification complete. Police report, independent surveyor report, and official repair bids on file. Verified genuine catastrophic loss."
CLM-2024-00841,CUST-09070,POL-014336,Fire,2024-08-04,2024-08-05,1,Chimney / Fireplace Thermal Spread,Moderate,10722.6,200000.0,0.0536,75.0,142.97,Settled,Low,False,NONE,Creosote buildup in masonry chimney flue sparked internal combustion. Thermal crack allowed embers into attic insulation. Prompt response by local brigade prevented full roof ignition. Flue relining and attic decontamination required.,Standard verification complete. Estimates match third-party independent inspection. Documentation verified.
CLM-2024-00842,CUST-06029,POL-009558,Auto,2024-08-07,2024-08-10,3,Catalytic Converter & Component Theft,Moderate,2160.42,120000.0,0.018,3000.0,0.72,Approved,Low,False,NONE,Vehicle parked overnight in commuter lot. Exhaust system severed cleanly beneath chassis and catalytic converter removed. Oxygen sensors stripped. Comprehensive theft claim submitted with police report number.,Standard verification complete. Estimates match third-party independent inspection. Documentation verified.
CLM-2024-00843,CUST-06773,POL-010689,Fire,2024-05-29,2024-06-05,7,Chimney / Fireplace Thermal Spread,Moderate,8288.21,300000.0,0.0276,150.0,55.25,Settled,Low,False,NONE,Creosote buildup in masonry chimney flue sparked internal combustion. Thermal crack allowed embers into attic insulation. Prompt response by local brigade prevented full roof ignition. Flue relining and attic decontamination required.,Standard verification complete. Estimates match third-party independent inspection. Documentation verified.
CLM-2024-00844,CUST-07130,POL-011253,Fire,2023-03-19,2023-03-28,9,Chimney / Fireplace Thermal Spread,Minor,4611.85,400000.0,0.0115,350.0,13.18,Settled,Low,False,NONE,Creosote buildup in masonry chimney flue sparked internal combustion. Thermal crack allowed embers into attic insulation. Prompt response by local brigade prevented full roof ignition. Flue relining and attic decontamination required.,Standard verification complete. Estimates match third-party independent inspection. Documentation verified.
CLM-2024-00845,CUST-04580,POL-007254,Fire,2023-04-05,2023-04-15,10,Chimney / Fireplace Thermal Spread,Minor,6903.45,400000.0,0.0173,350.0,19.72,Settled,Low,False,NONE,Creosote buildup in masonry chimney flue sparked internal combustion. Thermal crack allowed embers into attic insulation. Prompt response by local brigade prevented full roof ignition. Flue relining and attic decontamination required.,Standard verification complete. Estimates match third-party independent inspection. Documentation verified.
CLM-2024-00846,CUST-04993,POL-007893,Fire,2023-12-22,2024-01-01,10,Kitchen Grease Fire,Major,51090.51,200000.0,0.2555,75.0,681.21,Settled,Medium,False,NONE,"Deep fryer flare-up caused flame spread to kitchen drywall. Heat blistering across ceiling joists. Structural fire damage contained to kitchen area, but substantial soot cleanup needed throughout residence.",Standard verification complete. Estimates match third-party independent inspection. Documentation verified.
CLM-2024-00847,CUST-04269,POL-006758,Auto,2024-06-11,2024-08-05,55,Catalytic Converter & Component Theft,Minor,1722.51,100000.0,0.0172,750.0,2.3,Settled,Low,False,NONE,Vehicle parked overnight in commuter lot. Exhaust system severed cleanly beneath chassis and catalytic converter removed. Oxygen sensors stripped. Comprehensive theft claim submitted with police report number.,Standard verification complete. Estimates match third-party independent inspection. Documentation verified.
CLM-2024-00848,CUST-03482,POL-005539,Auto,2024-04-23,2024-04-29,6,Single Vehicle Roadside Impact,Moderate,4273.76,120000.0,0.0356,3000.0,1.42,Settled,Low,False,NONE,"Insured swerved to avoid crossing wildlife on unlit rural road, colliding with roadside guardrail. Damage concentrated on driver front bumper, headlight, and wheel arch. No other vehicles involved.",Standard verification complete. Estimates match third-party independent inspection. Documentation verified.
CLM-2024-00849,CUST-05938,POL-009411,Fire,2023-11-04,2023-11-08,4,Electrical Fault Fire,Total Loss,120223.22,300000.0,0.4007,150.0,801.49,Settled,Medium,False,NONE,Faulty space heater wiring ignited living room drapery while residents were asleep. Smoke detectors alerted occupants. Fire caused severe burn-through of roof rafters and extensive water damage from fire brigade hoses.,Standard verification complete. Estimates match third-party independent inspection. Documentation verified.
CLM-2024-00850,CUST-06210,POL-009852,Auto,2023-10-01,2023-10-08,7,Single Vehicle Roadside Impact,Minor,2608.21,120000.0,0.0217,3000.0,0.87,Settled,Low,False,NONE,Loss of traction on black ice caused vehicle to slide into concrete median barrier. Front subframe and wheel rim cracked. No injuries reported.,Standard verification complete. Estimates match third-party independent inspection. Documentation verified.
CLM-2024-00851,CUST-05677,POL-008992,Auto,2023-01-29,2023-02-04,6,Intersection T-Bone Impact,Major,37939.74,120000.0,0.3162,3000.0,12.65,Settled,Medium,False,NONE,"Broadside collision at uncontrolled intersection during heavy rain. Front quarter panel, suspension, and steering rack compromised. Vehicle deemed unsafe to drive and towed to certified repair facility.",Standard verification complete. Estimates match third-party independent inspection. Documentation verified.
CLM-2024-00852,CUST-00449,POL-000725,Auto,2023-07-26,2023-07-28,2,Intersection T-Bone Impact,Major,93166.13,120000.0,0.7764,3000.0,31.06,Settled,Medium,False,NONE,Insured was proceeding on green light when a third-party vehicle failed to yield and impacted the passenger side. Significant structural intrusion along B-pillar and both passenger doors. Side curtain airbags deployed. Tow required.,"Comprehensive field adjuster verification complete. Police report, independent surveyor report, and official repair bids on file. Verified genuine catastrophic loss."
CLM-2024-00853,CUST-02117,POL-003385,Auto,2023-02-13,2023-02-14,1,Catalytic Converter & Component Theft,Minor,1188.09,100000.0,0.0119,750.0,1.58,Settled,Low,False,NONE,Vehicle parked overnight in commuter lot. Exhaust system severed cleanly beneath chassis and catalytic converter removed. Oxygen sensors stripped. Comprehensive theft claim submitted with police report number.,Standard verification complete. Estimates match third-party independent inspection. Documentation verified.
CLM-2024-00854,CUST-02312,POL-003671,Auto,2024-02-21,2024-02-23,2,Single Vehicle Roadside Impact,Minor,4406.9,120000.0,0.0367,3000.0,1.47,Settled,Low,False,NONE,Loss of traction on black ice caused vehicle to slide into concrete median barrier. Front subframe and wheel rim cracked. No injuries reported.,Standard verification complete. Estimates match third-party independent inspection. Documentation verified.
CLM-2024-00855,CUST-09070,POL-014335,Auto,2024-05-27,2024-05-29,2,Suspicious Early Inception Fire,Major,78459.11,120000.0,0.6538,3000.0,26.15,Under Investigation,High,True,RECENT_COVERAGE_SPIKE_FIRE,"Commercial property fire reported 9 days following policy contribution upgrade. Fire originated in storage room with two distinct, unlinked burn patterns detected by arson investigator. Stock inventory records requested but claimant unable to provide supporting receipts or tax filings.",Policy Inception Audit: High-severity claim filed immediately following policy coverage modification.
CLM-2024-00856,CUST-08884,POL-014046,Fire,2023-05-06,2023-05-21,15,Electrical Fault Fire,Total Loss,173580.89,300000.0,0.5786,150.0,1157.21,Open,Medium,False,NONE,Faulty space heater wiring ignited living room drapery while residents were asleep. Smoke detectors alerted occupants. Fire caused severe burn-through of roof rafters and extensive water damage from fire brigade hoses.,Standard verification complete. Estimates match third-party independent inspection. Documentation verified.
CLM-2024-00857,CUST-06463,POL-010222,Fire,2023-04-20,2023-04-29,9,Kitchen Grease Fire,Moderate,19239.76,400000.0,0.0481,350.0,54.97,Settled,Medium,False,NONE,"Deep fryer flare-up caused flame spread to kitchen drywall. Heat blistering across ceiling joists. Structural fire damage contained to kitchen area, but substantial soot cleanup needed throughout residence.",Standard verification complete. Estimates match third-party independent inspection. Documentation verified.
CLM-2024-00858,CUST-06174,POL-009791,Fire,2024-01-19,2024-02-01,13,Chimney / Fireplace Thermal Spread,Minor,6159.62,400000.0,0.0154,350.0,17.6,Settled,Low,False,NONE,Creosote buildup in masonry chimney flue sparked internal combustion. Thermal crack allowed embers into attic insulation. Prompt response by local brigade prevented full roof ignition. Flue relining and attic decontamination required.,Standard verification complete. Estimates match third-party independent inspection. Documentation verified.
CLM-2024-00859,CUST-09331,POL-014781,Fire,2023-05-29,2023-06-18,20,Electrical Fault Fire,Total Loss,26946.9,400000.0,0.0674,350.0,76.99,Under Investigation,Medium,False,NONE,Faulty space heater wiring ignited living room drapery while residents were asleep. Smoke detectors alerted occupants. Fire caused severe burn-through of roof rafters and extensive water damage from fire brigade hoses.,Standard verification complete. Estimates match third-party independent inspection. Documentation verified.
CLM-2024-00860,CUST-05510,POL-008734,Fire,2023-02-25,2023-03-06,9,Chimney / Fireplace Thermal Spread,Minor,4348.17,200000.0,0.0217,75.0,57.98,Open,Low,False,NONE,Creosote buildup in masonry chimney flue sparked internal combustion. Thermal crack allowed embers into attic insulation. Prompt response by local brigade prevented full roof ignition. Flue relining and attic decontamination required.,Standard verification complete. Estimates match third-party independent inspection. Documentation verified.
CLM-2024-00861,CUST-04681,POL-007412,Fire,2023-05-05,2023-05-08,3,Chimney / Fireplace Thermal Spread,Minor,10899.96,300000.0,0.0363,150.0,72.67,Settled,Low,False,NONE,Creosote buildup in masonry chimney flue sparked internal combustion. Thermal crack allowed embers into attic insulation. Prompt response by local brigade prevented full roof ignition. Flue relining and attic decontamination required.,Standard verification complete. Estimates match third-party independent inspection. Documentation verified.
CLM-2024-00862,CUST-09307,POL-014739,Fire,2023-09-19,2023-09-26,7,Electrical Fault Fire,Major,155332.22,300000.0,0.5178,150.0,1035.55,Settled,Medium,False,NONE,Overheated breaker panel in basement initiated smoldering fire inside stud wall cavity. Flames traveled upward between floors before breaching living room drywall. Significant structural timber charring and complete electrical overhaul required.,Standard verification complete. Estimates match third-party independent inspection. Documentation verified.
CLM-2024-00863,CUST-09326,POL-014770,Auto,2023-11-21,2023-11-22,1,Catalytic Converter & Component Theft,Minor,2719.06,120000.0,0.0227,3000.0,0.91,Open,Low,False,NONE,"Insured discovered vehicle propped on cinder blocks in driveway with all four alloy wheels, tires, and brake assemblies stolen. Ground scuffs along rocker panels.",Standard verification complete. Estimates match third-party independent inspection. Documentation verified.
CLM-2024-00864,CUST-05769,POL-009151,Fire,2024-02-27,2024-02-29,2,Electrical Fault Fire,Total Loss,144258.17,400000.0,0.3606,350.0,412.17,Settled,Medium,False,NONE,Overheated breaker panel in basement initiated smoldering fire inside stud wall cavity. Flames traveled upward between floors before breaching living room drywall. Significant structural timber charring and complete electrical overhaul required.,Standard verification complete. Estimates match third-party independent inspection. Documentation verified.
CLM-2024-00865,CUST-02574,POL-004081,Auto,2024-07-14,2024-07-21,7,Single Vehicle Roadside Impact,Moderate,6448.76,120000.0,0.0537,3000.0,2.15,Settled,Low,False,NONE,"Insured swerved to avoid crossing wildlife on unlit rural road, colliding with roadside guardrail. Damage concentrated on driver front bumper, headlight, and wheel arch. No other vehicles involved.",Standard verification complete. Estimates match third-party independent inspection. Documentation verified.
CLM-2024-00866,CUST-03706,POL-005882,Fire,2023-05-20,2023-05-26,6,Kitchen Grease Fire,Major,22944.81,400000.0,0.0574,350.0,65.56,Settled,Medium,False,NONE,"Unattended cooking oil ignited on stovetop, spreading rapidly to wooden cabinetry and exhaust hood. Fire department responded within 12 minutes. Heavy smoke damage throughout ground floor and water saturation across kitchen subflooring.",Standard verification complete. Estimates match third-party independent inspection. Documentation verified.
CLM-2024-00867,CUST-03241,POL-005172,Auto,2024-06-12,2024-06-18,6,Intersection T-Bone Impact,Total Loss,28515.79,120000.0,0.2376,3000.0,9.51,Settled,Medium,False,NONE,"Broadside collision at uncontrolled intersection during heavy rain. Front quarter panel, suspension, and steering rack compromised. Vehicle deemed unsafe to drive and towed to certified repair facility.",Standard verification complete. Estimates match third-party independent inspection. Documentation verified.
CLM-2024-00868,CUST-03972,POL-006282,Fire,2023-09-24,2023-09-27,3,Kitchen Grease Fire,Major,27672.31,300000.0,0.0922,150.0,184.48,Settled,Medium,False,NONE,"Deep fryer flare-up caused flame spread to kitchen drywall. Heat blistering across ceiling joists. Structural fire damage contained to kitchen area, but substantial soot cleanup needed throughout residence.",Standard verification complete. Estimates match third-party independent inspection. Documentation verified.
CLM-2024-00869,CUST-09146,POL-014449,Fire,2024-08-07,2024-08-11,4,Kitchen Grease Fire,Moderate,31939.33,300000.0,0.1065,150.0,212.93,Settled,Medium,False,NONE,"Unattended cooking oil ignited on stovetop, spreading rapidly to wooden cabinetry and exhaust hood. Fire department responded within 12 minutes. Heavy smoke damage throughout ground floor and water saturation across kitchen subflooring.",Standard verification complete. Estimates match third-party independent inspection. Documentation verified.
CLM-2024-00870,CUST-01117,POL-001789,Auto,2024-04-18,2024-04-21,3,Intersection T-Bone Impact,Major,71630.14,100000.0,0.7163,750.0,95.51,Settled,Medium,False,NONE,Insured was proceeding on green light when a third-party vehicle failed to yield and impacted the passenger side. Significant structural intrusion along B-pillar and both passenger doors. Side curtain airbags deployed. Tow required.,"Comprehensive field adjuster verification complete. Police report, independent surveyor report, and official repair bids on file. Verified genuine catastrophic loss."
CLM-2024-00871,CUST-05184,POL-008210,Auto,2024-01-12,2024-01-13,1,Intersection T-Bone Impact,Total Loss,82085.18,120000.0,0.684,3000.0,27.36,Approved,Medium,False,NONE,Insured was proceeding on green light when a third-party vehicle failed to yield and impacted the passenger side. Significant structural intrusion along B-pillar and both passenger doors. Side curtain airbags deployed. Tow required.,"Comprehensive field adjuster verification complete. Police report, independent surveyor report, and official repair bids on file. Verified genuine catastrophic loss."
CLM-2024-00872,CUST-09763,POL-015443,Fire,2024-05-21,2024-06-06,16,Kitchen Grease Fire,Moderate,36131.29,200000.0,0.1807,75.0,481.75,Approved,Medium,False,NONE,"Unattended cooking oil ignited on stovetop, spreading rapidly to wooden cabinetry and exhaust hood. Fire department responded within 12 minutes. Heavy smoke damage throughout ground floor and water saturation across kitchen subflooring.",Standard verification complete. Estimates match third-party independent inspection. Documentation verified.
CLM-2024-00873,CUST-00266,POL-000422,Fire,2024-05-21,2024-05-25,4,Electrical Fault Fire,Major,68398.98,300000.0,0.228,150.0,455.99,Under Investigation,Medium,False,NONE,Faulty space heater wiring ignited living room drapery while residents were asleep. Smoke detectors alerted occupants. Fire caused severe burn-through of roof rafters and extensive water damage from fire brigade hoses.,Standard verification complete. Estimates match third-party independent inspection. Documentation verified.
CLM-2024-00874,CUST-00553,POL-000885,Fire,2023-07-13,2023-07-29,16,Electrical Fault Fire,Major,27354.74,300000.0,0.0912,150.0,182.36,Under Investigation,Medium,False,NONE,Faulty space heater wiring ignited living room drapery while residents were asleep. Smoke detectors alerted occupants. Fire caused severe burn-through of roof rafters and extensive water damage from fire brigade hoses.,Standard verification complete. Estimates match third-party independent inspection. Documentation verified.
CLM-2024-00875,CUST-00047,POL-000079,Fire,2024-04-06,2024-04-11,5,Kitchen Grease Fire,Major,50864.33,300000.0,0.1695,150.0,339.1,Open,Medium,False,NONE,"Deep fryer flare-up caused flame spread to kitchen drywall. Heat blistering across ceiling joists. Structural fire damage contained to kitchen area, but substantial soot cleanup needed throughout residence.",Standard verification complete. Estimates match third-party independent inspection. Documentation verified.
CLM-2024-00876,CUST-07805,POL-012325,Fire,2024-02-12,2024-02-14,2,Chimney / Fireplace Thermal Spread,Minor,9823.44,300000.0,0.0327,150.0,65.49,Settled,Low,False,NONE,Creosote buildup in masonry chimney flue sparked internal combustion. Thermal crack allowed embers into attic insulation. Prompt response by local brigade prevented full roof ignition. Flue relining and attic decontamination required.,Standard verification complete. Estimates match third-party independent inspection. Documentation verified.
CLM-2024-00877,CUST-07319,POL-011521,Fire,2023-03-02,2023-03-09,7,Inflated Water Restoration,Major,367151.75,600000.0,0.6119,3000.0,122.38,Under Investigation,High,True,INFLATED_WATER_REPAIR,"Claim submitted for sudden pipe rupture in unoccupied guest wing. Restoration contractor billed 24 industrial air movers and 6 commercial dehumidifiers for 21 days continuously, exceeding standard mitigation duration by 400%. Demolition invoices include pre-existing renovation materials not damaged by water.",SIU Audit Triggered: Indicator matches INFLATED_WATER_REPAIR. Significant inconsistencies in physical damage inspection vs reported narrative.
CLM-2024-00878,CUST-01872,POL-002999,Fire,2023-02-16,2023-02-23,7,Kitchen Grease Fire,Major,48124.62,500000.0,0.0962,750.0,64.17,Settled,Medium,False,NONE,"Deep fryer flare-up caused flame spread to kitchen drywall. Heat blistering across ceiling joists. Structural fire damage contained to kitchen area, but substantial soot cleanup needed throughout residence.",Standard verification complete. Estimates match third-party independent inspection. Documentation verified.
CLM-2024-00879,CUST-00319,POL-000506,Fire,2024-07-26,2024-07-29,3,Kitchen Grease Fire,Moderate,30934.3,400000.0,0.0773,350.0,88.38,Settled,Medium,False,NONE,"Deep fryer flare-up caused flame spread to kitchen drywall. Heat blistering across ceiling joists. Structural fire damage contained to kitchen area, but substantial soot cleanup needed throughout residence.",Standard verification complete. Estimates match third-party independent inspection. Documentation verified.
CLM-2024-00880,CUST-06059,POL-009607,Fire,2023-04-02,2023-04-21,19,Electrical Fault Fire,Total Loss,88619.38,300000.0,0.2954,150.0,590.8,Under Investigation,Medium,False,NONE,Overheated breaker panel in basement initiated smoldering fire inside stud wall cavity. Flames traveled upward between floors before breaching living room drywall. Significant structural timber charring and complete electrical overhaul required.,Standard verification complete. Estimates match third-party independent inspection. Documentation verified.
CLM-2024-00881,CUST-04137,POL-006551,Fire,2023-10-15,2023-10-18,3,Chimney / Fireplace Thermal Spread,Moderate,14083.87,400000.0,0.0352,350.0,40.24,Settled,Medium,False,NONE,Creosote buildup in masonry chimney flue sparked internal combustion. Thermal crack allowed embers into attic insulation. Prompt response by local brigade prevented full roof ignition. Flue relining and attic decontamination required.,Standard verification complete. Estimates match third-party independent inspection. Documentation verified.
CLM-2024-00882,CUST-04582,POL-007257,Auto,2023-09-28,2023-10-01,3,Single Vehicle Roadside Impact,Moderate,8301.38,100000.0,0.083,750.0,11.07,Approved,Low,False,NONE,"Insured swerved to avoid crossing wildlife on unlit rural road, colliding with roadside guardrail. Damage concentrated on driver front bumper, headlight, and wheel arch. No other vehicles involved.",Standard verification complete. Estimates match third-party independent inspection. Documentation verified.
CLM-2024-00883,CUST-04579,POL-007252,Auto,2024-03-26,2024-03-28,2,Rear-End Collision,Minor,1795.88,100000.0,0.018,750.0,2.39,Settled,Low,False,NONE,"Insured vehicle was struck from behind while stationary at a signalized intersection. Rear bumper crushed, trunk lid misaligned, and tail light assemblies shattered. Airbags did not deploy. Claimant reported minor neck stiffness.",Standard verification complete. Estimates match third-party independent inspection. Documentation verified.
CLM-2024-00884,CUST-01441,POL-002328,Auto,2024-04-23,2024-04-25,2,Catalytic Converter & Component Theft,Minor,1534.86,120000.0,0.0128,3000.0,0.51,Approved,Low,False,NONE,"Insured discovered vehicle propped on cinder blocks in driveway with all four alloy wheels, tires, and brake assemblies stolen. Ground scuffs along rocker panels.",Standard verification complete. Estimates match third-party independent inspection. Documentation verified.
CLM-2024-00885,CUST-00807,POL-001277,Auto,2024-05-19,2024-05-24,5,Rear-End Collision,Major,3920.68,120000.0,0.0327,3000.0,1.31,Approved,Low,False,NONE,"Insured vehicle was struck from behind while stationary at a signalized intersection. Rear bumper crushed, trunk lid misaligned, and tail light assemblies shattered. Airbags did not deploy. Claimant reported minor neck stiffness.",Standard verification complete. Estimates match third-party independent inspection. Documentation verified.
CLM-2024-00886,CUST-02492,POL-003963,Fire,2023-06-22,2023-06-25,3,Chimney / Fireplace Thermal Spread,Moderate,18609.17,500000.0,0.0372,750.0,24.81,Settled,Medium,False,NONE,Creosote buildup in masonry chimney flue sparked internal combustion. Thermal crack allowed embers into attic insulation. Prompt response by local brigade prevented full roof ignition. Flue relining and attic decontamination required.,Standard verification complete. Estimates match third-party independent inspection. Documentation verified.
CLM-2024-00887,CUST-05788,POL-009168,Auto,2024-03-02,2024-03-10,8,Rear-End Collision,Minor,5636.09,120000.0,0.047,3000.0,1.88,Settled,Low,False,NONE,"Vehicle was rear-ended in heavy stop-and-go highway traffic. Impact pushed vehicle into leading car, resulting in front and rear fascia damage. Radiator support cracked. Police report filed at scene.",Standard verification complete. Estimates match third-party independent inspection. Documentation verified.
CLM-2024-00888,CUST-05236,POL-008296,Auto,2023-05-05,2023-05-08,3,Catalytic Converter & Component Theft,Moderate,1737.69,120000.0,0.0145,3000.0,0.58,Settled,Low,False,NONE,Vehicle parked overnight in commuter lot. Exhaust system severed cleanly beneath chassis and catalytic converter removed. Oxygen sensors stripped. Comprehensive theft claim submitted with police report number.,Standard verification complete. Estimates match third-party independent inspection. Documentation verified.
CLM-2024-00889,CUST-01347,POL-002166,Auto,2024-05-06,2024-05-08,2,Catalytic Converter & Component Theft,Moderate,2161.27,100000.0,0.0216,750.0,2.88,Settled,Low,False,NONE,Vehicle parked overnight in commuter lot. Exhaust system severed cleanly beneath chassis and catalytic converter removed. Oxygen sensors stripped. Comprehensive theft claim submitted with police report number.,Standard verification complete. Estimates match third-party independent inspection. Documentation verified.
CLM-2024-00890,CUST-07335,POL-011550,Auto,2024-08-05,2024-08-18,13,Intersection T-Bone Impact,Moderate,11078.84,100000.0,0.1108,750.0,14.77,Approved,Low,False,NONE,Insured was proceeding on green light when a third-party vehicle failed to yield and impacted the passenger side. Significant structural intrusion along B-pillar and both passenger doors. Side curtain airbags deployed. Tow required.,Standard verification complete. Estimates match third-party independent inspection. Documentation verified.
CLM-2024-00891,CUST-02969,POL-004739,Auto,2024-07-14,2024-08-04,21,Catalytic Converter & Component Theft,Minor,1269.24,120000.0,0.0106,3000.0,0.42,Approved,Low,False,NONE,"Insured discovered vehicle propped on cinder blocks in driveway with all four alloy wheels, tires, and brake assemblies stolen. Ground scuffs along rocker panels.",Standard verification complete. Estimates match third-party independent inspection. Documentation verified.
CLM-2024-00892,CUST-06874,POL-010842,Fire,2023-01-22,2023-01-30,8,Kitchen Grease Fire,Moderate,18929.0,400000.0,0.0473,350.0,54.08,Approved,Medium,False,NONE,"Deep fryer flare-up caused flame spread to kitchen drywall. Heat blistering across ceiling joists. Structural fire damage contained to kitchen area, but substantial soot cleanup needed throughout residence.",Standard verification complete. Estimates match third-party independent inspection. Documentation verified.
CLM-2024-00893,CUST-06183,POL-009807,Fire,2023-05-04,2023-05-10,6,Electrical Fault Fire,Total Loss,213024.72,400000.0,0.5326,350.0,608.64,Open,Medium,False,NONE,Faulty space heater wiring ignited living room drapery while residents were asleep. Smoke detectors alerted occupants. Fire caused severe burn-through of roof rafters and extensive water damage from fire brigade hoses.,Standard verification complete. Estimates match third-party independent inspection. Documentation verified.
CLM-2024-00894,CUST-06128,POL-009711,Fire,2024-01-03,2024-01-06,3,Chimney / Fireplace Thermal Spread,Minor,7580.12,300000.0,0.0253,150.0,50.53,Open,Low,False,NONE,Creosote buildup in masonry chimney flue sparked internal combustion. Thermal crack allowed embers into attic insulation. Prompt response by local brigade prevented full roof ignition. Flue relining and attic decontamination required.,Standard verification complete. Estimates match third-party independent inspection. Documentation verified.
CLM-2024-00895,CUST-01673,POL-002697,Auto,2024-07-30,2024-08-07,8,Catalytic Converter & Component Theft,Minor,2186.51,120000.0,0.0182,3000.0,0.73,Settled,Low,False,NONE,"Insured discovered vehicle propped on cinder blocks in driveway with all four alloy wheels, tires, and brake assemblies stolen. Ground scuffs along rocker panels.",Standard verification complete. Estimates match third-party independent inspection. Documentation verified.
CLM-2024-00896,CUST-02744,POL-004375,Auto,2023-02-11,2023-02-17,6,Single Vehicle Roadside Impact,Moderate,6302.98,120000.0,0.0525,3000.0,2.1,Open,Low,False,NONE,"Insured swerved to avoid crossing wildlife on unlit rural road, colliding with roadside guardrail. Damage concentrated on driver front bumper, headlight, and wheel arch. No other vehicles involved.",Standard verification complete. Estimates match third-party independent inspection. Documentation verified.
CLM-2024-00897,CUST-07321,POL-011523,Auto,2024-06-21,2024-07-08,17,Rear-End Collision,Moderate,7514.53,120000.0,0.0626,3000.0,2.5,Settled,Low,False,NONE,"Vehicle was rear-ended in heavy stop-and-go highway traffic. Impact pushed vehicle into leading car, resulting in front and rear fascia damage. Radiator support cracked. Police report filed at scene.",Standard verification complete. Estimates match third-party independent inspection. Documentation verified.
CLM-2024-00898,CUST-05137,POL-008122,Auto,2023-05-11,2023-05-17,6,Single Vehicle Roadside Impact,Minor,1424.45,120000.0,0.0119,3000.0,0.47,Settled,Low,False,NONE,Loss of traction on black ice caused vehicle to slide into concrete median barrier. Front subframe and wheel rim cracked. No injuries reported.,Standard verification complete. Estimates match third-party independent inspection. Documentation verified.
CLM-2024-00899,CUST-09160,POL-014476,Fire,2023-04-21,2023-05-03,12,High-Value Marine Equipment Loss,Moderate,21455.71,200000.0,0.1073,75.0,286.08,Settled,High,True,PHANTOM_LUXURY_BOAT_THEFT,Claimant alleges twin 350HP marine engines unbolted and removed from dry dock trailer overnight with no perimeter fence breaches or security footage. Claim amount matches maximum policy limit to the exact dollar. Title transfer completed only 3 weeks prior.,Potential Billing Discrepancy: Itemized labor and parts estimates exceed regional peer averages by 25-40%.
CLM-2024-00900,CUST-07973,POL-012588,Fire,2023-09-17,2023-09-26,9,Electrical Fault Fire,Total Loss,43530.13,300000.0,0.1451,150.0,290.2,Approved,Medium,False,NONE,Overheated breaker panel in basement initiated smoldering fire inside stud wall cavity. Flames traveled upward between floors before breaching living room drywall. Significant structural timber charring and complete electrical overhaul required.,Standard verification complete. Estimates match third-party independent inspection. Documentation verified.
CLM-2024-00901,CUST-00929,POL-001484,Fire,2023-07-06,2023-07-10,4,Electrical Fault Fire,Major,150000.0,200000.0,0.75,75.0,2000.0,Settled,Medium,False,NONE,Overheated breaker panel in basement initiated smoldering fire inside stud wall cavity. Flames traveled upward between floors before breaching living room drywall. Significant structural timber charring and complete electrical overhaul required.,Standard verification complete. Estimates match third-party independent inspection. Documentation verified.
CLM-2024-00902,CUST-01733,POL-002794,Fire,2024-04-05,2024-04-09,4,Chimney / Fireplace Thermal Spread,Moderate,17017.07,400000.0,0.0425,350.0,48.62,Settled,Medium,False,NONE,Creosote buildup in masonry chimney flue sparked internal combustion. Thermal crack allowed embers into attic insulation. Prompt response by local brigade prevented full roof ignition. Flue relining and attic decontamination required.,Standard verification complete. Estimates match third-party independent inspection. Documentation verified.
CLM-2024-00903,CUST-01131,POL-001815,Auto,2023-09-23,2023-09-26,3,Rear-End Collision,Moderate,1844.48,120000.0,0.0154,3000.0,0.61,Settled,Low,False,NONE,"Insured vehicle was struck from behind while stationary at a signalized intersection. Rear bumper crushed, trunk lid misaligned, and tail light assemblies shattered. Airbags did not deploy. Claimant reported minor neck stiffness.",Standard verification complete. Estimates match third-party independent inspection. Documentation verified.
CLM-2024-00904,CUST-05542,POL-008786,Fire,2024-02-19,2024-02-29,10,Chimney / Fireplace Thermal Spread,Moderate,25893.06,300000.0,0.0863,150.0,172.62,Settled,Medium,False,NONE,Creosote buildup in masonry chimney flue sparked internal combustion. Thermal crack allowed embers into attic insulation. Prompt response by local brigade prevented full roof ignition. Flue relining and attic decontamination required.,Standard verification complete. Estimates match third-party independent inspection. Documentation verified.
CLM-2024-00905,CUST-06844,POL-010794,Auto,2024-02-09,2024-02-12,3,Single Vehicle Roadside Impact,Minor,2319.08,120000.0,0.0193,3000.0,0.77,Approved,Low,False,NONE,"Insured swerved to avoid crossing wildlife on unlit rural road, colliding with roadside guardrail. Damage concentrated on driver front bumper, headlight, and wheel arch. No other vehicles involved.",Standard verification complete. Estimates match third-party independent inspection. Documentation verified.
CLM-2024-00906,CUST-00110,POL-000183,Fire,2023-07-12,2023-07-15,3,Kitchen Grease Fire,Moderate,32164.84,400000.0,0.0804,350.0,91.9,Settled,Medium,False,NONE,"Deep fryer flare-up caused flame spread to kitchen drywall. Heat blistering across ceiling joists. Structural fire damage contained to kitchen area, but substantial soot cleanup needed throughout residence.",Standard verification complete. Estimates match third-party independent inspection. Documentation verified.
CLM-2024-00907,CUST-04148,POL-006566,Fire,2024-07-05,2024-07-23,18,Kitchen Grease Fire,Moderate,11668.43,300000.0,0.0389,150.0,77.79,Settled,Low,False,NONE,"Deep fryer flare-up caused flame spread to kitchen drywall. Heat blistering across ceiling joists. Structural fire damage contained to kitchen area, but substantial soot cleanup needed throughout residence.",Standard verification complete. Estimates match third-party independent inspection. Documentation verified.
CLM-2024-00908,CUST-05592,POL-008875,Fire,2023-06-06,2023-06-09,3,High-Value Marine Equipment Loss,Major,21560.93,300000.0,0.0719,150.0,143.74,Open,High,True,PHANTOM_LUXURY_BOAT_THEFT,Claimant alleges twin 350HP marine engines unbolted and removed from dry dock trailer overnight with no perimeter fence breaches or security footage. Claim amount matches maximum policy limit to the exact dollar. Title transfer completed only 3 weeks prior.,Potential Billing Discrepancy: Itemized labor and parts estimates exceed regional peer averages by 25-40%.
CLM-2024-00909,CUST-03201,POL-005104,Fire,2023-07-26,2023-07-30,4,Electrical Fault Fire,Total Loss,58704.99,300000.0,0.1957,150.0,391.37,Approved,Medium,False,NONE,Overheated breaker panel in basement initiated smoldering fire inside stud wall cavity. Flames traveled upward between floors before breaching living room drywall. Significant structural timber charring and complete electrical overhaul required.,Standard verification complete. Estimates match third-party independent inspection. Documentation verified.
CLM-2024-00910,CUST-05491,POL-008705,Fire,2024-03-01,2024-03-08,7,Electrical Fault Fire,Total Loss,130648.1,200000.0,0.6532,75.0,1741.97,Settled,Medium,False,NONE,Overheated breaker panel in basement initiated smoldering fire inside stud wall cavity. Flames traveled upward between floors before breaching living room drywall. Significant structural timber charring and complete electrical overhaul required.,Standard verification complete. Estimates match third-party independent inspection. Documentation verified.
CLM-2024-00911,CUST-08739,POL-013840,Auto,2024-05-14,2024-05-19,5,Intersection T-Bone Impact,Total Loss,37071.52,120000.0,0.3089,3000.0,12.36,Settled,Medium,False,NONE,Insured was proceeding on green light when a third-party vehicle failed to yield and impacted the passenger side. Significant structural intrusion along B-pillar and both passenger doors. Side curtain airbags deployed. Tow required.,Standard verification complete. Estimates match third-party independent inspection. Documentation verified.
CLM-2024-00912,CUST-06767,POL-010676,Auto,2024-03-03,2024-03-04,1,Suspicious Multi-Party Collision,Major,65889.44,120000.0,0.5491,3000.0,21.96,Under Investigation,High,True,STAGED_COLLISION_RING,Insured vehicle alleged sudden brake event leading to rear collision with third-party vehicle occupied by 4 unbelted passengers. All occupants retained same legal counsel and clinic on same business day. Identical soft tissue injury claims submitted. Vehicle damage pattern inconsistent with described low-speed impact velocity.,Policy Inception Audit: High-severity claim filed immediately following policy coverage modification.
CLM-2024-00913,CUST-07415,POL-011671,Auto,2024-04-04,2024-04-06,2,Catalytic Converter & Component Theft,Minor,1194.36,100000.0,0.0119,750.0,1.59,Settled,Low,False,NONE,Vehicle parked overnight in commuter lot. Exhaust system severed cleanly beneath chassis and catalytic converter removed. Oxygen sensors stripped. Comprehensive theft claim submitted with police report number.,Standard verification complete. Estimates match third-party independent inspection. Documentation verified.
CLM-2024-00914,CUST-00206,POL-000322,Fire,2023-08-13,2023-08-21,8,Chimney / Fireplace Thermal Spread,Moderate,9919.26,300000.0,0.0331,150.0,66.13,Approved,Low,False,NONE,Creosote buildup in masonry chimney flue sparked internal combustion. Thermal crack allowed embers into attic insulation. Prompt response by local brigade prevented full roof ignition. Flue relining and attic decontamination required.,Standard verification complete. Estimates match third-party independent inspection. Documentation verified.
CLM-2024-00915,CUST-09227,POL-014587,Fire,2024-01-04,2024-01-06,2,Electrical Fault Fire,Major,155243.05,400000.0,0.3881,350.0,443.55,Approved,Medium,False,NONE,Overheated breaker panel in basement initiated smoldering fire inside stud wall cavity. Flames traveled upward between floors before breaching living room drywall. Significant structural timber charring and complete electrical overhaul required.,Standard verification complete. Estimates match third-party independent inspection. Documentation verified.
CLM-2024-00916,CUST-08374,POL-013222,Auto,2023-07-24,2023-07-27,3,Intersection T-Bone Impact,Total Loss,32194.14,100000.0,0.3219,750.0,42.93,Under Investigation,Medium,False,NONE,"Broadside collision at uncontrolled intersection during heavy rain. Front quarter panel, suspension, and steering rack compromised. Vehicle deemed unsafe to drive and towed to certified repair facility.",Standard verification complete. Estimates match third-party independent inspection. Documentation verified.
CLM-2024-00917,CUST-09230,POL-014592,Auto,2023-08-03,2023-08-10,7,Rear-End Collision,Minor,2214.23,120000.0,0.0185,3000.0,0.74,Settled,Low,False,NONE,"Vehicle was rear-ended in heavy stop-and-go highway traffic. Impact pushed vehicle into leading car, resulting in front and rear fascia damage. Radiator support cracked. Police report filed at scene.",Standard verification complete. Estimates match third-party independent inspection. Documentation verified.
CLM-2024-00918,CUST-05671,POL-008984,Auto,2024-05-30,2024-06-10,11,Rear-End Collision,Minor,3217.06,100000.0,0.0322,750.0,4.29,Settled,Low,False,NONE,"Vehicle was rear-ended in heavy stop-and-go highway traffic. Impact pushed vehicle into leading car, resulting in front and rear fascia damage. Radiator support cracked. Police report filed at scene.",Standard verification complete. Estimates match third-party independent inspection. Documentation verified.
CLM-2024-00919,CUST-03763,POL-005969,Fire,2023-09-22,2023-09-25,3,Electrical Fault Fire,Total Loss,158609.06,400000.0,0.3965,350.0,453.17,Open,Medium,False,NONE,Overheated breaker panel in basement initiated smoldering fire inside stud wall cavity. Flames traveled upward between floors before breaching living room drywall. Significant structural timber charring and complete electrical overhaul required.,Standard verification complete. Estimates match third-party independent inspection. Documentation verified.
CLM-2024-00920,CUST-08650,POL-013686,Auto,2024-06-11,2024-06-13,2,Rear-End Collision,Major,7752.48,120000.0,0.0646,3000.0,2.58,Settled,Low,False,NONE,"Insured vehicle was struck from behind while stationary at a signalized intersection. Rear bumper crushed, trunk lid misaligned, and tail light assemblies shattered. Airbags did not deploy. Claimant reported minor neck stiffness.",Standard verification complete. Estimates match third-party independent inspection. Documentation verified.
CLM-2024-00921,CUST-07120,POL-011233,Fire,2023-04-24,2023-04-25,1,Kitchen Grease Fire,Moderate,18581.43,400000.0,0.0465,350.0,53.09,Settled,Medium,False,NONE,"Unattended cooking oil ignited on stovetop, spreading rapidly to wooden cabinetry and exhaust hood. Fire department responded within 12 minutes. Heavy smoke damage throughout ground floor and water saturation across kitchen subflooring.",Standard verification complete. Estimates match third-party independent inspection. Documentation verified.
CLM-2024-00922,CUST-06135,POL-009725,Auto,2024-01-06,2024-01-18,12,Intersection T-Bone Impact,Total Loss,72792.87,120000.0,0.6066,3000.0,24.26,Settled,Medium,False,NONE,"Broadside collision at uncontrolled intersection during heavy rain. Front quarter panel, suspension, and steering rack compromised. Vehicle deemed unsafe to drive and towed to certified repair facility.",Standard verification complete. Estimates match third-party independent inspection. Documentation verified.
CLM-2024-00923,CUST-05995,POL-009499,Auto,2023-06-07,2023-06-20,13,Single Vehicle Roadside Impact,Moderate,2786.13,120000.0,0.0232,3000.0,0.93,Under Investigation,Low,False,NONE,"Insured swerved to avoid crossing wildlife on unlit rural road, colliding with roadside guardrail. Damage concentrated on driver front bumper, headlight, and wheel arch. No other vehicles involved.",Standard verification complete. Estimates match third-party independent inspection. Documentation verified.
CLM-2024-00924,CUST-02187,POL-003499,Auto,2023-01-07,2023-01-15,8,Intersection T-Bone Impact,Major,12496.35,120000.0,0.1041,3000.0,4.17,Settled,Medium,False,NONE,"Broadside collision at uncontrolled intersection during heavy rain. Front quarter panel, suspension, and steering rack compromised. Vehicle deemed unsafe to drive and towed to certified repair facility.",Standard verification complete. Estimates match third-party independent inspection. Documentation verified.
CLM-2024-00925,CUST-09676,POL-015296,Fire,2024-02-29,2024-03-16,16,Electrical Fault Fire,Major,81422.9,400000.0,0.2036,350.0,232.64,Approved,Medium,False,NONE,Overheated breaker panel in basement initiated smoldering fire inside stud wall cavity. Flames traveled upward between floors before breaching living room drywall. Significant structural timber charring and complete electrical overhaul required.,Standard verification complete. Estimates match third-party independent inspection. Documentation verified.
CLM-2024-00926,CUST-02443,POL-003878,Auto,2024-03-15,2024-03-17,2,Catalytic Converter & Component Theft,Moderate,2194.89,100000.0,0.0219,750.0,2.93,Approved,Low,False,NONE,"Insured discovered vehicle propped on cinder blocks in driveway with all four alloy wheels, tires, and brake assemblies stolen. Ground scuffs along rocker panels.",Standard verification complete. Estimates match third-party independent inspection. Documentation verified.
CLM-2024-00927,CUST-04830,POL-007645,Fire,2024-03-29,2024-04-01,3,Kitchen Grease Fire,Moderate,17922.93,300000.0,0.0597,150.0,119.49,Under Investigation,Medium,False,NONE,"Unattended cooking oil ignited on stovetop, spreading rapidly to wooden cabinetry and exhaust hood. Fire department responded within 12 minutes. Heavy smoke damage throughout ground floor and water saturation across kitchen subflooring.",Standard verification complete. Estimates match third-party independent inspection. Documentation verified.
CLM-2024-00928,CUST-01551,POL-002499,Auto,2023-03-04,2023-03-05,1,Catalytic Converter & Component Theft,Minor,1290.23,120000.0,0.0108,3000.0,0.43,Settled,Low,False,NONE,Vehicle parked overnight in commuter lot. Exhaust system severed cleanly beneath chassis and catalytic converter removed. Oxygen sensors stripped. Comprehensive theft claim submitted with police report number.,Standard verification complete. Estimates match third-party independent inspection. Documentation verified.
CLM-2024-00929,CUST-09076,POL-014344,Caravan,2024-06-16,2024-06-23,7,Storm Hail and Tree Branch Impact,Moderate,11116.7,17500.0,0.6352,25.0,444.67,Open,Low,False,NONE,High winds at holiday park caused awning detachment and side panel punctures. Water entered electrical breaker enclosure.,Standard verification complete. Estimates match third-party independent inspection. Documentation verified.
CLM-2024-00930,CUST-09399,POL-014879,Caravan,2023-11-18,2023-12-04,16,Storm Hail and Tree Branch Impact,Minor,5858.5,17500.0,0.3348,25.0,234.34,Settled,Low,False,NONE,High winds at holiday park caused awning detachment and side panel punctures. Water entered electrical breaker enclosure.,Standard verification complete. Estimates match third-party independent inspection. Documentation verified.
CLM-2024-00931,CUST-00772,POL-001216,Auto,2023-07-30,2023-08-01,2,Catalytic Converter & Component Theft,Moderate,2889.46,120000.0,0.0241,3000.0,0.96,Settled,Low,False,NONE,"Insured discovered vehicle propped on cinder blocks in driveway with all four alloy wheels, tires, and brake assemblies stolen. Ground scuffs along rocker panels.",Standard verification complete. Estimates match third-party independent inspection. Documentation verified.
CLM-2024-00932,CUST-03405,POL-005419,Fire,2024-02-04,2024-02-06,2,Chimney / Fireplace Thermal Spread,Minor,8210.54,500000.0,0.0164,750.0,10.95,Settled,Low,False,NONE,Creosote buildup in masonry chimney flue sparked internal combustion. Thermal crack allowed embers into attic insulation. Prompt response by local brigade prevented full roof ignition. Flue relining and attic decontamination required.,Standard verification complete. Estimates match third-party independent inspection. Documentation verified.
CLM-2024-00933,CUST-08496,POL-013429,Fire,2023-06-13,2023-06-14,1,Kitchen Grease Fire,Moderate,38703.73,300000.0,0.129,150.0,258.02,Approved,Medium,False,NONE,"Deep fryer flare-up caused flame spread to kitchen drywall. Heat blistering across ceiling joists. Structural fire damage contained to kitchen area, but substantial soot cleanup needed throughout residence.",Standard verification complete. Estimates match third-party independent inspection. Documentation verified.
CLM-2024-00934,CUST-01282,POL-002064,Fire,2023-04-24,2023-05-04,10,Chimney / Fireplace Thermal Spread,Minor,6948.18,400000.0,0.0174,350.0,19.85,Settled,Low,False,NONE,Creosote buildup in masonry chimney flue sparked internal combustion. Thermal crack allowed embers into attic insulation. Prompt response by local brigade prevented full roof ignition. Flue relining and attic decontamination required.,Standard verification complete. Estimates match third-party independent inspection. Documentation verified.
CLM-2024-00935,CUST-09716,POL-015367,Auto,2023-05-08,2023-05-14,6,Catalytic Converter & Component Theft,Moderate,4562.47,100000.0,0.0456,750.0,6.08,Approved,Low,False,NONE,Vehicle parked overnight in commuter lot. Exhaust system severed cleanly beneath chassis and catalytic converter removed. Oxygen sensors stripped. Comprehensive theft claim submitted with police report number.,Standard verification complete. Estimates match third-party independent inspection. Documentation verified.
CLM-2024-00936,CUST-09362,POL-014825,Auto,2024-08-02,2024-08-08,6,Intersection T-Bone Impact,Major,48415.98,120000.0,0.4035,3000.0,16.14,Approved,Medium,False,NONE,"Broadside collision at uncontrolled intersection during heavy rain. Front quarter panel, suspension, and steering rack compromised. Vehicle deemed unsafe to drive and towed to certified repair facility.",Standard verification complete. Estimates match third-party independent inspection. Documentation verified.
CLM-2024-00937,CUST-01524,POL-002455,Auto,2024-01-22,2024-01-24,2,Intersection T-Bone Impact,Moderate,9350.53,100000.0,0.0935,750.0,12.47,Approved,Low,False,NONE,"Broadside collision at uncontrolled intersection during heavy rain. Front quarter panel, suspension, and steering rack compromised. Vehicle deemed unsafe to drive and towed to certified repair facility.",Standard verification complete. Estimates match third-party independent inspection. Documentation verified.
CLM-2024-00938,CUST-01406,POL-002271,Auto,2023-05-31,2023-06-01,1,Catalytic Converter & Component Theft,Moderate,1823.75,100000.0,0.0182,750.0,2.43,Settled,Low,False,NONE,Vehicle parked overnight in commuter lot. Exhaust system severed cleanly beneath chassis and catalytic converter removed. Oxygen sensors stripped. Comprehensive theft claim submitted with police report number.,Standard verification complete. Estimates match third-party independent inspection. Documentation verified.
CLM-2024-00939,CUST-05023,POL-007946,Fire,2023-03-21,2023-03-25,4,Electrical Fault Fire,Total Loss,153586.85,300000.0,0.512,150.0,1023.91,Settled,Medium,False,NONE,Faulty space heater wiring ignited living room drapery while residents were asleep. Smoke detectors alerted occupants. Fire caused severe burn-through of roof rafters and extensive water damage from fire brigade hoses.,Standard verification complete. Estimates match third-party independent inspection. Documentation verified.
CLM-2024-00940,CUST-06020,POL-009542,Auto,2024-05-16,2024-06-01,16,Catalytic Converter & Component Theft,Minor,2297.04,100000.0,0.023,750.0,3.06,Settled,Low,False,NONE,Vehicle parked overnight in commuter lot. Exhaust system severed cleanly beneath chassis and catalytic converter removed. Oxygen sensors stripped. Comprehensive theft claim submitted with police report number.,Standard verification complete. Estimates match third-party independent inspection. Documentation verified.
CLM-2024-00941,CUST-09592,POL-015159,Auto,2024-06-09,2024-06-22,13,Rear-End Collision,Major,2711.31,100000.0,0.0271,750.0,3.62,Settled,Low,False,NONE,"Insured vehicle was struck from behind while stationary at a signalized intersection. Rear bumper crushed, trunk lid misaligned, and tail light assemblies shattered. Airbags did not deploy. Claimant reported minor neck stiffness.",Standard verification complete. Estimates match third-party independent inspection. Documentation verified.
CLM-2024-00942,CUST-06214,POL-009859,Fire,2023-05-02,2023-05-07,5,Chimney / Fireplace Thermal Spread,Moderate,9247.42,400000.0,0.0231,350.0,26.42,Settled,Low,False,NONE,Creosote buildup in masonry chimney flue sparked internal combustion. Thermal crack allowed embers into attic insulation. Prompt response by local brigade prevented full roof ignition. Flue relining and attic decontamination required.,Standard verification complete. Estimates match third-party independent inspection. Documentation verified.
CLM-2024-00943,CUST-03117,POL-004989,Auto,2024-01-16,2024-01-20,4,Single Vehicle Roadside Impact,Moderate,2405.53,120000.0,0.02,3000.0,0.8,Settled,Low,False,NONE,Loss of traction on black ice caused vehicle to slide into concrete median barrier. Front subframe and wheel rim cracked. No injuries reported.,Standard verification complete. Estimates match third-party independent inspection. Documentation verified.
CLM-2024-00944,CUST-09429,POL-014928,Auto,2024-03-07,2024-03-16,9,Rear-End Collision,Moderate,5794.31,120000.0,0.0483,3000.0,1.93,Settled,Low,False,NONE,"Vehicle was rear-ended in heavy stop-and-go highway traffic. Impact pushed vehicle into leading car, resulting in front and rear fascia damage. Radiator support cracked. Police report filed at scene.",Standard verification complete. Estimates match third-party independent inspection. Documentation verified.
CLM-2024-00945,CUST-03325,POL-005302,Auto,2023-12-24,2023-12-31,7,Rear-End Collision,Minor,2241.07,120000.0,0.0187,3000.0,0.75,Settled,Low,False,NONE,"Vehicle was rear-ended in heavy stop-and-go highway traffic. Impact pushed vehicle into leading car, resulting in front and rear fascia damage. Radiator support cracked. Police report filed at scene.",Standard verification complete. Estimates match third-party independent inspection. Documentation verified.
CLM-2024-00946,CUST-08366,POL-013211,Fire,2024-01-22,2024-01-28,6,Electrical Fault Fire,Major,87818.84,600000.0,0.1464,3000.0,29.27,Settled,Medium,False,NONE,Overheated breaker panel in basement initiated smoldering fire inside stud wall cavity. Flames traveled upward between floors before breaching living room drywall. Significant structural timber charring and complete electrical overhaul required.,Standard verification complete. Estimates match third-party independent inspection. Documentation verified.
CLM-2024-00947,CUST-07562,POL-011923,Auto,2023-11-30,2023-12-08,8,Rear-End Collision,Major,14593.97,120000.0,0.1216,3000.0,4.86,Settled,Medium,False,NONE,"Vehicle was rear-ended in heavy stop-and-go highway traffic. Impact pushed vehicle into leading car, resulting in front and rear fascia damage. Radiator support cracked. Police report filed at scene.",Standard verification complete. Estimates match third-party independent inspection. Documentation verified.
CLM-2024-00948,CUST-02309,POL-003667,Auto,2024-03-29,2024-04-04,6,Suspicious Multi-Party Collision,Moderate,25191.01,120000.0,0.2099,3000.0,8.4,Settled,High,True,STAGED_COLLISION_RING,Insured vehicle alleged sudden brake event leading to rear collision with third-party vehicle occupied by 4 unbelted passengers. All occupants retained same legal counsel and clinic on same business day. Identical soft tissue injury claims submitted. Vehicle damage pattern inconsistent with described low-speed impact velocity.,Potential Billing Discrepancy: Itemized labor and parts estimates exceed regional peer averages by 25-40%.
CLM-2024-00949,CUST-00931,POL-001485,Auto,2023-11-13,2023-11-19,6,Rear-End Collision,Major,9442.03,120000.0,0.0787,3000.0,3.15,Settled,Low,False,NONE,"Insured vehicle was struck from behind while stationary at a signalized intersection. Rear bumper crushed, trunk lid misaligned, and tail light assemblies shattered. Airbags did not deploy. Claimant reported minor neck stiffness.",Standard verification complete. Estimates match third-party independent inspection. Documentation verified.
CLM-2024-00950,CUST-03877,POL-006129,Auto,2024-08-06,2024-08-09,3,High-Value Marine Equipment Loss,Moderate,16152.36,120000.0,0.1346,3000.0,5.38,Settled,High,True,PHANTOM_LUXURY_BOAT_THEFT,Claimant alleges twin 350HP marine engines unbolted and removed from dry dock trailer overnight with no perimeter fence breaches or security footage. Claim amount matches maximum policy limit to the exact dollar. Title transfer completed only 3 weeks prior.,Potential Billing Discrepancy: Itemized labor and parts estimates exceed regional peer averages by 25-40%.
CLM-2024-00951,CUST-09619,POL-015205,Fire,2023-01-20,2023-01-23,3,Electrical Fault Fire,Major,106850.81,300000.0,0.3562,150.0,712.34,Settled,Medium,False,NONE,Overheated breaker panel in basement initiated smoldering fire inside stud wall cavity. Flames traveled upward between floors before breaching living room drywall. Significant structural timber charring and complete electrical overhaul required.,Standard verification complete. Estimates match third-party independent inspection. Documentation verified.
CLM-2024-00952,CUST-08162,POL-012872,Fire,2024-06-30,2024-07-19,19,High-Value Marine Equipment Loss,Moderate,21868.68,300000.0,0.0729,150.0,145.79,Under Investigation,High,True,PHANTOM_LUXURY_BOAT_THEFT,Claimant alleges twin 350HP marine engines unbolted and removed from dry dock trailer overnight with no perimeter fence breaches or security footage. Claim amount matches maximum policy limit to the exact dollar. Title transfer completed only 3 weeks prior.,Potential Billing Discrepancy: Itemized labor and parts estimates exceed regional peer averages by 25-40%.
CLM-2024-00953,CUST-04771,POL-007562,Fire,2023-07-04,2023-07-10,6,Electrical Fault Fire,Major,35859.55,300000.0,0.1195,150.0,239.06,Under Investigation,Medium,False,NONE,Faulty space heater wiring ignited living room drapery while residents were asleep. Smoke detectors alerted occupants. Fire caused severe burn-through of roof rafters and extensive water damage from fire brigade hoses.,Standard verification complete. Estimates match third-party independent inspection. Documentation verified.
CLM-2024-00954,CUST-00004,POL-000008,Auto,2023-10-20,2023-11-03,14,Intersection T-Bone Impact,Moderate,8207.2,120000.0,0.0684,3000.0,2.74,Open,Low,False,NONE,"Broadside collision at uncontrolled intersection during heavy rain. Front quarter panel, suspension, and steering rack compromised. Vehicle deemed unsafe to drive and towed to certified repair facility.",Standard verification complete. Estimates match third-party independent inspection. Documentation verified.
CLM-2024-00955,CUST-06699,POL-010573,Auto,2023-03-02,2023-03-03,1,Single Vehicle Roadside Impact,Minor,2294.91,120000.0,0.0191,3000.0,0.76,Settled,Low,False,NONE,"Insured swerved to avoid crossing wildlife on unlit rural road, colliding with roadside guardrail. Damage concentrated on driver front bumper, headlight, and wheel arch. No other vehicles involved.",Standard verification complete. Estimates match third-party independent inspection. Documentation verified.
CLM-2024-00956,CUST-07754,POL-012242,Auto,2023-11-28,2023-12-14,16,Single Vehicle Roadside Impact,Moderate,3279.05,100000.0,0.0328,750.0,4.37,Settled,Low,False,NONE,"Insured swerved to avoid crossing wildlife on unlit rural road, colliding with roadside guardrail. Damage concentrated on driver front bumper, headlight, and wheel arch. No other vehicles involved.",Standard verification complete. Estimates match third-party independent inspection. Documentation verified.
CLM-2024-00957,CUST-07351,POL-011580,Auto,2024-06-04,2024-06-10,6,Catalytic Converter & Component Theft,Minor,1837.46,120000.0,0.0153,3000.0,0.61,Settled,Low,False,NONE,"Insured discovered vehicle propped on cinder blocks in driveway with all four alloy wheels, tires, and brake assemblies stolen. Ground scuffs along rocker panels.",Standard verification complete. Estimates match third-party independent inspection. Documentation verified.
CLM-2024-00958,CUST-05316,POL-008431,Auto,2024-02-22,2024-02-29,7,Intersection T-Bone Impact,Moderate,24989.66,120000.0,0.2082,3000.0,8.33,Settled,Medium,False,NONE,"Broadside collision at uncontrolled intersection during heavy rain. Front quarter panel, suspension, and steering rack compromised. Vehicle deemed unsafe to drive and towed to certified repair facility.",Standard verification complete. Estimates match third-party independent inspection. Documentation verified.
CLM-2024-00959,CUST-07921,POL-012492,Auto,2023-05-09,2023-05-11,2,Single Vehicle Roadside Impact,Moderate,5614.51,120000.0,0.0468,3000.0,1.87,Settled,Low,False,NONE,Loss of traction on black ice caused vehicle to slide into concrete median barrier. Front subframe and wheel rim cracked. No injuries reported.,Standard verification complete. Estimates match third-party independent inspection. Documentation verified.
CLM-2024-00960,CUST-00105,POL-000173,Auto,2024-01-18,2024-01-20,2,Intersection T-Bone Impact,Moderate,16767.25,120000.0,0.1397,3000.0,5.59,Settled,Medium,False,NONE,"Broadside collision at uncontrolled intersection during heavy rain. Front quarter panel, suspension, and steering rack compromised. Vehicle deemed unsafe to drive and towed to certified repair facility.",Standard verification complete. Estimates match third-party independent inspection. Documentation verified.
CLM-2024-00961,CUST-02272,POL-003609,Auto,2023-10-24,2023-11-04,11,Intersection T-Bone Impact,Moderate,13381.31,120000.0,0.1115,3000.0,4.46,Settled,Medium,False,NONE,Insured was proceeding on green light when a third-party vehicle failed to yield and impacted the passenger side. Significant structural intrusion along B-pillar and both passenger doors. Side curtain airbags deployed. Tow required.,Standard verification complete. Estimates match third-party independent inspection. Documentation verified.
CLM-2024-00962,CUST-04972,POL-007860,Private Accident,2024-01-25,2024-02-05,11,Power Tool Laceration / Trauma,Moderate,24958.35,72000.0,0.3466,150.0,166.39,Settled,Medium,False,NONE,Kickback incident while operating table saw in home workshop caused severe tendon and nerve lacerations to dominant left hand. Micro-surgical repair performed. Claim submitted for outpatient physical therapy and temporary partial disability.,Standard verification complete. Estimates match third-party independent inspection. Documentation verified.
CLM-2024-00963,CUST-03846,POL-006078,Fire,2024-02-09,2024-02-11,2,Chimney / Fireplace Thermal Spread,Minor,7955.48,200000.0,0.0398,75.0,106.07,Open,Low,False,NONE,Creosote buildup in masonry chimney flue sparked internal combustion. Thermal crack allowed embers into attic insulation. Prompt response by local brigade prevented full roof ignition. Flue relining and attic decontamination required.,Standard verification complete. Estimates match third-party independent inspection. Documentation verified.
CLM-2024-00964,CUST-00747,POL-001174,Fire,2024-05-31,2024-06-01,1,Electrical Fault Fire,Total Loss,148274.17,300000.0,0.4942,150.0,988.49,Settled,Medium,False,NONE,Faulty space heater wiring ignited living room drapery while residents were asleep. Smoke detectors alerted occupants. Fire caused severe burn-through of roof rafters and extensive water damage from fire brigade hoses.,Standard verification complete. Estimates match third-party independent inspection. Documentation verified.
CLM-2024-00965,CUST-09760,POL-015439,Auto,2023-11-26,2023-11-30,4,Single Vehicle Roadside Impact,Minor,3121.93,120000.0,0.026,3000.0,1.04,Open,Low,False,NONE,Loss of traction on black ice caused vehicle to slide into concrete median barrier. Front subframe and wheel rim cracked. No injuries reported.,Standard verification complete. Estimates match third-party independent inspection. Documentation verified.
CLM-2024-00966,CUST-05622,POL-008910,Fire,2023-01-03,2023-01-12,9,Chimney / Fireplace Thermal Spread,Moderate,11729.37,600000.0,0.0195,3000.0,3.91,Settled,Low,False,NONE,Creosote buildup in masonry chimney flue sparked internal combustion. Thermal crack allowed embers into attic insulation. Prompt response by local brigade prevented full roof ignition. Flue relining and attic decontamination required.,Standard verification complete. Estimates match third-party independent inspection. Documentation verified.
CLM-2024-00967,CUST-05752,POL-009117,Fire,2024-05-15,2024-05-21,6,Electrical Fault Fire,Major,150000.0,200000.0,0.75,75.0,2000.0,Approved,Medium,False,NONE,Overheated breaker panel in basement initiated smoldering fire inside stud wall cavity. Flames traveled upward between floors before breaching living room drywall. Significant structural timber charring and complete electrical overhaul required.,Standard verification complete. Estimates match third-party independent inspection. Documentation verified.
CLM-2024-00968,CUST-08349,POL-013186,Fire,2023-05-07,2023-05-27,20,Electrical Fault Fire,Total Loss,179994.0,500000.0,0.36,750.0,239.99,Approved,Medium,False,NONE,Faulty space heater wiring ignited living room drapery while residents were asleep. Smoke detectors alerted occupants. Fire caused severe burn-through of roof rafters and extensive water damage from fire brigade hoses.,Standard verification complete. Estimates match third-party independent inspection. Documentation verified.
CLM-2024-00969,CUST-08933,POL-014124,Auto,2023-05-08,2023-05-18,10,Catalytic Converter & Component Theft,Moderate,2535.55,120000.0,0.0211,3000.0,0.85,Settled,Low,False,NONE,Vehicle parked overnight in commuter lot. Exhaust system severed cleanly beneath chassis and catalytic converter removed. Oxygen sensors stripped. Comprehensive theft claim submitted with police report number.,Standard verification complete. Estimates match third-party independent inspection. Documentation verified.
CLM-2024-00970,CUST-07982,POL-012601,Auto,2024-01-02,2024-01-03,1,Intersection T-Bone Impact,Moderate,8951.65,100000.0,0.0895,750.0,11.94,Under Investigation,Low,False,NONE,"Broadside collision at uncontrolled intersection during heavy rain. Front quarter panel, suspension, and steering rack compromised. Vehicle deemed unsafe to drive and towed to certified repair facility.",Standard verification complete. Estimates match third-party independent inspection. Documentation verified.
CLM-2024-00971,CUST-00200,POL-000312,Auto,2023-02-07,2023-03-05,26,Single Vehicle Roadside Impact,Moderate,8955.32,100000.0,0.0896,750.0,11.94,Settled,Low,False,NONE,"Insured swerved to avoid crossing wildlife on unlit rural road, colliding with roadside guardrail. Damage concentrated on driver front bumper, headlight, and wheel arch. No other vehicles involved.",Standard verification complete. Estimates match third-party independent inspection. Documentation verified.
CLM-2024-00972,CUST-03764,POL-005972,Auto,2023-10-12,2023-10-14,2,High-Value Marine Equipment Loss,Moderate,22797.49,140000.0,0.1628,7500.0,3.04,Settled,High,True,PHANTOM_LUXURY_BOAT_THEFT,Claimant alleges twin 350HP marine engines unbolted and removed from dry dock trailer overnight with no perimeter fence breaches or security footage. Claim amount matches maximum policy limit to the exact dollar. Title transfer completed only 3 weeks prior.,Potential Billing Discrepancy: Itemized labor and parts estimates exceed regional peer averages by 25-40%.
CLM-2024-00973,CUST-05589,POL-008866,Auto,2024-08-01,2024-08-05,4,Intersection T-Bone Impact,Moderate,8758.92,120000.0,0.073,3000.0,2.92,Open,Low,False,NONE,Insured was proceeding on green light when a third-party vehicle failed to yield and impacted the passenger side. Significant structural intrusion along B-pillar and both passenger doors. Side curtain airbags deployed. Tow required.,Standard verification complete. Estimates match third-party independent inspection. Documentation verified.
CLM-2024-00974,CUST-01800,POL-002890,Auto,2024-06-19,2024-06-23,4,Single Vehicle Roadside Impact,Minor,4741.03,120000.0,0.0395,3000.0,1.58,Settled,Low,False,NONE,"Insured swerved to avoid crossing wildlife on unlit rural road, colliding with roadside guardrail. Damage concentrated on driver front bumper, headlight, and wheel arch. No other vehicles involved.",Standard verification complete. Estimates match third-party independent inspection. Documentation verified.
CLM-2024-00975,CUST-05545,POL-008792,Fire,2024-07-27,2024-08-06,10,Electrical Fault Fire,Major,145571.92,400000.0,0.3639,350.0,415.92,Settled,Medium,False,NONE,Faulty space heater wiring ignited living room drapery while residents were asleep. Smoke detectors alerted occupants. Fire caused severe burn-through of roof rafters and extensive water damage from fire brigade hoses.,Standard verification complete. Estimates match third-party independent inspection. Documentation verified.
CLM-2024-00976,CUST-08714,POL-013799,Fire,2024-03-18,2024-03-21,3,Electrical Fault Fire,Total Loss,123122.0,600000.0,0.2052,3000.0,41.04,Settled,Medium,False,NONE,Overheated breaker panel in basement initiated smoldering fire inside stud wall cavity. Flames traveled upward between floors before breaching living room drywall. Significant structural timber charring and complete electrical overhaul required.,Standard verification complete. Estimates match third-party independent inspection. Documentation verified.
CLM-2024-00977,CUST-01607,POL-002594,Auto,2023-08-18,2023-08-23,5,Rear-End Collision,Moderate,3537.03,100000.0,0.0354,750.0,4.72,Settled,Low,False,NONE,"Vehicle was rear-ended in heavy stop-and-go highway traffic. Impact pushed vehicle into leading car, resulting in front and rear fascia damage. Radiator support cracked. Police report filed at scene.",Standard verification complete. Estimates match third-party independent inspection. Documentation verified.
CLM-2024-00978,CUST-01684,POL-002713,Auto,2024-08-08,2024-08-13,5,Rear-End Collision,Major,6480.0,100000.0,0.0648,750.0,8.64,Settled,Low,False,NONE,"Insured vehicle was struck from behind while stationary at a signalized intersection. Rear bumper crushed, trunk lid misaligned, and tail light assemblies shattered. Airbags did not deploy. Claimant reported minor neck stiffness.",Standard verification complete. Estimates match third-party independent inspection. Documentation verified.
CLM-2024-00979,CUST-03787,POL-006005,Auto,2023-06-18,2023-06-26,8,Single Vehicle Roadside Impact,Moderate,2773.53,120000.0,0.0231,3000.0,0.92,Settled,Low,False,NONE,"Insured swerved to avoid crossing wildlife on unlit rural road, colliding with roadside guardrail. Damage concentrated on driver front bumper, headlight, and wheel arch. No other vehicles involved.",Standard verification complete. Estimates match third-party independent inspection. Documentation verified.
CLM-2024-00980,CUST-06215,POL-009861,Fire,2023-12-09,2023-12-10,1,Electrical Fault Fire,Major,146796.77,500000.0,0.2936,750.0,195.73,Approved,Medium,False,NONE,Overheated breaker panel in basement initiated smoldering fire inside stud wall cavity. Flames traveled upward between floors before breaching living room drywall. Significant structural timber charring and complete electrical overhaul required.,Standard verification complete. Estimates match third-party independent inspection. Documentation verified.
CLM-2024-00981,CUST-01777,POL-002858,Fire,2024-06-16,2024-06-21,5,Kitchen Grease Fire,Moderate,28814.61,300000.0,0.096,150.0,192.1,Settled,Medium,False,NONE,"Deep fryer flare-up caused flame spread to kitchen drywall. Heat blistering across ceiling joists. Structural fire damage contained to kitchen area, but substantial soot cleanup needed throughout residence.",Standard verification complete. Estimates match third-party independent inspection. Documentation verified.
CLM-2024-00982,CUST-03335,POL-005318,Private Accident,2023-03-04,2023-03-07,3,High-Value Marine Equipment Loss,Major,19681.0,30000.0,0.656,25.0,787.24,Under Investigation,High,True,PHANTOM_LUXURY_BOAT_THEFT,Claimant alleges twin 350HP marine engines unbolted and removed from dry dock trailer overnight with no perimeter fence breaches or security footage. Claim amount matches maximum policy limit to the exact dollar. Title transfer completed only 3 weeks prior.,Policy Inception Audit: High-severity claim filed immediately following policy coverage modification.
CLM-2024-00983,CUST-08146,POL-012849,Fire,2023-05-11,2023-05-15,4,Kitchen Grease Fire,Major,54656.65,400000.0,0.1366,350.0,156.16,Settled,Medium,False,NONE,"Unattended cooking oil ignited on stovetop, spreading rapidly to wooden cabinetry and exhaust hood. Fire department responded within 12 minutes. Heavy smoke damage throughout ground floor and water saturation across kitchen subflooring.",Standard verification complete. Estimates match third-party independent inspection. Documentation verified.
CLM-2024-00984,CUST-09127,POL-014428,Fire,2024-07-26,2024-07-29,3,Kitchen Grease Fire,Major,36981.17,400000.0,0.0925,350.0,105.66,Settled,Medium,False,NONE,"Deep fryer flare-up caused flame spread to kitchen drywall. Heat blistering across ceiling joists. Structural fire damage contained to kitchen area, but substantial soot cleanup needed throughout residence.",Standard verification complete. Estimates match third-party independent inspection. Documentation verified.
CLM-2024-00985,CUST-00007,POL-000012,Auto,2023-01-11,2023-01-12,1,Catalytic Converter & Component Theft,Moderate,4218.62,120000.0,0.0352,3000.0,1.41,Settled,Low,False,NONE,"Insured discovered vehicle propped on cinder blocks in driveway with all four alloy wheels, tires, and brake assemblies stolen. Ground scuffs along rocker panels.",Standard verification complete. Estimates match third-party independent inspection. Documentation verified.
CLM-2024-00986,CUST-00231,POL-000360,Fire,2023-01-27,2023-02-02,6,Electrical Fault Fire,Total Loss,39179.95,200000.0,0.1959,75.0,522.4,Approved,Medium,False,NONE,Overheated breaker panel in basement initiated smoldering fire inside stud wall cavity. Flames traveled upward between floors before breaching living room drywall. Significant structural timber charring and complete electrical overhaul required.,Standard verification complete. Estimates match third-party independent inspection. Documentation verified.
CLM-2024-00987,CUST-05374,POL-008522,Fire,2023-07-18,2023-07-23,5,Chimney / Fireplace Thermal Spread,Minor,6651.15,600000.0,0.0111,3000.0,2.22,Settled,Low,False,NONE,Creosote buildup in masonry chimney flue sparked internal combustion. Thermal crack allowed embers into attic insulation. Prompt response by local brigade prevented full roof ignition. Flue relining and attic decontamination required.,Standard verification complete. Estimates match third-party independent inspection. Documentation verified.
CLM-2024-00988,CUST-08813,POL-013938,Auto,2023-05-21,2023-05-31,10,Rear-End Collision,Minor,2804.35,120000.0,0.0234,3000.0,0.93,Open,Low,False,NONE,"Insured vehicle was struck from behind while stationary at a signalized intersection. Rear bumper crushed, trunk lid misaligned, and tail light assemblies shattered. Airbags did not deploy. Claimant reported minor neck stiffness.",Standard verification complete. Estimates match third-party independent inspection. Documentation verified.
CLM-2024-00989,CUST-01955,POL-003130,Auto,2023-11-15,2023-11-25,10,Intersection T-Bone Impact,Moderate,12881.14,100000.0,0.1288,750.0,17.17,Settled,Medium,False,NONE,"Broadside collision at uncontrolled intersection during heavy rain. Front quarter panel, suspension, and steering rack compromised. Vehicle deemed unsafe to drive and towed to certified repair facility.",Standard verification complete. Estimates match third-party independent inspection. Documentation verified.
CLM-2024-00990,CUST-06273,POL-009937,Fire,2024-08-23,2024-08-31,8,Inflated Water Restoration,Moderate,17955.77,500000.0,0.0359,750.0,23.94,Settled,High,True,INFLATED_WATER_REPAIR,"Claim submitted for sudden pipe rupture in unoccupied guest wing. Restoration contractor billed 24 industrial air movers and 6 commercial dehumidifiers for 21 days continuously, exceeding standard mitigation duration by 400%. Demolition invoices include pre-existing renovation materials not damaged by water.",Potential Billing Discrepancy: Itemized labor and parts estimates exceed regional peer averages by 25-40%.
CLM-2024-00991,CUST-01809,POL-002909,Fire,2024-03-08,2024-03-13,5,Electrical Fault Fire,Major,46240.03,500000.0,0.0925,750.0,61.65,Settled,Medium,False,NONE,Overheated breaker panel in basement initiated smoldering fire inside stud wall cavity. Flames traveled upward between floors before breaching living room drywall. Significant structural timber charring and complete electrical overhaul required.,Standard verification complete. Estimates match third-party independent inspection. Documentation verified.
CLM-2024-00992,CUST-04723,POL-007484,Fire,2024-05-02,2024-05-05,3,Chimney / Fireplace Thermal Spread,Moderate,12243.0,300000.0,0.0408,150.0,81.62,Settled,Medium,False,NONE,Creosote buildup in masonry chimney flue sparked internal combustion. Thermal crack allowed embers into attic insulation. Prompt response by local brigade prevented full roof ignition. Flue relining and attic decontamination required.,Standard verification complete. Estimates match third-party independent inspection. Documentation verified.
CLM-2024-00993,CUST-01417,POL-002292,Auto,2023-12-03,2023-12-08,5,Intersection T-Bone Impact,Moderate,25484.36,120000.0,0.2124,3000.0,8.49,Settled,Medium,False,NONE,"Broadside collision at uncontrolled intersection during heavy rain. Front quarter panel, suspension, and steering rack compromised. Vehicle deemed unsafe to drive and towed to certified repair facility.",Standard verification complete. Estimates match third-party independent inspection. Documentation verified.
CLM-2024-00994,CUST-07631,POL-012030,Auto,2023-08-17,2023-08-18,1,Intersection T-Bone Impact,Major,40528.48,120000.0,0.3377,3000.0,13.51,Open,Medium,False,NONE,Insured was proceeding on green light when a third-party vehicle failed to yield and impacted the passenger side. Significant structural intrusion along B-pillar and both passenger doors. Side curtain airbags deployed. Tow required.,Standard verification complete. Estimates match third-party independent inspection. Documentation verified.
CLM-2024-00995,CUST-01173,POL-001884,Auto,2024-01-20,2024-01-29,9,Intersection T-Bone Impact,Major,9871.06,100000.0,0.0987,750.0,13.16,Settled,Low,False,NONE,Insured was proceeding on green light when a third-party vehicle failed to yield and impacted the passenger side. Significant structural intrusion along B-pillar and both passenger doors. Side curtain airbags deployed. Tow required.,Standard verification complete. Estimates match third-party independent inspection. Documentation verified.
CLM-2024-00996,CUST-09412,POL-014898,Fire,2024-07-22,2024-07-28,6,Kitchen Grease Fire,Moderate,31550.63,300000.0,0.1052,150.0,210.34,Open,Medium,False,NONE,"Deep fryer flare-up caused flame spread to kitchen drywall. Heat blistering across ceiling joists. Structural fire damage contained to kitchen area, but substantial soot cleanup needed throughout residence.",Standard verification complete. Estimates match third-party independent inspection. Documentation verified.
CLM-2024-00997,CUST-02525,POL-004015,Fire,2023-01-31,2023-02-02,2,Kitchen Grease Fire,Moderate,49951.28,400000.0,0.1249,350.0,142.72,Approved,Medium,False,NONE,"Deep fryer flare-up caused flame spread to kitchen drywall. Heat blistering across ceiling joists. Structural fire damage contained to kitchen area, but substantial soot cleanup needed throughout residence.",Standard verification complete. Estimates match third-party independent inspection. Documentation verified.
CLM-2024-00998,CUST-02517,POL-004003,Fire,2024-07-21,2024-07-26,5,Kitchen Grease Fire,Moderate,40404.1,300000.0,0.1347,150.0,269.36,Open,Medium,False,NONE,"Unattended cooking oil ignited on stovetop, spreading rapidly to wooden cabinetry and exhaust hood. Fire department responded within 12 minutes. Heavy smoke damage throughout ground floor and water saturation across kitchen subflooring.",Standard verification complete. Estimates match third-party independent inspection. Documentation verified.
CLM-2024-00999,CUST-01747,POL-002818,Auto,2023-05-21,2023-05-29,8,Suspicious Multi-Party Collision,Major,28716.16,120000.0,0.2393,3000.0,9.57,Open,High,True,STAGED_COLLISION_RING,Insured vehicle alleged sudden brake event leading to rear collision with third-party vehicle occupied by 4 unbelted passengers. All occupants retained same legal counsel and clinic on same business day. Identical soft tissue injury claims submitted. Vehicle damage pattern inconsistent with described low-speed impact velocity.,Potential Billing Discrepancy: Itemized labor and parts estimates exceed regional peer averages by 25-40%.
CLM-2024-01000,CUST-09127,POL-014427,Auto,2024-01-14,2024-01-17,3,Single Vehicle Roadside Impact,Minor,1524.73,120000.0,0.0127,3000.0,0.51,Settled,Low,False,NONE,Loss of traction on black ice caused vehicle to slide into concrete median barrier. Front subframe and wheel rim cracked. No injuries reported.,Standard verification complete. Estimates match third-party independent inspection. Documentation verified.
CLM-2024-01001,CUST-03094,POL-004949,Auto,2023-07-14,2023-07-16,2,Intersection T-Bone Impact,Total Loss,34248.79,120000.0,0.2854,3000.0,11.42,Settled,Medium,False,NONE,"Broadside collision at uncontrolled intersection during heavy rain. Front quarter panel, suspension, and steering rack compromised. Vehicle deemed unsafe to drive and towed to certified repair facility.",Standard verification complete. Estimates match third-party independent inspection. Documentation verified.
CLM-2024-01002,CUST-08331,POL-013153,Fire,2023-02-17,2023-03-03,14,Chimney / Fireplace Thermal Spread,Minor,4878.87,400000.0,0.0122,350.0,13.94,Settled,Low,False,NONE,Creosote buildup in masonry chimney flue sparked internal combustion. Thermal crack allowed embers into attic insulation. Prompt response by local brigade prevented full roof ignition. Flue relining and attic decontamination required.,Standard verification complete. Estimates match third-party independent inspection. Documentation verified.
CLM-2024-01003,CUST-07156,POL-011292,Auto,2023-05-10,2023-05-12,2,Catalytic Converter & Component Theft,Minor,1522.02,120000.0,0.0127,3000.0,0.51,Settled,Low,False,NONE,Vehicle parked overnight in commuter lot. Exhaust system severed cleanly beneath chassis and catalytic converter removed. Oxygen sensors stripped. Comprehensive theft claim submitted with police report number.,Standard verification complete. Estimates match third-party independent inspection. Documentation verified.
CLM-2024-01004,CUST-01405,POL-002269,Fire,2024-02-02,2024-02-03,1,Chimney / Fireplace Thermal Spread,Moderate,7218.3,200000.0,0.0361,75.0,96.24,Approved,Low,False,NONE,Creosote buildup in masonry chimney flue sparked internal combustion. Thermal crack allowed embers into attic insulation. Prompt response by local brigade prevented full roof ignition. Flue relining and attic decontamination required.,Standard verification complete. Estimates match third-party independent inspection. Documentation verified.
CLM-2024-01005,CUST-00207,POL-000325,Boat,2024-05-09,2024-05-15,6,Marina Slip Docking Collision,Moderate,9196.0,128000.0,0.0718,350.0,26.27,Approved,Low,False,NONE,Sudden wind squall during docking approach threw stern into concrete piling. Swim platform shattered and rub-rail detached. Port transom fiberglass fractured above waterline.,Standard verification complete. Estimates match third-party independent inspection. Documentation verified.
CLM-2024-01006,CUST-09070,POL-014336,Fire,2023-08-01,2023-08-02,1,Kitchen Grease Fire,Moderate,21587.73,200000.0,0.1079,75.0,287.84,Settled,Medium,False,NONE,"Deep fryer flare-up caused flame spread to kitchen drywall. Heat blistering across ceiling joists. Structural fire damage contained to kitchen area, but substantial soot cleanup needed throughout residence.",Standard verification complete. Estimates match third-party independent inspection. Documentation verified.
CLM-2024-01007,CUST-01676,POL-002700,Auto,2024-08-08,2024-08-21,13,Intersection T-Bone Impact,Major,12829.01,100000.0,0.1283,750.0,17.11,Settled,Medium,False,NONE,"Broadside collision at uncontrolled intersection during heavy rain. Front quarter panel, suspension, and steering rack compromised. Vehicle deemed unsafe to drive and towed to certified repair facility.",Standard verification complete. Estimates match third-party independent inspection. Documentation verified.
CLM-2024-01008,CUST-07679,POL-012110,Auto,2023-12-27,2023-12-28,1,Intersection T-Bone Impact,Total Loss,43186.58,120000.0,0.3599,3000.0,14.4,Settled,Medium,False,NONE,Insured was proceeding on green light when a third-party vehicle failed to yield and impacted the passenger side. Significant structural intrusion along B-pillar and both passenger doors. Side curtain airbags deployed. Tow required.,Standard verification complete. Estimates match third-party independent inspection. Documentation verified.
CLM-2024-01009,CUST-03126,POL-005009,Auto,2024-02-23,2024-02-25,2,Single Vehicle Roadside Impact,Moderate,2089.95,100000.0,0.0209,750.0,2.79,Settled,Low,False,NONE,Loss of traction on black ice caused vehicle to slide into concrete median barrier. Front subframe and wheel rim cracked. No injuries reported.,Standard verification complete. Estimates match third-party independent inspection. Documentation verified.
CLM-2024-01010,CUST-04697,POL-007437,Fire,2023-03-19,2023-03-24,5,Electrical Fault Fire,Major,103001.08,400000.0,0.2575,350.0,294.29,Settled,Medium,False,NONE,Faulty space heater wiring ignited living room drapery while residents were asleep. Smoke detectors alerted occupants. Fire caused severe burn-through of roof rafters and extensive water damage from fire brigade hoses.,Standard verification complete. Estimates match third-party independent inspection. Documentation verified.
CLM-2024-01011,CUST-02345,POL-003730,Auto,2023-08-22,2023-08-23,1,Rear-End Collision,Minor,2902.16,120000.0,0.0242,3000.0,0.97,Settled,Low,False,NONE,"Insured vehicle was struck from behind while stationary at a signalized intersection. Rear bumper crushed, trunk lid misaligned, and tail light assemblies shattered. Airbags did not deploy. Claimant reported minor neck stiffness.",Standard verification complete. Estimates match third-party independent inspection. Documentation verified.
CLM-2024-01012,CUST-07329,POL-011537,Auto,2023-09-14,2023-09-25,11,Single Vehicle Roadside Impact,Moderate,7557.85,120000.0,0.063,3000.0,2.52,Under Investigation,Low,False,NONE,"Insured swerved to avoid crossing wildlife on unlit rural road, colliding with roadside guardrail. Damage concentrated on driver front bumper, headlight, and wheel arch. No other vehicles involved.",Standard verification complete. Estimates match third-party independent inspection. Documentation verified.
CLM-2024-01013,CUST-08713,POL-013794,Auto,2024-07-10,2024-07-12,2,Single Vehicle Roadside Impact,Minor,2761.6,120000.0,0.023,3000.0,0.92,Under Investigation,Low,False,NONE,Loss of traction on black ice caused vehicle to slide into concrete median barrier. Front subframe and wheel rim cracked. No injuries reported.,Standard verification complete. Estimates match third-party independent inspection. Documentation verified.
CLM-2024-01014,CUST-02280,POL-003623,Fire,2024-08-16,2024-08-22,6,Chimney / Fireplace Thermal Spread,Minor,9924.58,300000.0,0.0331,150.0,66.16,Open,Low,False,NONE,Creosote buildup in masonry chimney flue sparked internal combustion. Thermal crack allowed embers into attic insulation. Prompt response by local brigade prevented full roof ignition. Flue relining and attic decontamination required.,Standard verification complete. Estimates match third-party independent inspection. Documentation verified.
CLM-2024-01015,CUST-04844,POL-007667,Caravan,2023-08-22,2023-08-26,4,Storm Hail and Tree Branch Impact,Minor,5913.98,17500.0,0.3379,25.0,236.56,Settled,Low,False,NONE,High winds at holiday park caused awning detachment and side panel punctures. Water entered electrical breaker enclosure.,Standard verification complete. Estimates match third-party independent inspection. Documentation verified.
CLM-2024-01016,CUST-03006,POL-004801,Fire,2024-04-17,2024-04-26,9,Electrical Fault Fire,Major,70373.19,400000.0,0.1759,350.0,201.07,Open,Medium,False,NONE,Faulty space heater wiring ignited living room drapery while residents were asleep. Smoke detectors alerted occupants. Fire caused severe burn-through of roof rafters and extensive water damage from fire brigade hoses.,Standard verification complete. Estimates match third-party independent inspection. Documentation verified.
CLM-2024-01017,CUST-05306,POL-008409,Fire,2024-03-25,2024-03-31,6,Electrical Fault Fire,Major,177064.43,400000.0,0.4427,350.0,505.9,Settled,Medium,False,NONE,Faulty space heater wiring ignited living room drapery while residents were asleep. Smoke detectors alerted occupants. Fire caused severe burn-through of roof rafters and extensive water damage from fire brigade hoses.,Standard verification complete. Estimates match third-party independent inspection. Documentation verified.
CLM-2024-01018,CUST-04897,POL-007740,Caravan,2024-05-26,2024-05-30,4,Storm Hail and Tree Branch Impact,Moderate,8624.95,17500.0,0.4929,25.0,345.0,Settled,Low,False,NONE,"Severe thunderstorm brought 2-inch hail and fallen pine limb onto mobile home aluminum roof. Punctured roof membrane, shattered skylight, and caused interior water intrusion onto living area carpet.",Standard verification complete. Estimates match third-party independent inspection. Documentation verified.
CLM-2024-01019,CUST-07176,POL-011326,Auto,2024-07-04,2024-07-06,2,Single Vehicle Roadside Impact,Moderate,1998.63,120000.0,0.0167,3000.0,0.67,Settled,Low,False,NONE,"Insured swerved to avoid crossing wildlife on unlit rural road, colliding with roadside guardrail. Damage concentrated on driver front bumper, headlight, and wheel arch. No other vehicles involved.",Standard verification complete. Estimates match third-party independent inspection. Documentation verified.
CLM-2024-01020,CUST-08118,POL-012808,Fire,2023-12-05,2023-12-15,10,Chimney / Fireplace Thermal Spread,Moderate,9411.02,300000.0,0.0314,150.0,62.74,Settled,Low,False,NONE,Creosote buildup in masonry chimney flue sparked internal combustion. Thermal crack allowed embers into attic insulation. Prompt response by local brigade prevented full roof ignition. Flue relining and attic decontamination required.,Standard verification complete. Estimates match third-party independent inspection. Documentation verified.
CLM-2024-01021,CUST-08448,POL-013340,Auto,2023-04-22,2023-04-27,5,Single Vehicle Roadside Impact,Moderate,2214.16,120000.0,0.0185,3000.0,0.74,Settled,Low,False,NONE,Loss of traction on black ice caused vehicle to slide into concrete median barrier. Front subframe and wheel rim cracked. No injuries reported.,Standard verification complete. Estimates match third-party independent inspection. Documentation verified.
CLM-2024-01022,CUST-05708,POL-009042,Auto,2024-05-15,2024-06-28,44,Inflated Water Restoration,Major,51752.52,120000.0,0.4313,3000.0,17.25,Under Investigation,High,True,INFLATED_WATER_REPAIR,"Claim submitted for sudden pipe rupture in unoccupied guest wing. Restoration contractor billed 24 industrial air movers and 6 commercial dehumidifiers for 21 days continuously, exceeding standard mitigation duration by 400%. Demolition invoices include pre-existing renovation materials not damaged by water.",SIU Audit Triggered: Indicator matches INFLATED_WATER_REPAIR. Significant inconsistencies in physical damage inspection vs reported narrative.
CLM-2024-01023,CUST-06176,POL-009797,Fire,2023-10-18,2023-10-20,2,Kitchen Grease Fire,Moderate,10217.72,500000.0,0.0204,750.0,13.62,Settled,Low,False,NONE,"Deep fryer flare-up caused flame spread to kitchen drywall. Heat blistering across ceiling joists. Structural fire damage contained to kitchen area, but substantial soot cleanup needed throughout residence.",Standard verification complete. Estimates match third-party independent inspection. Documentation verified.
CLM-2024-01024,CUST-08499,POL-013433,Auto,2023-06-25,2023-07-02,7,Single Vehicle Roadside Impact,Moderate,1841.22,120000.0,0.0153,3000.0,0.61,Settled,Low,False,NONE,Loss of traction on black ice caused vehicle to slide into concrete median barrier. Front subframe and wheel rim cracked. No injuries reported.,Standard verification complete. Estimates match third-party independent inspection. Documentation verified.
CLM-2024-01025,CUST-04303,POL-006817,Fire,2023-03-12,2023-03-17,5,Electrical Fault Fire,Major,57086.57,300000.0,0.1903,150.0,380.58,Approved,Medium,False,NONE,Overheated breaker panel in basement initiated smoldering fire inside stud wall cavity. Flames traveled upward between floors before breaching living room drywall. Significant structural timber charring and complete electrical overhaul required.,Standard verification complete. Estimates match third-party independent inspection. Documentation verified.
CLM-2024-01026,CUST-02587,POL-004108,Fire,2023-06-12,2023-06-17,5,Chimney / Fireplace Thermal Spread,Moderate,12870.16,200000.0,0.0644,75.0,171.6,Settled,Medium,False,NONE,Creosote buildup in masonry chimney flue sparked internal combustion. Thermal crack allowed embers into attic insulation. Prompt response by local brigade prevented full roof ignition. Flue relining and attic decontamination required.,Standard verification complete. Estimates match third-party independent inspection. Documentation verified.
CLM-2024-01027,CUST-06754,POL-010653,Auto,2023-05-27,2023-07-09,43,High-Value Marine Equipment Loss,Moderate,22398.19,120000.0,0.1867,3000.0,7.47,Settled,High,True,PHANTOM_LUXURY_BOAT_THEFT,Claimant alleges twin 350HP marine engines unbolted and removed from dry dock trailer overnight with no perimeter fence breaches or security footage. Claim amount matches maximum policy limit to the exact dollar. Title transfer completed only 3 weeks prior.,Potential Billing Discrepancy: Itemized labor and parts estimates exceed regional peer averages by 25-40%.
CLM-2024-01028,CUST-00066,POL-000112,Auto,2024-04-16,2024-04-19,3,Catalytic Converter & Component Theft,Minor,2970.45,120000.0,0.0248,3000.0,0.99,Settled,Low,False,NONE,Vehicle parked overnight in commuter lot. Exhaust system severed cleanly beneath chassis and catalytic converter removed. Oxygen sensors stripped. Comprehensive theft claim submitted with police report number.,Standard verification complete. Estimates match third-party independent inspection. Documentation verified.
CLM-2024-01029,CUST-06782,POL-010698,Auto,2023-11-01,2023-11-08,7,Catalytic Converter & Component Theft,Minor,2074.47,120000.0,0.0173,3000.0,0.69,Approved,Low,False,NONE,"Insured discovered vehicle propped on cinder blocks in driveway with all four alloy wheels, tires, and brake assemblies stolen. Ground scuffs along rocker panels.",Standard verification complete. Estimates match third-party independent inspection. Documentation verified.
CLM-2024-01030,CUST-09642,POL-015240,Auto,2023-07-07,2023-07-13,6,Rear-End Collision,Moderate,7209.97,100000.0,0.0721,750.0,9.61,Settled,Low,False,NONE,"Insured vehicle was struck from behind while stationary at a signalized intersection. Rear bumper crushed, trunk lid misaligned, and tail light assemblies shattered. Airbags did not deploy. Claimant reported minor neck stiffness.",Standard verification complete. Estimates match third-party independent inspection. Documentation verified.
CLM-2024-01031,CUST-03780,POL-005996,Fire,2023-10-26,2023-10-31,5,Chimney / Fireplace Thermal Spread,Minor,5227.79,125000.0,0.0418,25.0,209.11,Approved,Low,False,NONE,Creosote buildup in masonry chimney flue sparked internal combustion. Thermal crack allowed embers into attic insulation. Prompt response by local brigade prevented full roof ignition. Flue relining and attic decontamination required.,Standard verification complete. Estimates match third-party independent inspection. Documentation verified.
CLM-2024-01032,CUST-00517,POL-000833,Auto,2024-01-13,2024-01-30,17,Rear-End Collision,Minor,1642.16,100000.0,0.0164,750.0,2.19,Settled,Low,False,NONE,"Vehicle was rear-ended in heavy stop-and-go highway traffic. Impact pushed vehicle into leading car, resulting in front and rear fascia damage. Radiator support cracked. Police report filed at scene.",Standard verification complete. Estimates match third-party independent inspection. Documentation verified.
CLM-2024-01033,CUST-00933,POL-001487,Auto,2023-01-28,2023-02-22,25,High-Value Marine Equipment Loss,Major,57152.0,100000.0,0.5715,750.0,76.2,Under Investigation,High,True,PHANTOM_LUXURY_BOAT_THEFT,Claimant alleges twin 350HP marine engines unbolted and removed from dry dock trailer overnight with no perimeter fence breaches or security footage. Claim amount matches maximum policy limit to the exact dollar. Title transfer completed only 3 weeks prior.,SIU Audit Triggered: Indicator matches PHANTOM_LUXURY_BOAT_THEFT. Significant inconsistencies in physical damage inspection vs reported narrative.
CLM-2024-01034,CUST-01882,POL-003014,Auto,2023-07-19,2023-08-06,18,Catalytic Converter & Component Theft,Minor,2071.57,120000.0,0.0173,3000.0,0.69,Settled,Low,False,NONE,Vehicle parked overnight in commuter lot. Exhaust system severed cleanly beneath chassis and catalytic converter removed. Oxygen sensors stripped. Comprehensive theft claim submitted with police report number.,Standard verification complete. Estimates match third-party independent inspection. Documentation verified.
CLM-2024-01035,CUST-09478,POL-014999,Fire,2024-04-20,2024-05-01,11,Electrical Fault Fire,Total Loss,156284.9,500000.0,0.3126,750.0,208.38,Approved,Medium,False,NONE,Overheated breaker panel in basement initiated smoldering fire inside stud wall cavity. Flames traveled upward between floors before breaching living room drywall. Significant structural timber charring and complete electrical overhaul required.,Standard verification complete. Estimates match third-party independent inspection. Documentation verified.
CLM-2024-01036,CUST-09380,POL-014852,Fire,2024-04-27,2024-05-03,6,Electrical Fault Fire,Major,106730.52,300000.0,0.3558,150.0,711.54,Settled,Medium,False,NONE,Overheated breaker panel in basement initiated smoldering fire inside stud wall cavity. Flames traveled upward between floors before breaching living room drywall. Significant structural timber charring and complete electrical overhaul required.,Standard verification complete. Estimates match third-party independent inspection. Documentation verified.
CLM-2024-01037,CUST-08976,POL-014195,Auto,2024-02-05,2024-02-10,5,Intersection T-Bone Impact,Moderate,8314.55,120000.0,0.0693,3000.0,2.77,Settled,Low,False,NONE,Insured was proceeding on green light when a third-party vehicle failed to yield and impacted the passenger side. Significant structural intrusion along B-pillar and both passenger doors. Side curtain airbags deployed. Tow required.,Standard verification complete. Estimates match third-party independent inspection. Documentation verified.
CLM-2024-01038,CUST-08501,POL-013438,Fire,2023-02-05,2023-02-07,2,Chimney / Fireplace Thermal Spread,Minor,8859.5,400000.0,0.0221,350.0,25.31,Approved,Low,False,NONE,Creosote buildup in masonry chimney flue sparked internal combustion. Thermal crack allowed embers into attic insulation. Prompt response by local brigade prevented full roof ignition. Flue relining and attic decontamination required.,Standard verification complete. Estimates match third-party independent inspection. Documentation verified.
CLM-2024-01039,CUST-06179,POL-009801,Auto,2023-04-16,2023-04-20,4,Catalytic Converter & Component Theft,Moderate,1564.72,140000.0,0.0112,7500.0,0.21,Approved,Low,False,NONE,"Insured discovered vehicle propped on cinder blocks in driveway with all four alloy wheels, tires, and brake assemblies stolen. Ground scuffs along rocker panels.",Standard verification complete. Estimates match third-party independent inspection. Documentation verified.
CLM-2024-01040,CUST-06989,POL-011025,Auto,2023-09-13,2023-09-17,4,Single Vehicle Roadside Impact,Minor,3561.0,120000.0,0.0297,3000.0,1.19,Under Investigation,Low,False,NONE,"Insured swerved to avoid crossing wildlife on unlit rural road, colliding with roadside guardrail. Damage concentrated on driver front bumper, headlight, and wheel arch. No other vehicles involved.",Standard verification complete. Estimates match third-party independent inspection. Documentation verified.
CLM-2024-01041,CUST-05840,POL-009258,Fire,2023-07-16,2023-07-25,9,Chimney / Fireplace Thermal Spread,Minor,3116.89,400000.0,0.0078,350.0,8.91,Approved,Low,False,NONE,Creosote buildup in masonry chimney flue sparked internal combustion. Thermal crack allowed embers into attic insulation. Prompt response by local brigade prevented full roof ignition. Flue relining and attic decontamination required.,Standard verification complete. Estimates match third-party independent inspection. Documentation verified.
CLM-2024-01042,CUST-05328,POL-008451,Auto,2023-06-21,2023-07-04,13,Rear-End Collision,Moderate,4554.51,120000.0,0.038,3000.0,1.52,Settled,Low,False,NONE,"Insured vehicle was struck from behind while stationary at a signalized intersection. Rear bumper crushed, trunk lid misaligned, and tail light assemblies shattered. Airbags did not deploy. Claimant reported minor neck stiffness.",Standard verification complete. Estimates match third-party independent inspection. Documentation verified.
CLM-2024-01043,CUST-04593,POL-007276,Auto,2024-07-08,2024-07-09,1,Catalytic Converter & Component Theft,Moderate,2035.64,120000.0,0.017,3000.0,0.68,Settled,Low,False,NONE,Vehicle parked overnight in commuter lot. Exhaust system severed cleanly beneath chassis and catalytic converter removed. Oxygen sensors stripped. Comprehensive theft claim submitted with police report number.,Standard verification complete. Estimates match third-party independent inspection. Documentation verified.
CLM-2024-01044,CUST-04179,POL-006618,Caravan,2023-11-20,2023-12-06,16,Inflated Water Restoration,Major,10612.86,17500.0,0.6064,25.0,424.51,Under Investigation,High,True,INFLATED_WATER_REPAIR,"Claim submitted for sudden pipe rupture in unoccupied guest wing. Restoration contractor billed 24 industrial air movers and 6 commercial dehumidifiers for 21 days continuously, exceeding standard mitigation duration by 400%. Demolition invoices include pre-existing renovation materials not damaged by water.",SIU Audit Triggered: Indicator matches INFLATED_WATER_REPAIR. Significant inconsistencies in physical damage inspection vs reported narrative.
CLM-2024-01045,CUST-01929,POL-003086,Auto,2023-10-13,2023-10-30,17,Suspicious Early Inception Fire,Moderate,15336.9,120000.0,0.1278,3000.0,5.11,Under Investigation,High,True,RECENT_COVERAGE_SPIKE_FIRE,"Commercial property fire reported 9 days following policy contribution upgrade. Fire originated in storage room with two distinct, unlinked burn patterns detected by arson investigator. Stock inventory records requested but claimant unable to provide supporting receipts or tax filings.",Potential Billing Discrepancy: Itemized labor and parts estimates exceed regional peer averages by 25-40%.
CLM-2024-01046,CUST-08217,POL-012974,Fire,2024-05-26,2024-06-07,12,Kitchen Grease Fire,Moderate,26396.7,400000.0,0.066,350.0,75.42,Under Investigation,Medium,False,NONE,"Deep fryer flare-up caused flame spread to kitchen drywall. Heat blistering across ceiling joists. Structural fire damage contained to kitchen area, but substantial soot cleanup needed throughout residence.",Standard verification complete. Estimates match third-party independent inspection. Documentation verified.
CLM-2024-01047,CUST-02422,POL-003842,Auto,2023-05-17,2023-05-18,1,Single Vehicle Roadside Impact,Minor,4679.77,120000.0,0.039,3000.0,1.56,Settled,Low,False,NONE,Loss of traction on black ice caused vehicle to slide into concrete median barrier. Front subframe and wheel rim cracked. No injuries reported.,Standard verification complete. Estimates match third-party independent inspection. Documentation verified.
CLM-2024-01048,CUST-01931,POL-003088,Auto,2024-08-22,2024-09-01,10,Inflated Water Restoration,Moderate,17882.13,120000.0,0.149,3000.0,5.96,Settled,High,True,INFLATED_WATER_REPAIR,"Claim submitted for sudden pipe rupture in unoccupied guest wing. Restoration contractor billed 24 industrial air movers and 6 commercial dehumidifiers for 21 days continuously, exceeding standard mitigation duration by 400%. Demolition invoices include pre-existing renovation materials not damaged by water.",Potential Billing Discrepancy: Itemized labor and parts estimates exceed regional peer averages by 25-40%.
CLM-2024-01049,CUST-01092,POL-001750,Fire,2023-05-08,2023-05-09,1,Electrical Fault Fire,Major,151445.66,400000.0,0.3786,350.0,432.7,Settled,Medium,False,NONE,Faulty space heater wiring ignited living room drapery while residents were asleep. Smoke detectors alerted occupants. Fire caused severe burn-through of roof rafters and extensive water damage from fire brigade hoses.,Standard verification complete. Estimates match third-party independent inspection. Documentation verified.
CLM-2024-01050,CUST-03608,POL-005728,Fire,2023-10-31,2023-11-07,7,Kitchen Grease Fire,Moderate,10877.04,200000.0,0.0544,75.0,145.03,Open,Low,False,NONE,"Deep fryer flare-up caused flame spread to kitchen drywall. Heat blistering across ceiling joists. Structural fire damage contained to kitchen area, but substantial soot cleanup needed throughout residence.",Standard verification complete. Estimates match third-party independent inspection. Documentation verified.
CLM-2024-01051,CUST-01750,POL-002821,Fire,2024-03-30,2024-04-12,13,Chimney / Fireplace Thermal Spread,Moderate,11876.91,400000.0,0.0297,350.0,33.93,Approved,Low,False,NONE,Creosote buildup in masonry chimney flue sparked internal combustion. Thermal crack allowed embers into attic insulation. Prompt response by local brigade prevented full roof ignition. Flue relining and attic decontamination required.,Standard verification complete. Estimates match third-party independent inspection. Documentation verified.
CLM-2024-01052,CUST-03276,POL-005231,Auto,2024-02-29,2024-03-05,5,Single Vehicle Roadside Impact,Minor,2093.86,120000.0,0.0174,3000.0,0.7,Settled,Low,False,NONE,"Insured swerved to avoid crossing wildlife on unlit rural road, colliding with roadside guardrail. Damage concentrated on driver front bumper, headlight, and wheel arch. No other vehicles involved.",Standard verification complete. Estimates match third-party independent inspection. Documentation verified.
CLM-2024-01053,CUST-09225,POL-014580,Auto,2023-09-12,2023-09-15,3,Intersection T-Bone Impact,Total Loss,21443.27,120000.0,0.1787,3000.0,7.15,Settled,Medium,False,NONE,"Broadside collision at uncontrolled intersection during heavy rain. Front quarter panel, suspension, and steering rack compromised. Vehicle deemed unsafe to drive and towed to certified repair facility.",Standard verification complete. Estimates match third-party independent inspection. Documentation verified.
CLM-2024-01054,CUST-03594,POL-005708,Fire,2024-05-18,2024-05-27,9,Inflated Water Restoration,Major,169379.24,400000.0,0.4234,350.0,483.94,Under Investigation,High,True,INFLATED_WATER_REPAIR,"Claim submitted for sudden pipe rupture in unoccupied guest wing. Restoration contractor billed 24 industrial air movers and 6 commercial dehumidifiers for 21 days continuously, exceeding standard mitigation duration by 400%. Demolition invoices include pre-existing renovation materials not damaged by water.",SIU Audit Triggered: Indicator matches INFLATED_WATER_REPAIR. Significant inconsistencies in physical damage inspection vs reported narrative.
CLM-2024-01055,CUST-01728,POL-002786,Auto,2023-07-29,2023-08-01,3,Intersection T-Bone Impact,Moderate,20688.44,100000.0,0.2069,750.0,27.58,Open,Medium,False,NONE,Insured was proceeding on green light when a third-party vehicle failed to yield and impacted the passenger side. Significant structural intrusion along B-pillar and both passenger doors. Side curtain airbags deployed. Tow required.,Standard verification complete. Estimates match third-party independent inspection. Documentation verified.
CLM-2024-01056,CUST-07528,POL-011859,Caravan,2023-03-22,2023-03-27,5,Storm Hail and Tree Branch Impact,Moderate,4921.52,17500.0,0.2812,25.0,196.86,Settled,Low,False,NONE,High winds at holiday park caused awning detachment and side panel punctures. Water entered electrical breaker enclosure.,Standard verification complete. Estimates match third-party independent inspection. Documentation verified.
CLM-2024-01057,CUST-05147,POL-008143,Fire,2023-11-07,2023-11-15,8,Electrical Fault Fire,Total Loss,204964.1,400000.0,0.5124,350.0,585.61,Settled,Medium,False,NONE,Overheated breaker panel in basement initiated smoldering fire inside stud wall cavity. Flames traveled upward between floors before breaching living room drywall. Significant structural timber charring and complete electrical overhaul required.,Standard verification complete. Estimates match third-party independent inspection. Documentation verified.
CLM-2024-01058,CUST-09646,POL-015245,Fire,2024-02-12,2024-02-25,13,Electrical Fault Fire,Major,102801.97,300000.0,0.3427,150.0,685.35,Approved,Medium,False,NONE,Faulty space heater wiring ignited living room drapery while residents were asleep. Smoke detectors alerted occupants. Fire caused severe burn-through of roof rafters and extensive water damage from fire brigade hoses.,Standard verification complete. Estimates match third-party independent inspection. Documentation verified.
CLM-2024-01059,CUST-01050,POL-001680,Fire,2024-05-08,2024-05-28,20,Kitchen Grease Fire,Major,62640.24,500000.0,0.1253,750.0,83.52,Open,Medium,False,NONE,"Deep fryer flare-up caused flame spread to kitchen drywall. Heat blistering across ceiling joists. Structural fire damage contained to kitchen area, but substantial soot cleanup needed throughout residence.",Standard verification complete. Estimates match third-party independent inspection. Documentation verified.
CLM-2024-01060,CUST-07301,POL-011499,Auto,2023-06-06,2023-06-10,4,Intersection T-Bone Impact,Major,28119.12,100000.0,0.2812,750.0,37.49,Settled,Medium,False,NONE,"Broadside collision at uncontrolled intersection during heavy rain. Front quarter panel, suspension, and steering rack compromised. Vehicle deemed unsafe to drive and towed to certified repair facility.",Standard verification complete. Estimates match third-party independent inspection. Documentation verified.
CLM-2024-01061,CUST-04979,POL-007870,Auto,2023-03-15,2023-03-19,4,Single Vehicle Roadside Impact,Minor,6788.8,120000.0,0.0566,3000.0,2.26,Settled,Low,False,NONE,Loss of traction on black ice caused vehicle to slide into concrete median barrier. Front subframe and wheel rim cracked. No injuries reported.,Standard verification complete. Estimates match third-party independent inspection. Documentation verified.
CLM-2024-01062,CUST-06870,POL-010833,Auto,2024-01-19,2024-01-30,11,Catalytic Converter & Component Theft,Moderate,4584.04,120000.0,0.0382,3000.0,1.53,Settled,Low,False,NONE,"Insured discovered vehicle propped on cinder blocks in driveway with all four alloy wheels, tires, and brake assemblies stolen. Ground scuffs along rocker panels.",Standard verification complete. Estimates match third-party independent inspection. Documentation verified.
CLM-2024-01063,CUST-05128,POL-008113,Fire,2023-03-14,2023-03-19,5,Electrical Fault Fire,Major,96162.53,600000.0,0.1603,3000.0,32.05,Settled,Medium,False,NONE,Overheated breaker panel in basement initiated smoldering fire inside stud wall cavity. Flames traveled upward between floors before breaching living room drywall. Significant structural timber charring and complete electrical overhaul required.,Standard verification complete. Estimates match third-party independent inspection. Documentation verified.
CLM-2024-01064,CUST-05169,POL-008178,Auto,2023-09-19,2023-09-27,8,Single Vehicle Roadside Impact,Moderate,5660.31,120000.0,0.0472,3000.0,1.89,Open,Low,False,NONE,Loss of traction on black ice caused vehicle to slide into concrete median barrier. Front subframe and wheel rim cracked. No injuries reported.,Standard verification complete. Estimates match third-party independent inspection. Documentation verified.
CLM-2024-01065,CUST-04838,POL-007657,Fire,2023-09-06,2023-09-21,15,Electrical Fault Fire,Major,114363.2,200000.0,0.5718,75.0,1524.84,Approved,Medium,False,NONE,Faulty space heater wiring ignited living room drapery while residents were asleep. Smoke detectors alerted occupants. Fire caused severe burn-through of roof rafters and extensive water damage from fire brigade hoses.,Standard verification complete. Estimates match third-party independent inspection. Documentation verified.
CLM-2024-01066,CUST-09124,POL-014423,Fire,2023-09-25,2023-10-01,6,Chimney / Fireplace Thermal Spread,Moderate,10734.13,400000.0,0.0268,350.0,30.67,Open,Low,False,NONE,Creosote buildup in masonry chimney flue sparked internal combustion. Thermal crack allowed embers into attic insulation. Prompt response by local brigade prevented full roof ignition. Flue relining and attic decontamination required.,Standard verification complete. Estimates match third-party independent inspection. Documentation verified.
CLM-2024-01067,CUST-07761,POL-012255,Fire,2023-01-13,2023-01-21,8,Kitchen Grease Fire,Moderate,27860.17,400000.0,0.0697,350.0,79.6,Open,Medium,False,NONE,"Deep fryer flare-up caused flame spread to kitchen drywall. Heat blistering across ceiling joists. Structural fire damage contained to kitchen area, but substantial soot cleanup needed throughout residence.",Standard verification complete. Estimates match third-party independent inspection. Documentation verified.
CLM-2024-01068,CUST-08449,POL-013343,Fire,2023-07-13,2023-07-21,8,Electrical Fault Fire,Major,74168.43,200000.0,0.3708,75.0,988.91,Under Investigation,Medium,False,NONE,Faulty space heater wiring ignited living room drapery while residents were asleep. Smoke detectors alerted occupants. Fire caused severe burn-through of roof rafters and extensive water damage from fire brigade hoses.,Standard verification complete. Estimates match third-party independent inspection. Documentation verified.
CLM-2024-01069,CUST-00811,POL-001283,Auto,2024-01-27,2024-01-30,3,Single Vehicle Roadside Impact,Moderate,5162.69,120000.0,0.043,3000.0,1.72,Approved,Low,False,NONE,"Insured swerved to avoid crossing wildlife on unlit rural road, colliding with roadside guardrail. Damage concentrated on driver front bumper, headlight, and wheel arch. No other vehicles involved.",Standard verification complete. Estimates match third-party independent inspection. Documentation verified.
CLM-2024-01070,CUST-00363,POL-000581,Fire,2023-10-03,2023-10-18,15,Chimney / Fireplace Thermal Spread,Minor,2383.15,600000.0,0.004,3000.0,0.79,Settled,Low,False,NONE,Creosote buildup in masonry chimney flue sparked internal combustion. Thermal crack allowed embers into attic insulation. Prompt response by local brigade prevented full roof ignition. Flue relining and attic decontamination required.,Standard verification complete. Estimates match third-party independent inspection. Documentation verified.
CLM-2024-01071,CUST-01940,POL-003107,Auto,2023-04-10,2023-04-15,5,Rear-End Collision,Major,10902.65,100000.0,0.109,750.0,14.54,Approved,Low,False,NONE,"Vehicle was rear-ended in heavy stop-and-go highway traffic. Impact pushed vehicle into leading car, resulting in front and rear fascia damage. Radiator support cracked. Police report filed at scene.",Standard verification complete. Estimates match third-party independent inspection. Documentation verified.
CLM-2024-01072,CUST-09621,POL-015207,Fire,2024-01-19,2024-01-20,1,Kitchen Grease Fire,Moderate,28708.47,400000.0,0.0718,350.0,82.02,Settled,Medium,False,NONE,"Unattended cooking oil ignited on stovetop, spreading rapidly to wooden cabinetry and exhaust hood. Fire department responded within 12 minutes. Heavy smoke damage throughout ground floor and water saturation across kitchen subflooring.",Standard verification complete. Estimates match third-party independent inspection. Documentation verified.
CLM-2024-01073,CUST-00978,POL-001570,Fire,2023-08-06,2023-08-11,5,Kitchen Grease Fire,Moderate,34363.51,125000.0,0.2749,25.0,1374.54,Settled,Medium,False,NONE,"Unattended cooking oil ignited on stovetop, spreading rapidly to wooden cabinetry and exhaust hood. Fire department responded within 12 minutes. Heavy smoke damage throughout ground floor and water saturation across kitchen subflooring.",Standard verification complete. Estimates match third-party independent inspection. Documentation verified.
CLM-2024-01074,CUST-00832,POL-001322,Fire,2024-02-23,2024-02-25,2,Electrical Fault Fire,Major,40533.02,400000.0,0.1013,350.0,115.81,Settled,Medium,False,NONE,Overheated breaker panel in basement initiated smoldering fire inside stud wall cavity. Flames traveled upward between floors before breaching living room drywall. Significant structural timber charring and complete electrical overhaul required.,Standard verification complete. Estimates match third-party independent inspection. Documentation verified.
CLM-2024-01075,CUST-02061,POL-003298,Auto,2023-01-31,2023-02-21,21,High-Value Marine Equipment Loss,Major,24661.19,120000.0,0.2055,3000.0,8.22,Under Investigation,High,True,PHANTOM_LUXURY_BOAT_THEFT,Claimant alleges twin 350HP marine engines unbolted and removed from dry dock trailer overnight with no perimeter fence breaches or security footage. Claim amount matches maximum policy limit to the exact dollar. Title transfer completed only 3 weeks prior.,Potential Billing Discrepancy: Itemized labor and parts estimates exceed regional peer averages by 25-40%.
CLM-2024-01076,CUST-04800,POL-007606,Auto,2023-09-30,2023-10-11,11,Suspicious Multi-Party Collision,Moderate,15791.36,100000.0,0.1579,750.0,21.06,Settled,High,True,STAGED_COLLISION_RING,Insured vehicle alleged sudden brake event leading to rear collision with third-party vehicle occupied by 4 unbelted passengers. All occupants retained same legal counsel and clinic on same business day. Identical soft tissue injury claims submitted. Vehicle damage pattern inconsistent with described low-speed impact velocity.,Potential Billing Discrepancy: Itemized labor and parts estimates exceed regional peer averages by 25-40%.
CLM-2024-01077,CUST-01985,POL-003161,Fire,2024-01-20,2024-01-21,1,Chimney / Fireplace Thermal Spread,Moderate,7335.68,400000.0,0.0183,350.0,20.96,Settled,Low,False,NONE,Creosote buildup in masonry chimney flue sparked internal combustion. Thermal crack allowed embers into attic insulation. Prompt response by local brigade prevented full roof ignition. Flue relining and attic decontamination required.,Standard verification complete. Estimates match third-party independent inspection. Documentation verified.
CLM-2024-01078,CUST-02353,POL-003745,Fire,2023-12-18,2023-12-21,3,Electrical Fault Fire,Major,95030.93,400000.0,0.2376,350.0,271.52,Settled,Medium,False,NONE,Faulty space heater wiring ignited living room drapery while residents were asleep. Smoke detectors alerted occupants. Fire caused severe burn-through of roof rafters and extensive water damage from fire brigade hoses.,Standard verification complete. Estimates match third-party independent inspection. Documentation verified.
CLM-2024-01079,CUST-08971,POL-014188,Fire,2023-12-05,2023-12-09,4,Kitchen Grease Fire,Moderate,21537.77,600000.0,0.0359,3000.0,7.18,Approved,Medium,False,NONE,"Deep fryer flare-up caused flame spread to kitchen drywall. Heat blistering across ceiling joists. Structural fire damage contained to kitchen area, but substantial soot cleanup needed throughout residence.",Standard verification complete. Estimates match third-party independent inspection. Documentation verified.
CLM-2024-01080,CUST-04131,POL-006540,Auto,2023-01-27,2023-01-28,1,Rear-End Collision,Major,10245.85,120000.0,0.0854,3000.0,3.42,Settled,Low,False,NONE,"Vehicle was rear-ended in heavy stop-and-go highway traffic. Impact pushed vehicle into leading car, resulting in front and rear fascia damage. Radiator support cracked. Police report filed at scene.",Standard verification complete. Estimates match third-party independent inspection. Documentation verified.
CLM-2024-01081,CUST-01643,POL-002642,Fire,2024-05-01,2024-05-02,1,Chimney / Fireplace Thermal Spread,Moderate,10986.9,300000.0,0.0366,150.0,73.25,Open,Low,False,NONE,Creosote buildup in masonry chimney flue sparked internal combustion. Thermal crack allowed embers into attic insulation. Prompt response by local brigade prevented full roof ignition. Flue relining and attic decontamination required.,Standard verification complete. Estimates match third-party independent inspection. Documentation verified.
CLM-2024-01082,CUST-05364,POL-008510,Fire,2024-01-04,2024-01-09,5,Kitchen Grease Fire,Major,41836.77,200000.0,0.2092,75.0,557.82,Approved,Medium,False,NONE,"Deep fryer flare-up caused flame spread to kitchen drywall. Heat blistering across ceiling joists. Structural fire damage contained to kitchen area, but substantial soot cleanup needed throughout residence.",Standard verification complete. Estimates match third-party independent inspection. Documentation verified.
CLM-2024-01083,CUST-06547,POL-010342,Caravan,2023-12-23,2024-01-09,17,Storm Hail and Tree Branch Impact,Moderate,6584.03,17500.0,0.3762,25.0,263.36,Settled,Low,False,NONE,"Severe thunderstorm brought 2-inch hail and fallen pine limb onto mobile home aluminum roof. Punctured roof membrane, shattered skylight, and caused interior water intrusion onto living area carpet.",Standard verification complete. Estimates match third-party independent inspection. Documentation verified.
CLM-2024-01084,CUST-05671,POL-008984,Auto,2024-06-16,2024-06-19,3,Rear-End Collision,Minor,1759.37,100000.0,0.0176,750.0,2.35,Approved,Low,False,NONE,"Vehicle was rear-ended in heavy stop-and-go highway traffic. Impact pushed vehicle into leading car, resulting in front and rear fascia damage. Radiator support cracked. Police report filed at scene.",Standard verification complete. Estimates match third-party independent inspection. Documentation verified.
CLM-2024-01085,CUST-05664,POL-008967,Fire,2024-04-23,2024-05-06,13,Kitchen Grease Fire,Major,59950.36,600000.0,0.0999,3000.0,19.98,Settled,Medium,False,NONE,"Unattended cooking oil ignited on stovetop, spreading rapidly to wooden cabinetry and exhaust hood. Fire department responded within 12 minutes. Heavy smoke damage throughout ground floor and water saturation across kitchen subflooring.",Standard verification complete. Estimates match third-party independent inspection. Documentation verified.
CLM-2024-01086,CUST-07042,POL-011113,Fire,2023-04-02,2023-04-03,1,Kitchen Grease Fire,Major,73096.57,200000.0,0.3655,75.0,974.62,Open,Medium,False,NONE,"Unattended cooking oil ignited on stovetop, spreading rapidly to wooden cabinetry and exhaust hood. Fire department responded within 12 minutes. Heavy smoke damage throughout ground floor and water saturation across kitchen subflooring.",Standard verification complete. Estimates match third-party independent inspection. Documentation verified.
CLM-2024-01087,CUST-02866,POL-004580,Fire,2023-08-14,2023-08-18,4,Chimney / Fireplace Thermal Spread,Moderate,14692.02,300000.0,0.049,150.0,97.95,Approved,Medium,False,NONE,Creosote buildup in masonry chimney flue sparked internal combustion. Thermal crack allowed embers into attic insulation. Prompt response by local brigade prevented full roof ignition. Flue relining and attic decontamination required.,Standard verification complete. Estimates match third-party independent inspection. Documentation verified.
CLM-2024-01088,CUST-03310,POL-005279,Fire,2024-05-18,2024-06-08,21,Kitchen Grease Fire,Major,57499.41,300000.0,0.1917,150.0,383.33,Settled,Medium,False,NONE,"Unattended cooking oil ignited on stovetop, spreading rapidly to wooden cabinetry and exhaust hood. Fire department responded within 12 minutes. Heavy smoke damage throughout ground floor and water saturation across kitchen subflooring.",Standard verification complete. Estimates match third-party independent inspection. Documentation verified.
CLM-2024-01089,CUST-02096,POL-003351,Caravan,2024-01-22,2024-01-23,1,Storm Hail and Tree Branch Impact,Moderate,3874.78,17500.0,0.2214,25.0,154.99,Settled,Low,False,NONE,"Severe thunderstorm brought 2-inch hail and fallen pine limb onto mobile home aluminum roof. Punctured roof membrane, shattered skylight, and caused interior water intrusion onto living area carpet.",Standard verification complete. Estimates match third-party independent inspection. Documentation verified.
CLM-2024-01090,CUST-02584,POL-004099,Auto,2023-07-12,2023-08-07,26,Suspicious Multi-Party Collision,Major,16262.23,120000.0,0.1355,3000.0,5.42,Open,High,True,STAGED_COLLISION_RING,Insured vehicle alleged sudden brake event leading to rear collision with third-party vehicle occupied by 4 unbelted passengers. All occupants retained same legal counsel and clinic on same business day. Identical soft tissue injury claims submitted. Vehicle damage pattern inconsistent with described low-speed impact velocity.,Potential Billing Discrepancy: Itemized labor and parts estimates exceed regional peer averages by 25-40%.
CLM-2024-01091,CUST-03355,POL-005333,Auto,2024-08-13,2024-08-16,3,Rear-End Collision,Moderate,2312.48,120000.0,0.0193,3000.0,0.77,Settled,Low,False,NONE,"Insured vehicle was struck from behind while stationary at a signalized intersection. Rear bumper crushed, trunk lid misaligned, and tail light assemblies shattered. Airbags did not deploy. Claimant reported minor neck stiffness.",Standard verification complete. Estimates match third-party independent inspection. Documentation verified.
CLM-2024-01092,CUST-03778,POL-005993,Caravan,2024-01-09,2024-01-12,3,Storm Hail and Tree Branch Impact,Minor,5785.49,17500.0,0.3306,25.0,231.42,Settled,Low,False,NONE,"Severe thunderstorm brought 2-inch hail and fallen pine limb onto mobile home aluminum roof. Punctured roof membrane, shattered skylight, and caused interior water intrusion onto living area carpet.",Standard verification complete. Estimates match third-party independent inspection. Documentation verified.
CLM-2024-01093,CUST-00085,POL-000138,Auto,2023-10-31,2023-11-03,3,Intersection T-Bone Impact,Major,19907.11,120000.0,0.1659,3000.0,6.64,Approved,Medium,False,NONE,"Broadside collision at uncontrolled intersection during heavy rain. Front quarter panel, suspension, and steering rack compromised. Vehicle deemed unsafe to drive and towed to certified repair facility.",Standard verification complete. Estimates match third-party independent inspection. Documentation verified.
CLM-2024-01094,CUST-02386,POL-003784,Auto,2023-02-05,2023-02-10,5,Single Vehicle Roadside Impact,Moderate,8232.9,120000.0,0.0686,3000.0,2.74,Settled,Low,False,NONE,"Insured swerved to avoid crossing wildlife on unlit rural road, colliding with roadside guardrail. Damage concentrated on driver front bumper, headlight, and wheel arch. No other vehicles involved.",Standard verification complete. Estimates match third-party independent inspection. Documentation verified.
CLM-2024-01095,CUST-06142,POL-009736,Auto,2023-08-09,2023-08-17,8,Catalytic Converter & Component Theft,Moderate,3422.85,120000.0,0.0285,3000.0,1.14,Settled,Low,False,NONE,"Insured discovered vehicle propped on cinder blocks in driveway with all four alloy wheels, tires, and brake assemblies stolen. Ground scuffs along rocker panels.",Standard verification complete. Estimates match third-party independent inspection. Documentation verified.
CLM-2024-01096,CUST-09056,POL-014315,Auto,2023-08-19,2023-08-22,3,Rear-End Collision,Minor,2272.94,120000.0,0.0189,3000.0,0.76,Approved,Low,False,NONE,"Vehicle was rear-ended in heavy stop-and-go highway traffic. Impact pushed vehicle into leading car, resulting in front and rear fascia damage. Radiator support cracked. Police report filed at scene.",Standard verification complete. Estimates match third-party independent inspection. Documentation verified.
CLM-2024-01097,CUST-00695,POL-001100,Fire,2023-06-13,2023-06-15,2,Kitchen Grease Fire,Major,38039.36,300000.0,0.1268,150.0,253.6,Settled,Medium,False,NONE,"Deep fryer flare-up caused flame spread to kitchen drywall. Heat blistering across ceiling joists. Structural fire damage contained to kitchen area, but substantial soot cleanup needed throughout residence.",Standard verification complete. Estimates match third-party independent inspection. Documentation verified.
CLM-2024-01098,CUST-08954,POL-014157,Auto,2023-03-15,2023-03-16,1,Single Vehicle Roadside Impact,Moderate,6786.29,120000.0,0.0566,3000.0,2.26,Settled,Low,False,NONE,"Insured swerved to avoid crossing wildlife on unlit rural road, colliding with roadside guardrail. Damage concentrated on driver front bumper, headlight, and wheel arch. No other vehicles involved.",Standard verification complete. Estimates match third-party independent inspection. Documentation verified.
CLM-2024-01099,CUST-01863,POL-002984,Fire,2024-08-17,2024-08-21,4,Kitchen Grease Fire,Major,40358.76,500000.0,0.0807,750.0,53.81,Settled,Medium,False,NONE,"Deep fryer flare-up caused flame spread to kitchen drywall. Heat blistering across ceiling joists. Structural fire damage contained to kitchen area, but substantial soot cleanup needed throughout residence.",Standard verification complete. Estimates match third-party independent inspection. Documentation verified.
CLM-2024-01100,CUST-05161,POL-008162,Auto,2023-05-29,2023-06-07,9,Intersection T-Bone Impact,Moderate,4321.74,100000.0,0.0432,750.0,5.76,Approved,Low,False,NONE,Insured was proceeding on green light when a third-party vehicle failed to yield and impacted the passenger side. Significant structural intrusion along B-pillar and both passenger doors. Side curtain airbags deployed. Tow required.,Standard verification complete. Estimates match third-party independent inspection. Documentation verified.
CLM-2024-01101,CUST-09621,POL-015207,Fire,2023-06-01,2023-06-03,2,Electrical Fault Fire,Total Loss,50641.42,400000.0,0.1266,350.0,144.69,Under Investigation,Medium,False,NONE,Overheated breaker panel in basement initiated smoldering fire inside stud wall cavity. Flames traveled upward between floors before breaching living room drywall. Significant structural timber charring and complete electrical overhaul required.,Standard verification complete. Estimates match third-party independent inspection. Documentation verified.
CLM-2024-01102,CUST-05490,POL-008702,Fire,2023-02-23,2023-03-10,15,Kitchen Grease Fire,Major,50192.75,300000.0,0.1673,150.0,334.62,Settled,Medium,False,NONE,"Deep fryer flare-up caused flame spread to kitchen drywall. Heat blistering across ceiling joists. Structural fire damage contained to kitchen area, but substantial soot cleanup needed throughout residence.",Standard verification complete. Estimates match third-party independent inspection. Documentation verified.
CLM-2024-01103,CUST-00715,POL-001132,Auto,2023-09-04,2023-09-18,14,Suspicious Early Inception Fire,Moderate,24353.07,120000.0,0.2029,3000.0,8.12,Open,High,True,RECENT_COVERAGE_SPIKE_FIRE,"Commercial property fire reported 9 days following policy contribution upgrade. Fire originated in storage room with two distinct, unlinked burn patterns detected by arson investigator. Stock inventory records requested but claimant unable to provide supporting receipts or tax filings.",Potential Billing Discrepancy: Itemized labor and parts estimates exceed regional peer averages by 25-40%.
CLM-2024-01104,CUST-00304,POL-000480,Fire,2023-04-02,2023-04-10,8,Electrical Fault Fire,Total Loss,124141.43,300000.0,0.4138,150.0,827.61,Settled,Medium,False,NONE,Faulty space heater wiring ignited living room drapery while residents were asleep. Smoke detectors alerted occupants. Fire caused severe burn-through of roof rafters and extensive water damage from fire brigade hoses.,Standard verification complete. Estimates match third-party independent inspection. Documentation verified.
CLM-2024-01105,CUST-09389,POL-014863,Auto,2023-05-05,2023-05-29,24,Inflated Water Restoration,Moderate,23337.5,120000.0,0.1945,3000.0,7.78,Settled,High,True,INFLATED_WATER_REPAIR,"Claim submitted for sudden pipe rupture in unoccupied guest wing. Restoration contractor billed 24 industrial air movers and 6 commercial dehumidifiers for 21 days continuously, exceeding standard mitigation duration by 400%. Demolition invoices include pre-existing renovation materials not damaged by water.",Potential Billing Discrepancy: Itemized labor and parts estimates exceed regional peer averages by 25-40%.
CLM-2024-01106,CUST-07669,POL-012091,Caravan,2023-04-07,2023-04-09,2,Storm Hail and Tree Branch Impact,Moderate,8850.25,17500.0,0.5057,25.0,354.01,Settled,Low,False,NONE,High winds at holiday park caused awning detachment and side panel punctures. Water entered electrical breaker enclosure.,Standard verification complete. Estimates match third-party independent inspection. Documentation verified.
CLM-2024-01107,CUST-02160,POL-003457,Auto,2023-11-30,2023-12-02,2,Rear-End Collision,Major,10503.55,120000.0,0.0875,3000.0,3.5,Settled,Low,False,NONE,"Insured vehicle was struck from behind while stationary at a signalized intersection. Rear bumper crushed, trunk lid misaligned, and tail light assemblies shattered. Airbags did not deploy. Claimant reported minor neck stiffness.",Standard verification complete. Estimates match third-party independent inspection. Documentation verified.
CLM-2024-01108,CUST-09309,POL-014744,Fire,2024-06-26,2024-06-28,2,Electrical Fault Fire,Major,54903.85,400000.0,0.1373,350.0,156.87,Approved,Medium,False,NONE,Overheated breaker panel in basement initiated smoldering fire inside stud wall cavity. Flames traveled upward between floors before breaching living room drywall. Significant structural timber charring and complete electrical overhaul required.,Standard verification complete. Estimates match third-party independent inspection. Documentation verified.
CLM-2024-01109,CUST-09251,POL-014632,Auto,2023-07-04,2023-07-29,25,High-Value Marine Equipment Loss,Major,91227.7,120000.0,0.7602,3000.0,30.41,Under Investigation,High,True,PHANTOM_LUXURY_BOAT_THEFT,Claimant alleges twin 350HP marine engines unbolted and removed from dry dock trailer overnight with no perimeter fence breaches or security footage. Claim amount matches maximum policy limit to the exact dollar. Title transfer completed only 3 weeks prior.,SIU Audit Triggered: Indicator matches PHANTOM_LUXURY_BOAT_THEFT. Significant inconsistencies in physical damage inspection vs reported narrative.
CLM-2024-01110,CUST-06973,POL-010998,Auto,2023-05-12,2023-05-22,10,Intersection T-Bone Impact,Total Loss,25285.98,100000.0,0.2529,750.0,33.71,Approved,Medium,False,NONE,Insured was proceeding on green light when a third-party vehicle failed to yield and impacted the passenger side. Significant structural intrusion along B-pillar and both passenger doors. Side curtain airbags deployed. Tow required.,Standard verification complete. Estimates match third-party independent inspection. Documentation verified.
CLM-2024-01111,CUST-00860,POL-001367,Fire,2023-05-08,2023-05-15,7,Suspicious Early Inception Fire,Moderate,20814.99,400000.0,0.052,350.0,59.47,Settled,High,True,RECENT_COVERAGE_SPIKE_FIRE,"Commercial property fire reported 9 days following policy contribution upgrade. Fire originated in storage room with two distinct, unlinked burn patterns detected by arson investigator. Stock inventory records requested but claimant unable to provide supporting receipts or tax filings.",Potential Billing Discrepancy: Itemized labor and parts estimates exceed regional peer averages by 25-40%.
CLM-2024-01112,CUST-06978,POL-011006,Auto,2023-11-04,2023-12-05,31,Suspicious Early Inception Fire,Major,83594.51,120000.0,0.6966,3000.0,27.86,Under Investigation,High,True,RECENT_COVERAGE_SPIKE_FIRE,"Commercial property fire reported 9 days following policy contribution upgrade. Fire originated in storage room with two distinct, unlinked burn patterns detected by arson investigator. Stock inventory records requested but claimant unable to provide supporting receipts or tax filings.",SIU Audit Triggered: Indicator matches RECENT_COVERAGE_SPIKE_FIRE. Significant inconsistencies in physical damage inspection vs reported narrative.
CLM-2024-01113,CUST-08775,POL-013888,Fire,2024-08-13,2024-08-15,2,Electrical Fault Fire,Total Loss,127713.76,200000.0,0.6386,75.0,1702.85,Approved,Medium,False,NONE,Faulty space heater wiring ignited living room drapery while residents were asleep. Smoke detectors alerted occupants. Fire caused severe burn-through of roof rafters and extensive water damage from fire brigade hoses.,Standard verification complete. Estimates match third-party independent inspection. Documentation verified.
CLM-2024-01114,CUST-00729,POL-001151,Fire,2023-02-15,2023-02-21,6,Kitchen Grease Fire,Moderate,40518.11,400000.0,0.1013,350.0,115.77,Settled,Medium,False,NONE,"Unattended cooking oil ignited on stovetop, spreading rapidly to wooden cabinetry and exhaust hood. Fire department responded within 12 minutes. Heavy smoke damage throughout ground floor and water saturation across kitchen subflooring.",Standard verification complete. Estimates match third-party independent inspection. Documentation verified.
CLM-2024-01115,CUST-09733,POL-015396,Fire,2024-07-19,2024-07-25,6,Kitchen Grease Fire,Major,47938.11,300000.0,0.1598,150.0,319.59,Settled,Medium,False,NONE,"Deep fryer flare-up caused flame spread to kitchen drywall. Heat blistering across ceiling joists. Structural fire damage contained to kitchen area, but substantial soot cleanup needed throughout residence.",Standard verification complete. Estimates match third-party independent inspection. Documentation verified.
CLM-2024-01116,CUST-03130,POL-005010,Auto,2024-01-26,2024-02-06,11,Intersection T-Bone Impact,Major,22670.88,120000.0,0.1889,3000.0,7.56,Settled,Medium,False,NONE,"Broadside collision at uncontrolled intersection during heavy rain. Front quarter panel, suspension, and steering rack compromised. Vehicle deemed unsafe to drive and towed to certified repair facility.",Standard verification complete. Estimates match third-party independent inspection. Documentation verified.
CLM-2024-01117,CUST-06382,POL-010086,Fire,2024-07-02,2024-07-03,1,Kitchen Grease Fire,Moderate,27745.92,200000.0,0.1387,75.0,369.95,Settled,Medium,False,NONE,"Deep fryer flare-up caused flame spread to kitchen drywall. Heat blistering across ceiling joists. Structural fire damage contained to kitchen area, but substantial soot cleanup needed throughout residence.",Standard verification complete. Estimates match third-party independent inspection. Documentation verified.
CLM-2024-01118,CUST-03997,POL-006309,Auto,2024-06-07,2024-06-12,5,Intersection T-Bone Impact,Major,37616.46,120000.0,0.3135,3000.0,12.54,Settled,Medium,False,NONE,Insured was proceeding on green light when a third-party vehicle failed to yield and impacted the passenger side. Significant structural intrusion along B-pillar and both passenger doors. Side curtain airbags deployed. Tow required.,Standard verification complete. Estimates match third-party independent inspection. Documentation verified.
CLM-2024-01119,CUST-03462,POL-005503,Auto,2023-09-11,2023-10-01,20,Rear-End Collision,Moderate,6397.22,120000.0,0.0533,3000.0,2.13,Settled,Low,False,NONE,"Insured vehicle was struck from behind while stationary at a signalized intersection. Rear bumper crushed, trunk lid misaligned, and tail light assemblies shattered. Airbags did not deploy. Claimant reported minor neck stiffness.",Standard verification complete. Estimates match third-party independent inspection. Documentation verified.
CLM-2024-01120,CUST-05311,POL-008420,Caravan,2023-04-02,2023-04-16,14,Storm Hail and Tree Branch Impact,Moderate,8046.68,17500.0,0.4598,25.0,321.87,Settled,Low,False,NONE,High winds at holiday park caused awning detachment and side panel punctures. Water entered electrical breaker enclosure.,Standard verification complete. Estimates match third-party independent inspection. Documentation verified.
CLM-2024-01121,CUST-00112,POL-000186,Fire,2023-08-16,2023-09-02,17,Suspicious Multi-Party Collision,Moderate,17006.26,125000.0,0.1361,25.0,680.25,Settled,High,True,STAGED_COLLISION_RING,Insured vehicle alleged sudden brake event leading to rear collision with third-party vehicle occupied by 4 unbelted passengers. All occupants retained same legal counsel and clinic on same business day. Identical soft tissue injury claims submitted. Vehicle damage pattern inconsistent with described low-speed impact velocity.,Potential Billing Discrepancy: Itemized labor and parts estimates exceed regional peer averages by 25-40%.
CLM-2024-01122,CUST-02824,POL-004506,Fire,2024-05-16,2024-05-18,2,Kitchen Grease Fire,Major,46421.56,400000.0,0.1161,350.0,132.63,Open,Medium,False,NONE,"Deep fryer flare-up caused flame spread to kitchen drywall. Heat blistering across ceiling joists. Structural fire damage contained to kitchen area, but substantial soot cleanup needed throughout residence.",Standard verification complete. Estimates match third-party independent inspection. Documentation verified.
CLM-2024-01123,CUST-07876,POL-012431,Fire,2024-02-03,2024-02-07,4,Kitchen Grease Fire,Major,17586.55,200000.0,0.0879,75.0,234.49,Settled,Medium,False,NONE,"Deep fryer flare-up caused flame spread to kitchen drywall. Heat blistering across ceiling joists. Structural fire damage contained to kitchen area, but substantial soot cleanup needed throughout residence.",Standard verification complete. Estimates match third-party independent inspection. Documentation verified.
CLM-2024-01124,CUST-05362,POL-008505,Auto,2023-06-09,2023-06-15,6,Intersection T-Bone Impact,Moderate,11091.67,120000.0,0.0924,3000.0,3.7,Open,Low,False,NONE,"Broadside collision at uncontrolled intersection during heavy rain. Front quarter panel, suspension, and steering rack compromised. Vehicle deemed unsafe to drive and towed to certified repair facility.",Standard verification complete. Estimates match third-party independent inspection. Documentation verified.
CLM-2024-01125,CUST-04565,POL-007236,Auto,2024-01-15,2024-01-21,6,Intersection T-Bone Impact,Total Loss,22940.73,120000.0,0.1912,3000.0,7.65,Under Investigation,Medium,False,NONE,"Broadside collision at uncontrolled intersection during heavy rain. Front quarter panel, suspension, and steering rack compromised. Vehicle deemed unsafe to drive and towed to certified repair facility.",Standard verification complete. Estimates match third-party independent inspection. Documentation verified.
CLM-2024-01126,CUST-03710,POL-005887,Fire,2024-05-29,2024-06-13,15,Electrical Fault Fire,Total Loss,157603.41,500000.0,0.3152,750.0,210.14,Open,Medium,False,NONE,Faulty space heater wiring ignited living room drapery while residents were asleep. Smoke detectors alerted occupants. Fire caused severe burn-through of roof rafters and extensive water damage from fire brigade hoses.,Standard verification complete. Estimates match third-party independent inspection. Documentation verified.
CLM-2024-01127,CUST-06423,POL-010159,Fire,2023-03-31,2023-04-07,7,Electrical Fault Fire,Total Loss,157929.02,300000.0,0.5264,150.0,1052.86,Settled,Medium,False,NONE,Faulty space heater wiring ignited living room drapery while residents were asleep. Smoke detectors alerted occupants. Fire caused severe burn-through of roof rafters and extensive water damage from fire brigade hoses.,Standard verification complete. Estimates match third-party independent inspection. Documentation verified.
CLM-2024-01128,CUST-02985,POL-004771,Fire,2023-04-06,2023-04-12,6,Kitchen Grease Fire,Moderate,30418.54,300000.0,0.1014,150.0,202.79,Settled,Medium,False,NONE,"Unattended cooking oil ignited on stovetop, spreading rapidly to wooden cabinetry and exhaust hood. Fire department responded within 12 minutes. Heavy smoke damage throughout ground floor and water saturation across kitchen subflooring.",Standard verification complete. Estimates match third-party independent inspection. Documentation verified.
CLM-2024-01129,CUST-03389,POL-005394,Fire,2024-03-10,2024-03-26,16,Chimney / Fireplace Thermal Spread,Minor,7592.72,400000.0,0.019,350.0,21.69,Approved,Low,False,NONE,Creosote buildup in masonry chimney flue sparked internal combustion. Thermal crack allowed embers into attic insulation. Prompt response by local brigade prevented full roof ignition. Flue relining and attic decontamination required.,Standard verification complete. Estimates match third-party independent inspection. Documentation verified.
CLM-2024-01130,CUST-01577,POL-002543,Fire,2023-05-08,2023-05-09,1,Electrical Fault Fire,Major,113656.04,300000.0,0.3789,150.0,757.71,Approved,Medium,False,NONE,Overheated breaker panel in basement initiated smoldering fire inside stud wall cavity. Flames traveled upward between floors before breaching living room drywall. Significant structural timber charring and complete electrical overhaul required.,Standard verification complete. Estimates match third-party independent inspection. Documentation verified.
CLM-2024-01131,CUST-05118,POL-008097,Auto,2023-12-20,2023-12-28,8,Intersection T-Bone Impact,Total Loss,62707.87,120000.0,0.5226,3000.0,20.9,Approved,Medium,False,NONE,Insured was proceeding on green light when a third-party vehicle failed to yield and impacted the passenger side. Significant structural intrusion along B-pillar and both passenger doors. Side curtain airbags deployed. Tow required.,Standard verification complete. Estimates match third-party independent inspection. Documentation verified.
CLM-2024-01132,CUST-03081,POL-004927,Fire,2024-06-20,2024-06-23,3,Kitchen Grease Fire,Moderate,11207.84,300000.0,0.0374,150.0,74.72,Settled,Low,False,NONE,"Unattended cooking oil ignited on stovetop, spreading rapidly to wooden cabinetry and exhaust hood. Fire department responded within 12 minutes. Heavy smoke damage throughout ground floor and water saturation across kitchen subflooring.",Standard verification complete. Estimates match third-party independent inspection. Documentation verified.
CLM-2024-01133,CUST-03027,POL-004839,Fire,2024-05-22,2024-06-02,11,Suspicious Early Inception Fire,Moderate,19504.56,400000.0,0.0488,350.0,55.73,Settled,High,True,RECENT_COVERAGE_SPIKE_FIRE,"Commercial property fire reported 9 days following policy contribution upgrade. Fire originated in storage room with two distinct, unlinked burn patterns detected by arson investigator. Stock inventory records requested but claimant unable to provide supporting receipts or tax filings.",Potential Billing Discrepancy: Itemized labor and parts estimates exceed regional peer averages by 25-40%.
CLM-2024-01134,CUST-01440,POL-002327,Auto,2024-07-06,2024-07-14,8,Rear-End Collision,Moderate,3276.41,100000.0,0.0328,750.0,4.37,Settled,Low,False,NONE,"Vehicle was rear-ended in heavy stop-and-go highway traffic. Impact pushed vehicle into leading car, resulting in front and rear fascia damage. Radiator support cracked. Police report filed at scene.",Standard verification complete. Estimates match third-party independent inspection. Documentation verified.
CLM-2024-01135,CUST-08410,POL-013273,Auto,2024-02-08,2024-02-12,4,Intersection T-Bone Impact,Major,44257.68,120000.0,0.3688,3000.0,14.75,Approved,Medium,False,NONE,Insured was proceeding on green light when a third-party vehicle failed to yield and impacted the passenger side. Significant structural intrusion along B-pillar and both passenger doors. Side curtain airbags deployed. Tow required.,Standard verification complete. Estimates match third-party independent inspection. Documentation verified.
CLM-2024-01136,CUST-02684,POL-004290,Caravan,2023-01-07,2023-01-18,11,Suspicious Early Inception Fire,Major,7069.58,17500.0,0.404,25.0,282.78,Under Investigation,Medium,True,RECENT_COVERAGE_SPIKE_FIRE,"Commercial property fire reported 9 days following policy contribution upgrade. Fire originated in storage room with two distinct, unlinked burn patterns detected by arson investigator. Stock inventory records requested but claimant unable to provide supporting receipts or tax filings.",Potential Billing Discrepancy: Itemized labor and parts estimates exceed regional peer averages by 25-40%.
CLM-2024-01137,CUST-02569,POL-004072,Auto,2023-07-10,2023-07-15,5,Catalytic Converter & Component Theft,Moderate,2326.05,120000.0,0.0194,3000.0,0.78,Settled,Low,False,NONE,Vehicle parked overnight in commuter lot. Exhaust system severed cleanly beneath chassis and catalytic converter removed. Oxygen sensors stripped. Comprehensive theft claim submitted with police report number.,Standard verification complete. Estimates match third-party independent inspection. Documentation verified.
CLM-2024-01138,CUST-02731,POL-004356,Auto,2023-06-07,2023-06-12,5,Catalytic Converter & Component Theft,Minor,2004.64,120000.0,0.0167,3000.0,0.67,Settled,Low,False,NONE,"Insured discovered vehicle propped on cinder blocks in driveway with all four alloy wheels, tires, and brake assemblies stolen. Ground scuffs along rocker panels.",Standard verification complete. Estimates match third-party independent inspection. Documentation verified.
CLM-2024-01139,CUST-01628,POL-002628,Caravan,2024-01-19,2024-01-29,10,Storm Hail and Tree Branch Impact,Moderate,8699.91,17500.0,0.4971,25.0,348.0,Settled,Low,False,NONE,High winds at holiday park caused awning detachment and side panel punctures. Water entered electrical breaker enclosure.,Standard verification complete. Estimates match third-party independent inspection. Documentation verified.
CLM-2024-01140,CUST-03598,POL-005713,Auto,2024-03-25,2024-04-03,9,Intersection T-Bone Impact,Moderate,4426.66,120000.0,0.0369,3000.0,1.48,Open,Low,False,NONE,"Broadside collision at uncontrolled intersection during heavy rain. Front quarter panel, suspension, and steering rack compromised. Vehicle deemed unsafe to drive and towed to certified repair facility.",Standard verification complete. Estimates match third-party independent inspection. Documentation verified.
CLM-2024-01141,CUST-04171,POL-006607,Auto,2023-04-24,2023-04-28,4,Intersection T-Bone Impact,Major,29956.09,120000.0,0.2496,3000.0,9.99,Settled,Medium,False,NONE,Insured was proceeding on green light when a third-party vehicle failed to yield and impacted the passenger side. Significant structural intrusion along B-pillar and both passenger doors. Side curtain airbags deployed. Tow required.,Standard verification complete. Estimates match third-party independent inspection. Documentation verified.
CLM-2024-01142,CUST-05795,POL-009179,Fire,2023-07-23,2023-07-25,2,Suspicious Early Inception Fire,Moderate,58554.77,125000.0,0.4684,25.0,2342.19,Under Investigation,High,True,RECENT_COVERAGE_SPIKE_FIRE,"Commercial property fire reported 9 days following policy contribution upgrade. Fire originated in storage room with two distinct, unlinked burn patterns detected by arson investigator. Stock inventory records requested but claimant unable to provide supporting receipts or tax filings.",Policy Inception Audit: High-severity claim filed immediately following policy coverage modification.
CLM-2024-01143,CUST-04488,POL-007128,Auto,2023-05-11,2023-05-13,2,Single Vehicle Roadside Impact,Moderate,10408.47,120000.0,0.0867,3000.0,3.47,Approved,Low,False,NONE,Loss of traction on black ice caused vehicle to slide into concrete median barrier. Front subframe and wheel rim cracked. No injuries reported.,Standard verification complete. Estimates match third-party independent inspection. Documentation verified.
CLM-2024-01144,CUST-02418,POL-003837,Auto,2023-12-19,2023-12-22,3,Rear-End Collision,Major,94853.1,120000.0,0.7904,3000.0,31.62,Settled,Medium,False,NONE,"Insured vehicle was struck from behind while stationary at a signalized intersection. Rear bumper crushed, trunk lid misaligned, and tail light assemblies shattered. Airbags did not deploy. Claimant reported minor neck stiffness.","Comprehensive field adjuster verification complete. Police report, independent surveyor report, and official repair bids on file. Verified genuine catastrophic loss."
CLM-2024-01145,CUST-06343,POL-010038,Fire,2023-01-09,2023-01-14,5,Electrical Fault Fire,Total Loss,63393.86,300000.0,0.2113,150.0,422.63,Settled,Medium,False,NONE,Faulty space heater wiring ignited living room drapery while residents were asleep. Smoke detectors alerted occupants. Fire caused severe burn-through of roof rafters and extensive water damage from fire brigade hoses.,Standard verification complete. Estimates match third-party independent inspection. Documentation verified.
CLM-2024-01146,CUST-08511,POL-013458,Fire,2024-06-07,2024-06-08,1,Kitchen Grease Fire,Moderate,38986.29,200000.0,0.1949,75.0,519.82,Under Investigation,Medium,False,NONE,"Deep fryer flare-up caused flame spread to kitchen drywall. Heat blistering across ceiling joists. Structural fire damage contained to kitchen area, but substantial soot cleanup needed throughout residence.",Standard verification complete. Estimates match third-party independent inspection. Documentation verified.
CLM-2024-01147,CUST-07532,POL-011865,Fire,2024-03-15,2024-03-21,6,Kitchen Grease Fire,Major,50852.63,125000.0,0.4068,25.0,2034.11,Settled,Medium,False,NONE,"Unattended cooking oil ignited on stovetop, spreading rapidly to wooden cabinetry and exhaust hood. Fire department responded within 12 minutes. Heavy smoke damage throughout ground floor and water saturation across kitchen subflooring.",Standard verification complete. Estimates match third-party independent inspection. Documentation verified.
CLM-2024-01148,CUST-03108,POL-004973,Fire,2023-06-02,2023-06-03,1,Kitchen Grease Fire,Moderate,14235.06,400000.0,0.0356,350.0,40.67,Settled,Medium,False,NONE,"Unattended cooking oil ignited on stovetop, spreading rapidly to wooden cabinetry and exhaust hood. Fire department responded within 12 minutes. Heavy smoke damage throughout ground floor and water saturation across kitchen subflooring.",Standard verification complete. Estimates match third-party independent inspection. Documentation verified.
CLM-2024-01149,CUST-05741,POL-009097,Fire,2023-01-19,2023-01-30,11,Chimney / Fireplace Thermal Spread,Minor,4990.36,400000.0,0.0125,350.0,14.26,Settled,Low,False,NONE,Creosote buildup in masonry chimney flue sparked internal combustion. Thermal crack allowed embers into attic insulation. Prompt response by local brigade prevented full roof ignition. Flue relining and attic decontamination required.,Standard verification complete. Estimates match third-party independent inspection. Documentation verified.
CLM-2024-01150,CUST-03768,POL-005976,Auto,2023-08-25,2023-08-27,2,Intersection T-Bone Impact,Major,34534.53,100000.0,0.3453,750.0,46.05,Settled,Medium,False,NONE,"Broadside collision at uncontrolled intersection during heavy rain. Front quarter panel, suspension, and steering rack compromised. Vehicle deemed unsafe to drive and towed to certified repair facility.",Standard verification complete. Estimates match third-party independent inspection. Documentation verified.
CLM-2024-01151,CUST-07146,POL-011274,Auto,2023-10-03,2023-10-08,5,Single Vehicle Roadside Impact,Moderate,3743.99,120000.0,0.0312,3000.0,1.25,Open,Low,False,NONE,Loss of traction on black ice caused vehicle to slide into concrete median barrier. Front subframe and wheel rim cracked. No injuries reported.,Standard verification complete. Estimates match third-party independent inspection. Documentation verified.
CLM-2024-01152,CUST-07847,POL-012392,Auto,2023-01-01,2023-01-05,4,Rear-End Collision,Major,6448.15,120000.0,0.0537,3000.0,2.15,Open,Low,False,NONE,"Vehicle was rear-ended in heavy stop-and-go highway traffic. Impact pushed vehicle into leading car, resulting in front and rear fascia damage. Radiator support cracked. Police report filed at scene.",Standard verification complete. Estimates match third-party independent inspection. Documentation verified.
CLM-2024-01153,CUST-00462,POL-000744,Auto,2023-07-09,2023-08-14,36,High-Value Marine Equipment Loss,Major,67633.39,120000.0,0.5636,3000.0,22.54,Under Investigation,High,True,PHANTOM_LUXURY_BOAT_THEFT,Claimant alleges twin 350HP marine engines unbolted and removed from dry dock trailer overnight with no perimeter fence breaches or security footage. Claim amount matches maximum policy limit to the exact dollar. Title transfer completed only 3 weeks prior.,SIU Audit Triggered: Indicator matches PHANTOM_LUXURY_BOAT_THEFT. Significant inconsistencies in physical damage inspection vs reported narrative.
CLM-2024-01154,CUST-01422,POL-002298,Fire,2023-04-10,2023-04-16,6,Chimney / Fireplace Thermal Spread,Minor,8845.14,300000.0,0.0295,150.0,58.97,Settled,Low,False,NONE,Creosote buildup in masonry chimney flue sparked internal combustion. Thermal crack allowed embers into attic insulation. Prompt response by local brigade prevented full roof ignition. Flue relining and attic decontamination required.,Standard verification complete. Estimates match third-party independent inspection. Documentation verified.
CLM-2024-01155,CUST-09198,POL-014539,Auto,2024-06-25,2024-06-29,4,Single Vehicle Roadside Impact,Minor,2729.15,100000.0,0.0273,750.0,3.64,Open,Low,False,NONE,Loss of traction on black ice caused vehicle to slide into concrete median barrier. Front subframe and wheel rim cracked. No injuries reported.,Standard verification complete. Estimates match third-party independent inspection. Documentation verified.
CLM-2024-01156,CUST-07148,POL-011278,Fire,2023-05-04,2023-05-13,9,Kitchen Grease Fire,Moderate,41384.68,400000.0,0.1035,350.0,118.24,Settled,Medium,False,NONE,"Unattended cooking oil ignited on stovetop, spreading rapidly to wooden cabinetry and exhaust hood. Fire department responded within 12 minutes. Heavy smoke damage throughout ground floor and water saturation across kitchen subflooring.",Standard verification complete. Estimates match third-party independent inspection. Documentation verified.
CLM-2024-01157,CUST-07684,POL-012123,Auto,2023-12-18,2023-12-22,4,Single Vehicle Roadside Impact,Moderate,3220.4,100000.0,0.0322,750.0,4.29,Settled,Low,False,NONE,"Insured swerved to avoid crossing wildlife on unlit rural road, colliding with roadside guardrail. Damage concentrated on driver front bumper, headlight, and wheel arch. No other vehicles involved.",Standard verification complete. Estimates match third-party independent inspection. Documentation verified.
CLM-2024-01158,CUST-07239,POL-011411,Fire,2023-09-16,2023-09-21,5,Chimney / Fireplace Thermal Spread,Moderate,17501.83,600000.0,0.0292,3000.0,5.83,Open,Medium,False,NONE,Creosote buildup in masonry chimney flue sparked internal combustion. Thermal crack allowed embers into attic insulation. Prompt response by local brigade prevented full roof ignition. Flue relining and attic decontamination required.,Standard verification complete. Estimates match third-party independent inspection. Documentation verified.
CLM-2024-01159,CUST-07758,POL-012251,Fire,2024-03-05,2024-03-07,2,Suspicious Multi-Party Collision,Moderate,23526.97,400000.0,0.0588,350.0,67.22,Settled,High,True,STAGED_COLLISION_RING,Insured vehicle alleged sudden brake event leading to rear collision with third-party vehicle occupied by 4 unbelted passengers. All occupants retained same legal counsel and clinic on same business day. Identical soft tissue injury claims submitted. Vehicle damage pattern inconsistent with described low-speed impact velocity.,Potential Billing Discrepancy: Itemized labor and parts estimates exceed regional peer averages by 25-40%.
CLM-2024-01160,CUST-07710,POL-012169,Fire,2023-10-24,2023-10-30,6,Kitchen Grease Fire,Moderate,20573.28,200000.0,0.1029,75.0,274.31,Approved,Medium,False,NONE,"Unattended cooking oil ignited on stovetop, spreading rapidly to wooden cabinetry and exhaust hood. Fire department responded within 12 minutes. Heavy smoke damage throughout ground floor and water saturation across kitchen subflooring.",Standard verification complete. Estimates match third-party independent inspection. Documentation verified.
CLM-2024-01161,CUST-05768,POL-009147,Fire,2023-03-18,2023-03-20,2,Kitchen Grease Fire,Major,36013.97,400000.0,0.09,350.0,102.9,Settled,Medium,False,NONE,"Deep fryer flare-up caused flame spread to kitchen drywall. Heat blistering across ceiling joists. Structural fire damage contained to kitchen area, but substantial soot cleanup needed throughout residence.",Standard verification complete. Estimates match third-party independent inspection. Documentation verified.
CLM-2024-01162,CUST-03204,POL-005109,Fire,2023-01-04,2023-01-09,5,Kitchen Grease Fire,Moderate,37913.77,600000.0,0.0632,3000.0,12.64,Settled,Medium,False,NONE,"Unattended cooking oil ignited on stovetop, spreading rapidly to wooden cabinetry and exhaust hood. Fire department responded within 12 minutes. Heavy smoke damage throughout ground floor and water saturation across kitchen subflooring.",Standard verification complete. Estimates match third-party independent inspection. Documentation verified.
CLM-2024-01163,CUST-06033,POL-009566,Auto,2024-06-21,2024-06-22,1,Single Vehicle Roadside Impact,Moderate,3553.66,120000.0,0.0296,3000.0,1.18,Settled,Low,False,NONE,"Insured swerved to avoid crossing wildlife on unlit rural road, colliding with roadside guardrail. Damage concentrated on driver front bumper, headlight, and wheel arch. No other vehicles involved.",Standard verification complete. Estimates match third-party independent inspection. Documentation verified.
CLM-2024-01164,CUST-08193,POL-012918,Auto,2024-06-30,2024-07-06,6,Intersection T-Bone Impact,Major,39328.0,120000.0,0.3277,3000.0,13.11,Settled,Medium,False,NONE,Insured was proceeding on green light when a third-party vehicle failed to yield and impacted the passenger side. Significant structural intrusion along B-pillar and both passenger doors. Side curtain airbags deployed. Tow required.,Standard verification complete. Estimates match third-party independent inspection. Documentation verified.
CLM-2024-01165,CUST-04442,POL-007042,Fire,2023-02-22,2023-02-24,2,Chimney / Fireplace Thermal Spread,Minor,1595.57,400000.0,0.004,350.0,4.56,Settled,Low,False,NONE,Creosote buildup in masonry chimney flue sparked internal combustion. Thermal crack allowed embers into attic insulation. Prompt response by local brigade prevented full roof ignition. Flue relining and attic decontamination required.,Standard verification complete. Estimates match third-party independent inspection. Documentation verified.
CLM-2024-01166,CUST-01053,POL-001685,Auto,2024-01-13,2024-01-16,3,Single Vehicle Roadside Impact,Minor,2454.98,120000.0,0.0205,3000.0,0.82,Settled,Low,False,NONE,Loss of traction on black ice caused vehicle to slide into concrete median barrier. Front subframe and wheel rim cracked. No injuries reported.,Standard verification complete. Estimates match third-party independent inspection. Documentation verified.
CLM-2024-01167,CUST-01744,POL-002813,Auto,2023-02-28,2023-03-02,2,Rear-End Collision,Moderate,3109.56,120000.0,0.0259,3000.0,1.04,Settled,Low,False,NONE,"Insured vehicle was struck from behind while stationary at a signalized intersection. Rear bumper crushed, trunk lid misaligned, and tail light assemblies shattered. Airbags did not deploy. Claimant reported minor neck stiffness.",Standard verification complete. Estimates match third-party independent inspection. Documentation verified.
CLM-2024-01168,CUST-04732,POL-007500,Caravan,2024-08-20,2024-09-06,17,High-Value Marine Equipment Loss,Major,14447.04,17500.0,0.8255,25.0,577.88,Under Investigation,High,True,PHANTOM_LUXURY_BOAT_THEFT,Claimant alleges twin 350HP marine engines unbolted and removed from dry dock trailer overnight with no perimeter fence breaches or security footage. Claim amount matches maximum policy limit to the exact dollar. Title transfer completed only 3 weeks prior.,SIU Audit Triggered: Indicator matches PHANTOM_LUXURY_BOAT_THEFT. Significant inconsistencies in physical damage inspection vs reported narrative.
CLM-2024-01169,CUST-03178,POL-005068,Fire,2024-07-18,2024-07-20,2,Kitchen Grease Fire,Major,18501.26,200000.0,0.0925,75.0,246.68,Settled,Medium,False,NONE,"Unattended cooking oil ignited on stovetop, spreading rapidly to wooden cabinetry and exhaust hood. Fire department responded within 12 minutes. Heavy smoke damage throughout ground floor and water saturation across kitchen subflooring.",Standard verification complete. Estimates match third-party independent inspection. Documentation verified.
CLM-2024-01170,CUST-05321,POL-008440,Caravan,2024-02-09,2024-02-15,6,Storm Hail and Tree Branch Impact,Moderate,8146.67,17500.0,0.4655,25.0,325.87,Settled,Low,False,NONE,"Severe thunderstorm brought 2-inch hail and fallen pine limb onto mobile home aluminum roof. Punctured roof membrane, shattered skylight, and caused interior water intrusion onto living area carpet.",Standard verification complete. Estimates match third-party independent inspection. Documentation verified.
CLM-2024-01171,CUST-05627,POL-008915,Fire,2024-05-22,2024-05-25,3,Kitchen Grease Fire,Major,24365.94,600000.0,0.0406,3000.0,8.12,Settled,Medium,False,NONE,"Unattended cooking oil ignited on stovetop, spreading rapidly to wooden cabinetry and exhaust hood. Fire department responded within 12 minutes. Heavy smoke damage throughout ground floor and water saturation across kitchen subflooring.",Standard verification complete. Estimates match third-party independent inspection. Documentation verified.
CLM-2024-01172,CUST-03926,POL-006212,Auto,2023-07-04,2023-07-08,4,Single Vehicle Roadside Impact,Minor,2351.35,100000.0,0.0235,750.0,3.14,Settled,Low,False,NONE,Loss of traction on black ice caused vehicle to slide into concrete median barrier. Front subframe and wheel rim cracked. No injuries reported.,Standard verification complete. Estimates match third-party independent inspection. Documentation verified.
CLM-2024-01173,CUST-04252,POL-006732,Fire,2023-03-13,2023-03-14,1,Kitchen Grease Fire,Moderate,39091.69,300000.0,0.1303,150.0,260.61,Under Investigation,Medium,False,NONE,"Deep fryer flare-up caused flame spread to kitchen drywall. Heat blistering across ceiling joists. Structural fire damage contained to kitchen area, but substantial soot cleanup needed throughout residence.",Standard verification complete. Estimates match third-party independent inspection. Documentation verified.
CLM-2024-01174,CUST-02422,POL-003843,Fire,2024-06-23,2024-07-01,8,Suspicious Multi-Party Collision,Major,201444.62,300000.0,0.6715,150.0,1342.96,Under Investigation,High,True,STAGED_COLLISION_RING,Insured vehicle alleged sudden brake event leading to rear collision with third-party vehicle occupied by 4 unbelted passengers. All occupants retained same legal counsel and clinic on same business day. Identical soft tissue injury claims submitted. Vehicle damage pattern inconsistent with described low-speed impact velocity.,SIU Audit Triggered: Indicator matches STAGED_COLLISION_RING. Significant inconsistencies in physical damage inspection vs reported narrative.
CLM-2024-01175,CUST-09267,POL-014654,Auto,2023-01-22,2023-01-28,6,Rear-End Collision,Minor,4004.73,100000.0,0.04,750.0,5.34,Settled,Low,False,NONE,"Insured vehicle was struck from behind while stationary at a signalized intersection. Rear bumper crushed, trunk lid misaligned, and tail light assemblies shattered. Airbags did not deploy. Claimant reported minor neck stiffness.",Standard verification complete. Estimates match third-party independent inspection. Documentation verified.
CLM-2024-01176,CUST-04995,POL-007897,Auto,2023-01-14,2023-01-19,5,Rear-End Collision,Minor,1117.23,120000.0,0.0093,3000.0,0.37,Settled,Low,False,NONE,"Vehicle was rear-ended in heavy stop-and-go highway traffic. Impact pushed vehicle into leading car, resulting in front and rear fascia damage. Radiator support cracked. Police report filed at scene.",Standard verification complete. Estimates match third-party independent inspection. Documentation verified.
CLM-2024-01177,CUST-00843,POL-001343,Fire,2024-03-30,2024-04-09,10,Kitchen Grease Fire,Major,31965.9,300000.0,0.1066,150.0,213.11,Settled,Medium,False,NONE,"Deep fryer flare-up caused flame spread to kitchen drywall. Heat blistering across ceiling joists. Structural fire damage contained to kitchen area, but substantial soot cleanup needed throughout residence.",Standard verification complete. Estimates match third-party independent inspection. Documentation verified.
CLM-2024-01178,CUST-04419,POL-007001,Fire,2024-07-10,2024-07-19,9,Kitchen Grease Fire,Moderate,16241.28,400000.0,0.0406,350.0,46.4,Settled,Medium,False,NONE,"Unattended cooking oil ignited on stovetop, spreading rapidly to wooden cabinetry and exhaust hood. Fire department responded within 12 minutes. Heavy smoke damage throughout ground floor and water saturation across kitchen subflooring.",Standard verification complete. Estimates match third-party independent inspection. Documentation verified.
CLM-2024-01179,CUST-03039,POL-004861,Fire,2023-05-26,2023-06-07,12,Kitchen Grease Fire,Moderate,20121.3,300000.0,0.0671,150.0,134.14,Settled,Medium,False,NONE,"Unattended cooking oil ignited on stovetop, spreading rapidly to wooden cabinetry and exhaust hood. Fire department responded within 12 minutes. Heavy smoke damage throughout ground floor and water saturation across kitchen subflooring.",Standard verification complete. Estimates match third-party independent inspection. Documentation verified.
CLM-2024-01180,CUST-00596,POL-000952,Fire,2024-01-29,2024-02-01,3,Chimney / Fireplace Thermal Spread,Minor,3460.23,200000.0,0.0173,75.0,46.14,Settled,Low,False,NONE,Creosote buildup in masonry chimney flue sparked internal combustion. Thermal crack allowed embers into attic insulation. Prompt response by local brigade prevented full roof ignition. Flue relining and attic decontamination required.,Standard verification complete. Estimates match third-party independent inspection. Documentation verified.
CLM-2024-01181,CUST-03797,POL-006018,Auto,2024-01-01,2024-01-07,6,Rear-End Collision,Major,11328.14,120000.0,0.0944,3000.0,3.78,Open,Low,False,NONE,"Vehicle was rear-ended in heavy stop-and-go highway traffic. Impact pushed vehicle into leading car, resulting in front and rear fascia damage. Radiator support cracked. Police report filed at scene.",Standard verification complete. Estimates match third-party independent inspection. Documentation verified.
CLM-2024-01182,CUST-03293,POL-005252,Auto,2023-06-04,2023-06-08,4,Intersection T-Bone Impact,Major,42560.47,120000.0,0.3547,3000.0,14.19,Settled,Medium,False,NONE,"Broadside collision at uncontrolled intersection during heavy rain. Front quarter panel, suspension, and steering rack compromised. Vehicle deemed unsafe to drive and towed to certified repair facility.",Standard verification complete. Estimates match third-party independent inspection. Documentation verified.
CLM-2024-01183,CUST-07649,POL-012062,Fire,2023-11-05,2023-11-06,1,Chimney / Fireplace Thermal Spread,Moderate,9531.97,300000.0,0.0318,150.0,63.55,Settled,Low,False,NONE,Creosote buildup in masonry chimney flue sparked internal combustion. Thermal crack allowed embers into attic insulation. Prompt response by local brigade prevented full roof ignition. Flue relining and attic decontamination required.,Standard verification complete. Estimates match third-party independent inspection. Documentation verified.
CLM-2024-01184,CUST-04633,POL-007330,Fire,2023-09-29,2023-10-03,4,Chimney / Fireplace Thermal Spread,Minor,6893.11,400000.0,0.0172,350.0,19.69,Approved,Low,False,NONE,Creosote buildup in masonry chimney flue sparked internal combustion. Thermal crack allowed embers into attic insulation. Prompt response by local brigade prevented full roof ignition. Flue relining and attic decontamination required.,Standard verification complete. Estimates match third-party independent inspection. Documentation verified.
CLM-2024-01185,CUST-08852,POL-014008,Auto,2023-06-01,2023-06-02,1,Catalytic Converter & Component Theft,Moderate,1544.6,120000.0,0.0129,3000.0,0.51,Settled,Low,False,NONE,"Insured discovered vehicle propped on cinder blocks in driveway with all four alloy wheels, tires, and brake assemblies stolen. Ground scuffs along rocker panels.",Standard verification complete. Estimates match third-party independent inspection. Documentation verified.
CLM-2024-01186,CUST-05963,POL-009448,Fire,2023-05-29,2023-06-01,3,Kitchen Grease Fire,Major,37738.12,400000.0,0.0943,350.0,107.82,Settled,Medium,False,NONE,"Unattended cooking oil ignited on stovetop, spreading rapidly to wooden cabinetry and exhaust hood. Fire department responded within 12 minutes. Heavy smoke damage throughout ground floor and water saturation across kitchen subflooring.",Standard verification complete. Estimates match third-party independent inspection. Documentation verified.
CLM-2024-01187,CUST-03964,POL-006268,Auto,2024-02-28,2024-02-29,1,Single Vehicle Roadside Impact,Minor,3719.32,100000.0,0.0372,750.0,4.96,Settled,Low,False,NONE,"Insured swerved to avoid crossing wildlife on unlit rural road, colliding with roadside guardrail. Damage concentrated on driver front bumper, headlight, and wheel arch. No other vehicles involved.",Standard verification complete. Estimates match third-party independent inspection. Documentation verified.
CLM-2024-01188,CUST-08918,POL-014097,Auto,2024-07-03,2024-07-05,2,Intersection T-Bone Impact,Major,29613.24,100000.0,0.2961,750.0,39.48,Settled,Medium,False,NONE,Insured was proceeding on green light when a third-party vehicle failed to yield and impacted the passenger side. Significant structural intrusion along B-pillar and both passenger doors. Side curtain airbags deployed. Tow required.,Standard verification complete. Estimates match third-party independent inspection. Documentation verified.
CLM-2024-01189,CUST-01550,POL-002496,Fire,2023-08-13,2023-08-17,4,Chimney / Fireplace Thermal Spread,Minor,4688.47,400000.0,0.0117,350.0,13.4,Approved,Low,False,NONE,Creosote buildup in masonry chimney flue sparked internal combustion. Thermal crack allowed embers into attic insulation. Prompt response by local brigade prevented full roof ignition. Flue relining and attic decontamination required.,Standard verification complete. Estimates match third-party independent inspection. Documentation verified.
CLM-2024-01190,CUST-08214,POL-012969,Fire,2024-04-30,2024-05-11,11,Kitchen Grease Fire,Moderate,25192.73,400000.0,0.063,350.0,71.98,Approved,Medium,False,NONE,"Unattended cooking oil ignited on stovetop, spreading rapidly to wooden cabinetry and exhaust hood. Fire department responded within 12 minutes. Heavy smoke damage throughout ground floor and water saturation across kitchen subflooring.",Standard verification complete. Estimates match third-party independent inspection. Documentation verified.
CLM-2024-01191,CUST-09308,POL-014740,Auto,2023-05-23,2023-05-26,3,Single Vehicle Roadside Impact,Moderate,5521.23,120000.0,0.046,3000.0,1.84,Open,Low,False,NONE,"Insured swerved to avoid crossing wildlife on unlit rural road, colliding with roadside guardrail. Damage concentrated on driver front bumper, headlight, and wheel arch. No other vehicles involved.",Standard verification complete. Estimates match third-party independent inspection. Documentation verified.
CLM-2024-01192,CUST-02194,POL-003512,Fire,2023-08-04,2023-08-08,4,Kitchen Grease Fire,Moderate,37130.88,400000.0,0.0928,350.0,106.09,Settled,Medium,False,NONE,"Unattended cooking oil ignited on stovetop, spreading rapidly to wooden cabinetry and exhaust hood. Fire department responded within 12 minutes. Heavy smoke damage throughout ground floor and water saturation across kitchen subflooring.",Standard verification complete. Estimates match third-party independent inspection. Documentation verified.
CLM-2024-01193,CUST-07228,POL-011394,Fire,2024-03-10,2024-03-13,3,Electrical Fault Fire,Major,34897.1,300000.0,0.1163,150.0,232.65,Approved,Medium,False,NONE,Overheated breaker panel in basement initiated smoldering fire inside stud wall cavity. Flames traveled upward between floors before breaching living room drywall. Significant structural timber charring and complete electrical overhaul required.,Standard verification complete. Estimates match third-party independent inspection. Documentation verified.
CLM-2024-01194,CUST-00833,POL-001324,Auto,2023-01-31,2023-02-06,6,Intersection T-Bone Impact,Major,9272.5,120000.0,0.0773,3000.0,3.09,Settled,Low,False,NONE,Insured was proceeding on green light when a third-party vehicle failed to yield and impacted the passenger side. Significant structural intrusion along B-pillar and both passenger doors. Side curtain airbags deployed. Tow required.,Standard verification complete. Estimates match third-party independent inspection. Documentation verified.
CLM-2024-01195,CUST-07981,POL-012600,Fire,2023-06-03,2023-06-05,2,Kitchen Grease Fire,Major,56423.84,200000.0,0.2821,75.0,752.32,Settled,Medium,False,NONE,"Unattended cooking oil ignited on stovetop, spreading rapidly to wooden cabinetry and exhaust hood. Fire department responded within 12 minutes. Heavy smoke damage throughout ground floor and water saturation across kitchen subflooring.",Standard verification complete. Estimates match third-party independent inspection. Documentation verified.
CLM-2024-01196,CUST-01826,POL-002936,Auto,2023-12-12,2023-12-16,4,Catalytic Converter & Component Theft,Minor,1062.1,120000.0,0.0089,3000.0,0.35,Settled,Low,False,NONE,"Insured discovered vehicle propped on cinder blocks in driveway with all four alloy wheels, tires, and brake assemblies stolen. Ground scuffs along rocker panels.",Standard verification complete. Estimates match third-party independent inspection. Documentation verified.
CLM-2024-01197,CUST-02424,POL-003848,Boat,2023-06-27,2023-07-05,8,Submerged Hazard & Hull Puncture,Moderate,23180.92,128000.0,0.1811,350.0,66.23,Open,Medium,False,NONE,"Twin outboard lower gearcases struck submerged rock ledge at cruising speed. Both skegs sheared, stainless steel propellers mangled, and drive shafts warped. Mechanical survey confirms complete lower unit replacements.",Standard verification complete. Estimates match third-party independent inspection. Documentation verified.
CLM-2024-01198,CUST-09370,POL-014835,Fire,2023-09-22,2023-09-24,2,Chimney / Fireplace Thermal Spread,Moderate,5293.11,200000.0,0.0265,75.0,70.57,Under Investigation,Low,False,NONE,Creosote buildup in masonry chimney flue sparked internal combustion. Thermal crack allowed embers into attic insulation. Prompt response by local brigade prevented full roof ignition. Flue relining and attic decontamination required.,Standard verification complete. Estimates match third-party independent inspection. Documentation verified.
CLM-2024-01199,CUST-04051,POL-006416,Fire,2023-05-09,2023-05-23,14,Chimney / Fireplace Thermal Spread,Minor,4162.34,400000.0,0.0104,350.0,11.89,Settled,Low,False,NONE,Creosote buildup in masonry chimney flue sparked internal combustion. Thermal crack allowed embers into attic insulation. Prompt response by local brigade prevented full roof ignition. Flue relining and attic decontamination required.,Standard verification complete. Estimates match third-party independent inspection. Documentation verified.
CLM-2024-01200,CUST-08654,POL-013695,Fire,2024-07-26,2024-07-31,5,Chimney / Fireplace Thermal Spread,Minor,7950.99,300000.0,0.0265,150.0,53.01,Settled,Low,False,NONE,Creosote buildup in masonry chimney flue sparked internal combustion. Thermal crack allowed embers into attic insulation. Prompt response by local brigade prevented full roof ignition. Flue relining and attic decontamination required.,Standard verification complete. Estimates match third-party independent inspection. Documentation verified.
CLM-2024-01201,CUST-07601,POL-011983,Fire,2023-02-25,2023-02-27,2,Electrical Fault Fire,Total Loss,66312.06,400000.0,0.1658,350.0,189.46,Settled,Medium,False,NONE,Overheated breaker panel in basement initiated smoldering fire inside stud wall cavity. Flames traveled upward between floors before breaching living room drywall. Significant structural timber charring and complete electrical overhaul required.,Standard verification complete. Estimates match third-party independent inspection. Documentation verified.
CLM-2024-01202,CUST-06537,POL-010321,Auto,2023-12-10,2023-12-16,6,Rear-End Collision,Minor,1193.36,100000.0,0.0119,750.0,1.59,Settled,Low,False,NONE,"Vehicle was rear-ended in heavy stop-and-go highway traffic. Impact pushed vehicle into leading car, resulting in front and rear fascia damage. Radiator support cracked. Police report filed at scene.",Standard verification complete. Estimates match third-party independent inspection. Documentation verified.
CLM-2024-01203,CUST-06414,POL-010146,Auto,2023-11-13,2023-11-25,12,Inflated Water Restoration,Major,82473.0,120000.0,0.6873,3000.0,27.49,Under Investigation,High,True,INFLATED_WATER_REPAIR,"Claim submitted for sudden pipe rupture in unoccupied guest wing. Restoration contractor billed 24 industrial air movers and 6 commercial dehumidifiers for 21 days continuously, exceeding standard mitigation duration by 400%. Demolition invoices include pre-existing renovation materials not damaged by water.",SIU Audit Triggered: Indicator matches INFLATED_WATER_REPAIR. Significant inconsistencies in physical damage inspection vs reported narrative.
CLM-2024-01204,CUST-01814,POL-002917,Auto,2023-10-03,2023-10-15,12,Suspicious Multi-Party Collision,Major,91515.58,140000.0,0.6537,7500.0,12.2,Under Investigation,High,True,STAGED_COLLISION_RING,Insured vehicle alleged sudden brake event leading to rear collision with third-party vehicle occupied by 4 unbelted passengers. All occupants retained same legal counsel and clinic on same business day. Identical soft tissue injury claims submitted. Vehicle damage pattern inconsistent with described low-speed impact velocity.,SIU Audit Triggered: Indicator matches STAGED_COLLISION_RING. Significant inconsistencies in physical damage inspection vs reported narrative.
CLM-2024-01205,CUST-00673,POL-001063,Fire,2023-02-16,2023-02-19,3,Kitchen Grease Fire,Major,13403.63,200000.0,0.067,75.0,178.72,Settled,Medium,False,NONE,"Unattended cooking oil ignited on stovetop, spreading rapidly to wooden cabinetry and exhaust hood. Fire department responded within 12 minutes. Heavy smoke damage throughout ground floor and water saturation across kitchen subflooring.",Standard verification complete. Estimates match third-party independent inspection. Documentation verified.
CLM-2024-01206,CUST-04917,POL-007768,Fire,2024-02-12,2024-02-14,2,Chimney / Fireplace Thermal Spread,Minor,8023.04,400000.0,0.0201,350.0,22.92,Under Investigation,Low,False,NONE,Creosote buildup in masonry chimney flue sparked internal combustion. Thermal crack allowed embers into attic insulation. Prompt response by local brigade prevented full roof ignition. Flue relining and attic decontamination required.,Standard verification complete. Estimates match third-party independent inspection. Documentation verified.
CLM-2024-01207,CUST-05907,POL-009364,Fire,2023-04-10,2023-04-14,4,Electrical Fault Fire,Total Loss,180877.84,400000.0,0.4522,350.0,516.79,Settled,Medium,False,NONE,Overheated breaker panel in basement initiated smoldering fire inside stud wall cavity. Flames traveled upward between floors before breaching living room drywall. Significant structural timber charring and complete electrical overhaul required.,Standard verification complete. Estimates match third-party independent inspection. Documentation verified.
CLM-2024-01208,CUST-04537,POL-007197,Caravan,2024-05-03,2024-05-06,3,Storm Hail and Tree Branch Impact,Moderate,6506.22,17500.0,0.3718,25.0,260.25,Open,Low,False,NONE,"Severe thunderstorm brought 2-inch hail and fallen pine limb onto mobile home aluminum roof. Punctured roof membrane, shattered skylight, and caused interior water intrusion onto living area carpet.",Standard verification complete. Estimates match third-party independent inspection. Documentation verified.
CLM-2024-01209,CUST-04672,POL-007400,Auto,2023-08-26,2023-08-27,1,Inflated Water Restoration,Moderate,83684.0,120000.0,0.6974,3000.0,27.89,Under Investigation,High,True,INFLATED_WATER_REPAIR,"Claim submitted for sudden pipe rupture in unoccupied guest wing. Restoration contractor billed 24 industrial air movers and 6 commercial dehumidifiers for 21 days continuously, exceeding standard mitigation duration by 400%. Demolition invoices include pre-existing renovation materials not damaged by water.",Policy Inception Audit: High-severity claim filed immediately following policy coverage modification.
CLM-2024-01210,CUST-09233,POL-014595,Auto,2024-06-19,2024-07-01,12,Single Vehicle Roadside Impact,Moderate,3715.52,120000.0,0.031,3000.0,1.24,Approved,Low,False,NONE,"Insured swerved to avoid crossing wildlife on unlit rural road, colliding with roadside guardrail. Damage concentrated on driver front bumper, headlight, and wheel arch. No other vehicles involved.",Standard verification complete. Estimates match third-party independent inspection. Documentation verified.
CLM-2024-01211,CUST-05173,POL-008191,Fire,2024-02-01,2024-02-07,6,Kitchen Grease Fire,Moderate,31466.86,400000.0,0.0787,350.0,89.91,Under Investigation,Medium,False,NONE,"Unattended cooking oil ignited on stovetop, spreading rapidly to wooden cabinetry and exhaust hood. Fire department responded within 12 minutes. Heavy smoke damage throughout ground floor and water saturation across kitchen subflooring.",Standard verification complete. Estimates match third-party independent inspection. Documentation verified.
CLM-2024-01212,CUST-08185,POL-012907,Fire,2023-01-16,2023-02-07,22,Suspicious Early Inception Fire,Major,193863.37,300000.0,0.6462,150.0,1292.42,Under Investigation,High,True,RECENT_COVERAGE_SPIKE_FIRE,"Commercial property fire reported 9 days following policy contribution upgrade. Fire originated in storage room with two distinct, unlinked burn patterns detected by arson investigator. Stock inventory records requested but claimant unable to provide supporting receipts or tax filings.",SIU Audit Triggered: Indicator matches RECENT_COVERAGE_SPIKE_FIRE. Significant inconsistencies in physical damage inspection vs reported narrative.
CLM-2024-01213,CUST-04409,POL-006978,Auto,2023-03-31,2023-04-18,18,Catalytic Converter & Component Theft,Minor,2594.78,120000.0,0.0216,3000.0,0.86,Settled,Low,False,NONE,"Insured discovered vehicle propped on cinder blocks in driveway with all four alloy wheels, tires, and brake assemblies stolen. Ground scuffs along rocker panels.",Standard verification complete. Estimates match third-party independent inspection. Documentation verified.
CLM-2024-01214,CUST-05353,POL-008495,Auto,2024-01-08,2024-01-27,19,Single Vehicle Roadside Impact,Minor,4192.6,100000.0,0.0419,750.0,5.59,Settled,Low,False,NONE,"Insured swerved to avoid crossing wildlife on unlit rural road, colliding with roadside guardrail. Damage concentrated on driver front bumper, headlight, and wheel arch. No other vehicles involved.",Standard verification complete. Estimates match third-party independent inspection. Documentation verified.
CLM-2024-01215,CUST-02956,POL-004728,Fire,2023-09-20,2023-09-23,3,Electrical Fault Fire,Major,99175.58,400000.0,0.2479,350.0,283.36,Settled,Medium,False,NONE,Overheated breaker panel in basement initiated smoldering fire inside stud wall cavity. Flames traveled upward between floors before breaching living room drywall. Significant structural timber charring and complete electrical overhaul required.,Standard verification complete. Estimates match third-party independent inspection. Documentation verified.
CLM-2024-01216,CUST-07207,POL-011363,Auto,2024-02-23,2024-02-27,4,Intersection T-Bone Impact,Major,40847.97,120000.0,0.3404,3000.0,13.62,Settled,Medium,False,NONE,"Broadside collision at uncontrolled intersection during heavy rain. Front quarter panel, suspension, and steering rack compromised. Vehicle deemed unsafe to drive and towed to certified repair facility.",Standard verification complete. Estimates match third-party independent inspection. Documentation verified.
CLM-2024-01217,CUST-04358,POL-006898,Fire,2024-02-28,2024-03-11,12,Suspicious Early Inception Fire,Moderate,23857.45,400000.0,0.0596,350.0,68.16,Settled,High,True,RECENT_COVERAGE_SPIKE_FIRE,"Commercial property fire reported 9 days following policy contribution upgrade. Fire originated in storage room with two distinct, unlinked burn patterns detected by arson investigator. Stock inventory records requested but claimant unable to provide supporting receipts or tax filings.",Potential Billing Discrepancy: Itemized labor and parts estimates exceed regional peer averages by 25-40%.
CLM-2024-01218,CUST-01303,POL-002094,Auto,2023-09-08,2023-09-12,4,Suspicious Multi-Party Collision,Moderate,27437.12,120000.0,0.2286,3000.0,9.15,Open,High,True,STAGED_COLLISION_RING,Insured vehicle alleged sudden brake event leading to rear collision with third-party vehicle occupied by 4 unbelted passengers. All occupants retained same legal counsel and clinic on same business day. Identical soft tissue injury claims submitted. Vehicle damage pattern inconsistent with described low-speed impact velocity.,Potential Billing Discrepancy: Itemized labor and parts estimates exceed regional peer averages by 25-40%.
CLM-2024-01219,CUST-09015,POL-014242,Auto,2024-08-06,2024-08-07,1,Catalytic Converter & Component Theft,Minor,1629.54,120000.0,0.0136,3000.0,0.54,Settled,Low,False,NONE,Vehicle parked overnight in commuter lot. Exhaust system severed cleanly beneath chassis and catalytic converter removed. Oxygen sensors stripped. Comprehensive theft claim submitted with police report number.,Standard verification complete. Estimates match third-party independent inspection. Documentation verified.
CLM-2024-01220,CUST-05613,POL-008897,Auto,2024-07-01,2024-07-05,4,Catalytic Converter & Component Theft,Minor,1126.14,100000.0,0.0113,750.0,1.5,Open,Low,False,NONE,Vehicle parked overnight in commuter lot. Exhaust system severed cleanly beneath chassis and catalytic converter removed. Oxygen sensors stripped. Comprehensive theft claim submitted with police report number.,Standard verification complete. Estimates match third-party independent inspection. Documentation verified.
CLM-2024-01221,CUST-03057,POL-004888,Auto,2024-03-19,2024-03-31,12,Intersection T-Bone Impact,Major,24782.41,120000.0,0.2065,3000.0,8.26,Settled,Medium,False,NONE,"Broadside collision at uncontrolled intersection during heavy rain. Front quarter panel, suspension, and steering rack compromised. Vehicle deemed unsafe to drive and towed to certified repair facility.",Standard verification complete. Estimates match third-party independent inspection. Documentation verified.
CLM-2024-01222,CUST-00046,POL-000077,Caravan,2024-05-02,2024-05-05,3,Storm Hail and Tree Branch Impact,Moderate,3254.13,17500.0,0.186,25.0,130.17,Settled,Low,False,NONE,High winds at holiday park caused awning detachment and side panel punctures. Water entered electrical breaker enclosure.,Standard verification complete. Estimates match third-party independent inspection. Documentation verified.
CLM-2024-01223,CUST-06846,POL-010797,Auto,2023-11-24,2023-11-25,1,Rear-End Collision,Major,10739.49,120000.0,0.0895,3000.0,3.58,Approved,Low,False,NONE,"Vehicle was rear-ended in heavy stop-and-go highway traffic. Impact pushed vehicle into leading car, resulting in front and rear fascia damage. Radiator support cracked. Police report filed at scene.",Standard verification complete. Estimates match third-party independent inspection. Documentation verified.
CLM-2024-01224,CUST-08943,POL-014142,Auto,2023-08-07,2023-08-10,3,Rear-End Collision,Minor,3884.45,100000.0,0.0388,750.0,5.18,Settled,Low,False,NONE,"Insured vehicle was struck from behind while stationary at a signalized intersection. Rear bumper crushed, trunk lid misaligned, and tail light assemblies shattered. Airbags did not deploy. Claimant reported minor neck stiffness.",Standard verification complete. Estimates match third-party independent inspection. Documentation verified.
CLM-2024-01225,CUST-03071,POL-004904,Fire,2023-03-27,2023-03-29,2,Kitchen Grease Fire,Moderate,20204.78,400000.0,0.0505,350.0,57.73,Approved,Medium,False,NONE,"Deep fryer flare-up caused flame spread to kitchen drywall. Heat blistering across ceiling joists. Structural fire damage contained to kitchen area, but substantial soot cleanup needed throughout residence.",Standard verification complete. Estimates match third-party independent inspection. Documentation verified.
CLM-2024-01226,CUST-00733,POL-001158,Auto,2024-06-21,2024-06-27,6,Intersection T-Bone Impact,Total Loss,13539.77,120000.0,0.1128,3000.0,4.51,Open,Medium,False,NONE,"Broadside collision at uncontrolled intersection during heavy rain. Front quarter panel, suspension, and steering rack compromised. Vehicle deemed unsafe to drive and towed to certified repair facility.",Standard verification complete. Estimates match third-party independent inspection. Documentation verified.
CLM-2024-01227,CUST-09797,POL-015499,Auto,2023-11-01,2023-11-03,2,Intersection T-Bone Impact,Moderate,16928.22,120000.0,0.1411,3000.0,5.64,Settled,Medium,False,NONE,"Broadside collision at uncontrolled intersection during heavy rain. Front quarter panel, suspension, and steering rack compromised. Vehicle deemed unsafe to drive and towed to certified repair facility.",Standard verification complete. Estimates match third-party independent inspection. Documentation verified.
CLM-2024-01228,CUST-05308,POL-008413,Caravan,2024-03-23,2024-04-15,23,Storm Hail and Tree Branch Impact,Moderate,13125.0,17500.0,0.75,25.0,525.0,Settled,Medium,False,NONE,"Severe thunderstorm brought 2-inch hail and fallen pine limb onto mobile home aluminum roof. Punctured roof membrane, shattered skylight, and caused interior water intrusion onto living area carpet.",Standard verification complete. Estimates match third-party independent inspection. Documentation verified.
CLM-2024-01229,CUST-09520,POL-015058,Auto,2024-08-15,2024-08-16,1,Intersection T-Bone Impact,Major,97653.05,120000.0,0.8138,3000.0,32.55,Open,Medium,False,NONE,"Broadside collision at uncontrolled intersection during heavy rain. Front quarter panel, suspension, and steering rack compromised. Vehicle deemed unsafe to drive and towed to certified repair facility.","Comprehensive field adjuster verification complete. Police report, independent surveyor report, and official repair bids on file. Verified genuine catastrophic loss."
CLM-2024-01230,CUST-07639,POL-012041,Fire,2023-11-21,2023-12-03,12,Kitchen Grease Fire,Major,13130.9,300000.0,0.0438,150.0,87.54,Settled,Medium,False,NONE,"Deep fryer flare-up caused flame spread to kitchen drywall. Heat blistering across ceiling joists. Structural fire damage contained to kitchen area, but substantial soot cleanup needed throughout residence.",Standard verification complete. Estimates match third-party independent inspection. Documentation verified.
CLM-2024-01231,CUST-06447,POL-010195,Auto,2023-05-09,2023-06-05,27,Catalytic Converter & Component Theft,Minor,2529.42,100000.0,0.0253,750.0,3.37,Settled,Low,False,NONE,Vehicle parked overnight in commuter lot. Exhaust system severed cleanly beneath chassis and catalytic converter removed. Oxygen sensors stripped. Comprehensive theft claim submitted with police report number.,Standard verification complete. Estimates match third-party independent inspection. Documentation verified.
CLM-2024-01232,CUST-02938,POL-004694,Auto,2023-06-20,2023-06-21,1,Catalytic Converter & Component Theft,Minor,835.03,120000.0,0.007,3000.0,0.28,Approved,Low,False,NONE,"Insured discovered vehicle propped on cinder blocks in driveway with all four alloy wheels, tires, and brake assemblies stolen. Ground scuffs along rocker panels.",Standard verification complete. Estimates match third-party independent inspection. Documentation verified.
CLM-2024-01233,CUST-02930,POL-004682,Fire,2024-01-15,2024-01-30,15,Electrical Fault Fire,Major,109340.95,200000.0,0.5467,75.0,1457.88,Approved,Medium,False,NONE,Faulty space heater wiring ignited living room drapery while residents were asleep. Smoke detectors alerted occupants. Fire caused severe burn-through of roof rafters and extensive water damage from fire brigade hoses.,Standard verification complete. Estimates match third-party independent inspection. Documentation verified.
CLM-2024-01234,CUST-05985,POL-009476,Auto,2024-04-11,2024-05-07,26,Catalytic Converter & Component Theft,Moderate,2969.52,120000.0,0.0247,3000.0,0.99,Settled,Low,False,NONE,"Insured discovered vehicle propped on cinder blocks in driveway with all four alloy wheels, tires, and brake assemblies stolen. Ground scuffs along rocker panels.",Standard verification complete. Estimates match third-party independent inspection. Documentation verified.
CLM-2024-01235,CUST-06444,POL-010191,Fire,2023-04-27,2023-05-01,4,Kitchen Grease Fire,Major,45949.82,300000.0,0.1532,150.0,306.33,Settled,Medium,False,NONE,"Deep fryer flare-up caused flame spread to kitchen drywall. Heat blistering across ceiling joists. Structural fire damage contained to kitchen area, but substantial soot cleanup needed throughout residence.",Standard verification complete. Estimates match third-party independent inspection. Documentation verified.
CLM-2024-01236,CUST-06966,POL-010988,Caravan,2023-10-19,2023-10-22,3,Storm Hail and Tree Branch Impact,Moderate,11020.78,17500.0,0.6298,25.0,440.83,Settled,Low,False,NONE,"Severe thunderstorm brought 2-inch hail and fallen pine limb onto mobile home aluminum roof. Punctured roof membrane, shattered skylight, and caused interior water intrusion onto living area carpet.",Standard verification complete. Estimates match third-party independent inspection. Documentation verified.
CLM-2024-01237,CUST-03265,POL-005217,Auto,2024-02-26,2024-03-02,5,Rear-End Collision,Moderate,4257.49,120000.0,0.0355,3000.0,1.42,Approved,Low,False,NONE,"Insured vehicle was struck from behind while stationary at a signalized intersection. Rear bumper crushed, trunk lid misaligned, and tail light assemblies shattered. Airbags did not deploy. Claimant reported minor neck stiffness.",Standard verification complete. Estimates match third-party independent inspection. Documentation verified.
CLM-2024-01238,CUST-02710,POL-004327,Fire,2024-03-06,2024-03-07,1,Kitchen Grease Fire,Moderate,12983.36,300000.0,0.0433,150.0,86.56,Approved,Medium,False,NONE,"Deep fryer flare-up caused flame spread to kitchen drywall. Heat blistering across ceiling joists. Structural fire damage contained to kitchen area, but substantial soot cleanup needed throughout residence.",Standard verification complete. Estimates match third-party independent inspection. Documentation verified.
CLM-2024-01239,CUST-07146,POL-011274,Auto,2023-12-26,2023-12-28,2,Catalytic Converter & Component Theft,Moderate,1291.14,120000.0,0.0108,3000.0,0.43,Settled,Low,False,NONE,"Insured discovered vehicle propped on cinder blocks in driveway with all four alloy wheels, tires, and brake assemblies stolen. Ground scuffs along rocker panels.",Standard verification complete. Estimates match third-party independent inspection. Documentation verified.
CLM-2024-01240,CUST-01887,POL-003022,Fire,2023-09-28,2023-10-05,7,Electrical Fault Fire,Total Loss,327268.27,400000.0,0.8182,350.0,935.05,Settled,Medium,False,NONE,Overheated breaker panel in basement initiated smoldering fire inside stud wall cavity. Flames traveled upward between floors before breaching living room drywall. Significant structural timber charring and complete electrical overhaul required.,"Comprehensive field adjuster verification complete. Police report, independent surveyor report, and official repair bids on file. Verified genuine catastrophic loss."
CLM-2024-01241,CUST-04654,POL-007367,Fire,2024-01-19,2024-01-20,1,Suspicious Early Inception Fire,Major,73632.86,200000.0,0.3682,75.0,981.77,Under Investigation,High,True,RECENT_COVERAGE_SPIKE_FIRE,"Commercial property fire reported 9 days following policy contribution upgrade. Fire originated in storage room with two distinct, unlinked burn patterns detected by arson investigator. Stock inventory records requested but claimant unable to provide supporting receipts or tax filings.",Policy Inception Audit: High-severity claim filed immediately following policy coverage modification.
CLM-2024-01242,CUST-08496,POL-013428,Auto,2024-03-16,2024-03-24,8,Intersection T-Bone Impact,Total Loss,49504.53,120000.0,0.4125,3000.0,16.5,Approved,Medium,False,NONE,"Broadside collision at uncontrolled intersection during heavy rain. Front quarter panel, suspension, and steering rack compromised. Vehicle deemed unsafe to drive and towed to certified repair facility.",Standard verification complete. Estimates match third-party independent inspection. Documentation verified.
CLM-2024-01243,CUST-02255,POL-003589,Fire,2024-08-14,2024-08-20,6,Electrical Fault Fire,Major,67524.18,300000.0,0.2251,150.0,450.16,Open,Medium,False,NONE,Faulty space heater wiring ignited living room drapery while residents were asleep. Smoke detectors alerted occupants. Fire caused severe burn-through of roof rafters and extensive water damage from fire brigade hoses.,Standard verification complete. Estimates match third-party independent inspection. Documentation verified.
CLM-2024-01244,CUST-04070,POL-006447,Auto,2024-03-23,2024-03-27,4,Intersection T-Bone Impact,Moderate,18510.27,120000.0,0.1543,3000.0,6.17,Approved,Medium,False,NONE,Insured was proceeding on green light when a third-party vehicle failed to yield and impacted the passenger side. Significant structural intrusion along B-pillar and both passenger doors. Side curtain airbags deployed. Tow required.,Standard verification complete. Estimates match third-party independent inspection. Documentation verified.
CLM-2024-01245,CUST-05021,POL-007942,Fire,2023-09-24,2023-10-02,8,Chimney / Fireplace Thermal Spread,Minor,3156.95,200000.0,0.0158,75.0,42.09,Settled,Low,False,NONE,Creosote buildup in masonry chimney flue sparked internal combustion. Thermal crack allowed embers into attic insulation. Prompt response by local brigade prevented full roof ignition. Flue relining and attic decontamination required.,Standard verification complete. Estimates match third-party independent inspection. Documentation verified.
CLM-2024-01246,CUST-07501,POL-011809,Auto,2023-06-06,2023-06-17,11,Rear-End Collision,Major,1905.86,120000.0,0.0159,3000.0,0.64,Approved,Low,False,NONE,"Insured vehicle was struck from behind while stationary at a signalized intersection. Rear bumper crushed, trunk lid misaligned, and tail light assemblies shattered. Airbags did not deploy. Claimant reported minor neck stiffness.",Standard verification complete. Estimates match third-party independent inspection. Documentation verified.
CLM-2024-01247,CUST-05876,POL-009324,Auto,2024-01-02,2024-01-03,1,Intersection T-Bone Impact,Moderate,19044.57,120000.0,0.1587,3000.0,6.35,Settled,Medium,False,NONE,Insured was proceeding on green light when a third-party vehicle failed to yield and impacted the passenger side. Significant structural intrusion along B-pillar and both passenger doors. Side curtain airbags deployed. Tow required.,Standard verification complete. Estimates match third-party independent inspection. Documentation verified.
CLM-2024-01248,CUST-04466,POL-007090,Auto,2024-01-23,2024-01-25,2,Single Vehicle Roadside Impact,Minor,1903.58,100000.0,0.019,750.0,2.54,Settled,Low,False,NONE,Loss of traction on black ice caused vehicle to slide into concrete median barrier. Front subframe and wheel rim cracked. No injuries reported.,Standard verification complete. Estimates match third-party independent inspection. Documentation verified.
CLM-2024-01249,CUST-00724,POL-001144,Auto,2023-04-16,2023-04-22,6,Rear-End Collision,Moderate,2922.17,120000.0,0.0244,3000.0,0.97,Open,Low,False,NONE,"Insured vehicle was struck from behind while stationary at a signalized intersection. Rear bumper crushed, trunk lid misaligned, and tail light assemblies shattered. Airbags did not deploy. Claimant reported minor neck stiffness.",Standard verification complete. Estimates match third-party independent inspection. Documentation verified.
CLM-2024-01250,CUST-00829,POL-001312,Auto,2024-05-21,2024-05-23,2,Inflated Water Restoration,Major,34026.87,100000.0,0.3403,750.0,45.37,Under Investigation,High,True,INFLATED_WATER_REPAIR,"Claim submitted for sudden pipe rupture in unoccupied guest wing. Restoration contractor billed 24 industrial air movers and 6 commercial dehumidifiers for 21 days continuously, exceeding standard mitigation duration by 400%. Demolition invoices include pre-existing renovation materials not damaged by water.",Policy Inception Audit: High-severity claim filed immediately following policy coverage modification.
CLM-2024-01251,CUST-05477,POL-008678,Auto,2024-02-28,2024-02-29,1,Rear-End Collision,Moderate,3625.59,100000.0,0.0363,750.0,4.83,Open,Low,False,NONE,"Insured vehicle was struck from behind while stationary at a signalized intersection. Rear bumper crushed, trunk lid misaligned, and tail light assemblies shattered. Airbags did not deploy. Claimant reported minor neck stiffness.",Standard verification complete. Estimates match third-party independent inspection. Documentation verified.
CLM-2024-01252,CUST-03966,POL-006274,Auto,2024-04-06,2024-04-10,4,Intersection T-Bone Impact,Moderate,8801.9,100000.0,0.088,750.0,11.74,Settled,Low,False,NONE,"Broadside collision at uncontrolled intersection during heavy rain. Front quarter panel, suspension, and steering rack compromised. Vehicle deemed unsafe to drive and towed to certified repair facility.",Standard verification complete. Estimates match third-party independent inspection. Documentation verified.
CLM-2024-01253,CUST-08029,POL-012674,Fire,2023-02-02,2023-02-05,3,Kitchen Grease Fire,Major,55962.98,400000.0,0.1399,350.0,159.89,Settled,Medium,False,NONE,"Deep fryer flare-up caused flame spread to kitchen drywall. Heat blistering across ceiling joists. Structural fire damage contained to kitchen area, but substantial soot cleanup needed throughout residence.",Standard verification complete. Estimates match third-party independent inspection. Documentation verified.
CLM-2024-01254,CUST-01935,POL-003097,Fire,2023-09-18,2023-09-24,6,Kitchen Grease Fire,Moderate,33694.08,200000.0,0.1685,75.0,449.25,Approved,Medium,False,NONE,"Unattended cooking oil ignited on stovetop, spreading rapidly to wooden cabinetry and exhaust hood. Fire department responded within 12 minutes. Heavy smoke damage throughout ground floor and water saturation across kitchen subflooring.",Standard verification complete. Estimates match third-party independent inspection. Documentation verified.
CLM-2024-01255,CUST-03796,POL-006017,Auto,2024-01-09,2024-01-13,4,Rear-End Collision,Minor,1984.04,100000.0,0.0198,750.0,2.65,Approved,Low,False,NONE,"Insured vehicle was struck from behind while stationary at a signalized intersection. Rear bumper crushed, trunk lid misaligned, and tail light assemblies shattered. Airbags did not deploy. Claimant reported minor neck stiffness.",Standard verification complete. Estimates match third-party independent inspection. Documentation verified.
CLM-2024-01256,CUST-03284,POL-005242,Fire,2023-10-02,2023-10-11,9,Electrical Fault Fire,Total Loss,132573.38,300000.0,0.4419,150.0,883.82,Settled,Medium,False,NONE,Overheated breaker panel in basement initiated smoldering fire inside stud wall cavity. Flames traveled upward between floors before breaching living room drywall. Significant structural timber charring and complete electrical overhaul required.,Standard verification complete. Estimates match third-party independent inspection. Documentation verified.
CLM-2024-01257,CUST-03059,POL-004889,Auto,2024-05-22,2024-05-26,4,Catalytic Converter & Component Theft,Moderate,1906.0,120000.0,0.0159,3000.0,0.64,Approved,Low,False,NONE,Vehicle parked overnight in commuter lot. Exhaust system severed cleanly beneath chassis and catalytic converter removed. Oxygen sensors stripped. Comprehensive theft claim submitted with police report number.,Standard verification complete. Estimates match third-party independent inspection. Documentation verified.
CLM-2024-01258,CUST-08157,POL-012865,Auto,2024-02-07,2024-02-19,12,Rear-End Collision,Major,4860.0,120000.0,0.0405,3000.0,1.62,Approved,Low,False,NONE,"Vehicle was rear-ended in heavy stop-and-go highway traffic. Impact pushed vehicle into leading car, resulting in front and rear fascia damage. Radiator support cracked. Police report filed at scene.",Standard verification complete. Estimates match third-party independent inspection. Documentation verified.
CLM-2024-01259,CUST-01137,POL-001834,Fire,2024-04-01,2024-04-13,12,Electrical Fault Fire,Total Loss,161966.36,400000.0,0.4049,350.0,462.76,Settled,Medium,False,NONE,Faulty space heater wiring ignited living room drapery while residents were asleep. Smoke detectors alerted occupants. Fire caused severe burn-through of roof rafters and extensive water damage from fire brigade hoses.,Standard verification complete. Estimates match third-party independent inspection. Documentation verified.
CLM-2024-01260,CUST-03738,POL-005928,Fire,2024-01-18,2024-01-19,1,Chimney / Fireplace Thermal Spread,Minor,2835.07,300000.0,0.0095,150.0,18.9,Settled,Low,False,NONE,Creosote buildup in masonry chimney flue sparked internal combustion. Thermal crack allowed embers into attic insulation. Prompt response by local brigade prevented full roof ignition. Flue relining and attic decontamination required.,Standard verification complete. Estimates match third-party independent inspection. Documentation verified.
CLM-2024-01261,CUST-07793,POL-012305,Fire,2023-10-28,2023-11-03,6,Chimney / Fireplace Thermal Spread,Moderate,6648.81,400000.0,0.0166,350.0,19.0,Settled,Low,False,NONE,Creosote buildup in masonry chimney flue sparked internal combustion. Thermal crack allowed embers into attic insulation. Prompt response by local brigade prevented full roof ignition. Flue relining and attic decontamination required.,Standard verification complete. Estimates match third-party independent inspection. Documentation verified.
CLM-2024-01262,CUST-09029,POL-014270,Fire,2024-01-02,2024-01-06,4,Kitchen Grease Fire,Moderate,16804.31,300000.0,0.056,150.0,112.03,Approved,Medium,False,NONE,"Unattended cooking oil ignited on stovetop, spreading rapidly to wooden cabinetry and exhaust hood. Fire department responded within 12 minutes. Heavy smoke damage throughout ground floor and water saturation across kitchen subflooring.",Standard verification complete. Estimates match third-party independent inspection. Documentation verified.
CLM-2024-01263,CUST-06101,POL-009668,Caravan,2023-11-23,2023-12-02,9,Storm Hail and Tree Branch Impact,Moderate,12233.28,17500.0,0.699,25.0,489.33,Open,Medium,False,NONE,"Severe thunderstorm brought 2-inch hail and fallen pine limb onto mobile home aluminum roof. Punctured roof membrane, shattered skylight, and caused interior water intrusion onto living area carpet.",Standard verification complete. Estimates match third-party independent inspection. Documentation verified.
CLM-2024-01264,CUST-05370,POL-008518,Caravan,2024-01-30,2024-02-10,11,Storm Hail and Tree Branch Impact,Minor,2529.53,17500.0,0.1445,25.0,101.18,Settled,Low,False,NONE,"Severe thunderstorm brought 2-inch hail and fallen pine limb onto mobile home aluminum roof. Punctured roof membrane, shattered skylight, and caused interior water intrusion onto living area carpet.",Standard verification complete. Estimates match third-party independent inspection. Documentation verified.
CLM-2024-01265,CUST-03196,POL-005101,Fire,2023-03-18,2023-03-25,7,Chimney / Fireplace Thermal Spread,Moderate,8183.15,400000.0,0.0205,350.0,23.38,Settled,Low,False,NONE,Creosote buildup in masonry chimney flue sparked internal combustion. Thermal crack allowed embers into attic insulation. Prompt response by local brigade prevented full roof ignition. Flue relining and attic decontamination required.,Standard verification complete. Estimates match third-party independent inspection. Documentation verified.
CLM-2024-01266,CUST-04324,POL-006846,Fire,2024-05-25,2024-05-30,5,Kitchen Grease Fire,Major,41121.16,400000.0,0.1028,350.0,117.49,Settled,Medium,False,NONE,"Deep fryer flare-up caused flame spread to kitchen drywall. Heat blistering across ceiling joists. Structural fire damage contained to kitchen area, but substantial soot cleanup needed throughout residence.",Standard verification complete. Estimates match third-party independent inspection. Documentation verified.
CLM-2024-01267,CUST-01242,POL-001991,Auto,2023-08-31,2023-09-07,7,Rear-End Collision,Moderate,7267.55,100000.0,0.0727,750.0,9.69,Under Investigation,Low,False,NONE,"Insured vehicle was struck from behind while stationary at a signalized intersection. Rear bumper crushed, trunk lid misaligned, and tail light assemblies shattered. Airbags did not deploy. Claimant reported minor neck stiffness.",Standard verification complete. Estimates match third-party independent inspection. Documentation verified.
CLM-2024-01268,CUST-04086,POL-006476,Auto,2023-10-19,2023-10-21,2,Intersection T-Bone Impact,Major,44900.1,100000.0,0.449,750.0,59.87,Settled,Medium,False,NONE,Insured was proceeding on green light when a third-party vehicle failed to yield and impacted the passenger side. Significant structural intrusion along B-pillar and both passenger doors. Side curtain airbags deployed. Tow required.,Standard verification complete. Estimates match third-party independent inspection. Documentation verified.
CLM-2024-01269,CUST-04027,POL-006370,Auto,2023-03-13,2023-03-17,4,Catalytic Converter & Component Theft,Minor,1328.15,120000.0,0.0111,3000.0,0.44,Approved,Low,False,NONE,"Insured discovered vehicle propped on cinder blocks in driveway with all four alloy wheels, tires, and brake assemblies stolen. Ground scuffs along rocker panels.",Standard verification complete. Estimates match third-party independent inspection. Documentation verified.
CLM-2024-01270,CUST-01370,POL-002199,Fire,2024-07-23,2024-07-24,1,Electrical Fault Fire,Total Loss,179302.49,400000.0,0.4483,350.0,512.29,Settled,Medium,False,NONE,Overheated breaker panel in basement initiated smoldering fire inside stud wall cavity. Flames traveled upward between floors before breaching living room drywall. Significant structural timber charring and complete electrical overhaul required.,Standard verification complete. Estimates match third-party independent inspection. Documentation verified.
CLM-2024-01271,CUST-00705,POL-001114,Fire,2023-05-05,2023-05-08,3,Electrical Fault Fire,Major,109903.42,400000.0,0.2748,350.0,314.01,Settled,Medium,False,NONE,Overheated breaker panel in basement initiated smoldering fire inside stud wall cavity. Flames traveled upward between floors before breaching living room drywall. Significant structural timber charring and complete electrical overhaul required.,Standard verification complete. Estimates match third-party independent inspection. Documentation verified.
CLM-2024-01272,CUST-01119,POL-001793,Auto,2024-03-22,2024-03-31,9,Intersection T-Bone Impact,Moderate,28157.02,120000.0,0.2346,3000.0,9.39,Settled,Medium,False,NONE,Insured was proceeding on green light when a third-party vehicle failed to yield and impacted the passenger side. Significant structural intrusion along B-pillar and both passenger doors. Side curtain airbags deployed. Tow required.,Standard verification complete. Estimates match third-party independent inspection. Documentation verified.
CLM-2024-01273,CUST-06318,POL-009997,Fire,2023-01-06,2023-01-09,3,Chimney / Fireplace Thermal Spread,Minor,2284.52,200000.0,0.0114,75.0,30.46,Settled,Low,False,NONE,Creosote buildup in masonry chimney flue sparked internal combustion. Thermal crack allowed embers into attic insulation. Prompt response by local brigade prevented full roof ignition. Flue relining and attic decontamination required.,Standard verification complete. Estimates match third-party independent inspection. Documentation verified.
CLM-2024-01274,CUST-05329,POL-008454,Fire,2023-09-28,2023-10-03,5,Electrical Fault Fire,Total Loss,208453.44,600000.0,0.3474,3000.0,69.48,Settled,Medium,False,NONE,Faulty space heater wiring ignited living room drapery while residents were asleep. Smoke detectors alerted occupants. Fire caused severe burn-through of roof rafters and extensive water damage from fire brigade hoses.,Standard verification complete. Estimates match third-party independent inspection. Documentation verified.
CLM-2024-01275,CUST-05021,POL-007942,Fire,2023-11-23,2023-11-26,3,High-Value Marine Equipment Loss,Major,113458.82,200000.0,0.5673,75.0,1512.78,Under Investigation,High,True,PHANTOM_LUXURY_BOAT_THEFT,Claimant alleges twin 350HP marine engines unbolted and removed from dry dock trailer overnight with no perimeter fence breaches or security footage. Claim amount matches maximum policy limit to the exact dollar. Title transfer completed only 3 weeks prior.,Policy Inception Audit: High-severity claim filed immediately following policy coverage modification.
CLM-2024-01276,CUST-01213,POL-001951,Auto,2023-09-04,2023-09-07,3,Catalytic Converter & Component Theft,Moderate,4095.89,120000.0,0.0341,3000.0,1.37,Settled,Low,False,NONE,"Insured discovered vehicle propped on cinder blocks in driveway with all four alloy wheels, tires, and brake assemblies stolen. Ground scuffs along rocker panels.",Standard verification complete. Estimates match third-party independent inspection. Documentation verified.
CLM-2024-01277,CUST-09759,POL-015438,Fire,2023-10-31,2023-11-03,3,Chimney / Fireplace Thermal Spread,Minor,7767.46,400000.0,0.0194,350.0,22.19,Approved,Low,False,NONE,Creosote buildup in masonry chimney flue sparked internal combustion. Thermal crack allowed embers into attic insulation. Prompt response by local brigade prevented full roof ignition. Flue relining and attic decontamination required.,Standard verification complete. Estimates match third-party independent inspection. Documentation verified.
CLM-2024-01278,CUST-02388,POL-003792,Fire,2023-07-30,2023-08-01,2,Chimney / Fireplace Thermal Spread,Minor,2879.03,400000.0,0.0072,350.0,8.23,Settled,Low,False,NONE,Creosote buildup in masonry chimney flue sparked internal combustion. Thermal crack allowed embers into attic insulation. Prompt response by local brigade prevented full roof ignition. Flue relining and attic decontamination required.,Standard verification complete. Estimates match third-party independent inspection. Documentation verified.
CLM-2024-01279,CUST-01853,POL-002972,Fire,2024-01-30,2024-02-03,4,Kitchen Grease Fire,Major,68153.02,200000.0,0.3408,75.0,908.71,Approved,Medium,False,NONE,"Unattended cooking oil ignited on stovetop, spreading rapidly to wooden cabinetry and exhaust hood. Fire department responded within 12 minutes. Heavy smoke damage throughout ground floor and water saturation across kitchen subflooring.",Standard verification complete. Estimates match third-party independent inspection. Documentation verified.
CLM-2024-01280,CUST-07335,POL-011551,Fire,2023-11-17,2023-11-21,4,Electrical Fault Fire,Total Loss,61849.24,400000.0,0.1546,350.0,176.71,Settled,Medium,False,NONE,Overheated breaker panel in basement initiated smoldering fire inside stud wall cavity. Flames traveled upward between floors before breaching living room drywall. Significant structural timber charring and complete electrical overhaul required.,Standard verification complete. Estimates match third-party independent inspection. Documentation verified.
CLM-2024-01281,CUST-03776,POL-005990,Fire,2024-01-30,2024-02-03,4,Electrical Fault Fire,Major,44335.57,300000.0,0.1478,150.0,295.57,Settled,Medium,False,NONE,Faulty space heater wiring ignited living room drapery while residents were asleep. Smoke detectors alerted occupants. Fire caused severe burn-through of roof rafters and extensive water damage from fire brigade hoses.,Standard verification complete. Estimates match third-party independent inspection. Documentation verified.
CLM-2024-01282,CUST-04313,POL-006833,Caravan,2024-08-14,2024-08-18,4,Storm Hail and Tree Branch Impact,Minor,4609.64,17500.0,0.2634,25.0,184.39,Settled,Low,False,NONE,High winds at holiday park caused awning detachment and side panel punctures. Water entered electrical breaker enclosure.,Standard verification complete. Estimates match third-party independent inspection. Documentation verified.
CLM-2024-01283,CUST-02463,POL-003918,Auto,2023-07-11,2023-07-17,6,Single Vehicle Roadside Impact,Minor,3674.09,120000.0,0.0306,3000.0,1.22,Settled,Low,False,NONE,Loss of traction on black ice caused vehicle to slide into concrete median barrier. Front subframe and wheel rim cracked. No injuries reported.,Standard verification complete. Estimates match third-party independent inspection. Documentation verified.
CLM-2024-01284,CUST-02832,POL-004518,Auto,2023-03-28,2023-03-30,2,Single Vehicle Roadside Impact,Moderate,6872.68,120000.0,0.0573,3000.0,2.29,Settled,Low,False,NONE,"Insured swerved to avoid crossing wildlife on unlit rural road, colliding with roadside guardrail. Damage concentrated on driver front bumper, headlight, and wheel arch. No other vehicles involved.",Standard verification complete. Estimates match third-party independent inspection. Documentation verified.
CLM-2024-01285,CUST-02293,POL-003645,Fire,2023-10-07,2023-10-24,17,Suspicious Multi-Party Collision,Major,25572.82,300000.0,0.0852,150.0,170.49,Open,High,True,STAGED_COLLISION_RING,Insured vehicle alleged sudden brake event leading to rear collision with third-party vehicle occupied by 4 unbelted passengers. All occupants retained same legal counsel and clinic on same business day. Identical soft tissue injury claims submitted. Vehicle damage pattern inconsistent with described low-speed impact velocity.,Potential Billing Discrepancy: Itemized labor and parts estimates exceed regional peer averages by 25-40%.
CLM-2024-01286,CUST-02317,POL-003678,Fire,2023-07-13,2023-07-25,12,Electrical Fault Fire,Major,95265.75,300000.0,0.3176,150.0,635.1,Settled,Medium,False,NONE,Faulty space heater wiring ignited living room drapery while residents were asleep. Smoke detectors alerted occupants. Fire caused severe burn-through of roof rafters and extensive water damage from fire brigade hoses.,Standard verification complete. Estimates match third-party independent inspection. Documentation verified.
CLM-2024-01287,CUST-03608,POL-005728,Fire,2023-09-12,2023-09-14,2,Kitchen Grease Fire,Moderate,10950.71,200000.0,0.0548,75.0,146.01,Settled,Low,False,NONE,"Unattended cooking oil ignited on stovetop, spreading rapidly to wooden cabinetry and exhaust hood. Fire department responded within 12 minutes. Heavy smoke damage throughout ground floor and water saturation across kitchen subflooring.",Standard verification complete. Estimates match third-party independent inspection. Documentation verified.
CLM-2024-01288,CUST-07557,POL-011914,Fire,2023-04-14,2023-04-30,16,High-Value Marine Equipment Loss,Major,230543.46,400000.0,0.5764,350.0,658.7,Under Investigation,High,True,PHANTOM_LUXURY_BOAT_THEFT,Claimant alleges twin 350HP marine engines unbolted and removed from dry dock trailer overnight with no perimeter fence breaches or security footage. Claim amount matches maximum policy limit to the exact dollar. Title transfer completed only 3 weeks prior.,SIU Audit Triggered: Indicator matches PHANTOM_LUXURY_BOAT_THEFT. Significant inconsistencies in physical damage inspection vs reported narrative.
CLM-2024-01289,CUST-01135,POL-001827,Fire,2023-10-02,2023-10-12,10,Inflated Water Restoration,Moderate,19653.55,400000.0,0.0491,350.0,56.15,Open,High,True,INFLATED_WATER_REPAIR,"Claim submitted for sudden pipe rupture in unoccupied guest wing. Restoration contractor billed 24 industrial air movers and 6 commercial dehumidifiers for 21 days continuously, exceeding standard mitigation duration by 400%. Demolition invoices include pre-existing renovation materials not damaged by water.",Potential Billing Discrepancy: Itemized labor and parts estimates exceed regional peer averages by 25-40%.
CLM-2024-01290,CUST-06584,POL-010400,Fire,2023-10-22,2023-10-26,4,Chimney / Fireplace Thermal Spread,Minor,11716.7,500000.0,0.0234,750.0,15.62,Settled,Low,False,NONE,Creosote buildup in masonry chimney flue sparked internal combustion. Thermal crack allowed embers into attic insulation. Prompt response by local brigade prevented full roof ignition. Flue relining and attic decontamination required.,Standard verification complete. Estimates match third-party independent inspection. Documentation verified.
CLM-2024-01291,CUST-05239,POL-008306,Auto,2023-09-02,2023-09-10,8,Intersection T-Bone Impact,Major,20666.79,100000.0,0.2067,750.0,27.56,Settled,Medium,False,NONE,Insured was proceeding on green light when a third-party vehicle failed to yield and impacted the passenger side. Significant structural intrusion along B-pillar and both passenger doors. Side curtain airbags deployed. Tow required.,Standard verification complete. Estimates match third-party independent inspection. Documentation verified.
CLM-2024-01292,CUST-01134,POL-001823,Auto,2024-04-30,2024-05-01,1,Catalytic Converter & Component Theft,Moderate,2001.55,100000.0,0.02,750.0,2.67,Settled,Low,False,NONE,Vehicle parked overnight in commuter lot. Exhaust system severed cleanly beneath chassis and catalytic converter removed. Oxygen sensors stripped. Comprehensive theft claim submitted with police report number.,Standard verification complete. Estimates match third-party independent inspection. Documentation verified.
CLM-2024-01293,CUST-02259,POL-003594,Auto,2023-01-10,2023-01-18,8,Single Vehicle Roadside Impact,Moderate,3861.54,120000.0,0.0322,3000.0,1.29,Settled,Low,False,NONE,"Insured swerved to avoid crossing wildlife on unlit rural road, colliding with roadside guardrail. Damage concentrated on driver front bumper, headlight, and wheel arch. No other vehicles involved.",Standard verification complete. Estimates match third-party independent inspection. Documentation verified.
CLM-2024-01294,CUST-01801,POL-002895,Fire,2024-08-03,2024-08-04,1,Chimney / Fireplace Thermal Spread,Moderate,4623.59,300000.0,0.0154,150.0,30.82,Settled,Low,False,NONE,Creosote buildup in masonry chimney flue sparked internal combustion. Thermal crack allowed embers into attic insulation. Prompt response by local brigade prevented full roof ignition. Flue relining and attic decontamination required.,Standard verification complete. Estimates match third-party independent inspection. Documentation verified.
CLM-2024-01295,CUST-06059,POL-009607,Fire,2023-11-08,2023-11-10,2,Suspicious Early Inception Fire,Major,148879.42,300000.0,0.4963,150.0,992.53,Under Investigation,High,True,RECENT_COVERAGE_SPIKE_FIRE,"Commercial property fire reported 9 days following policy contribution upgrade. Fire originated in storage room with two distinct, unlinked burn patterns detected by arson investigator. Stock inventory records requested but claimant unable to provide supporting receipts or tax filings.",Policy Inception Audit: High-severity claim filed immediately following policy coverage modification.
CLM-2024-01296,CUST-07729,POL-012203,Fire,2024-07-12,2024-07-14,2,Electrical Fault Fire,Total Loss,31663.5,300000.0,0.1055,150.0,211.09,Settled,Medium,False,NONE,Faulty space heater wiring ignited living room drapery while residents were asleep. Smoke detectors alerted occupants. Fire caused severe burn-through of roof rafters and extensive water damage from fire brigade hoses.,Standard verification complete. Estimates match third-party independent inspection. Documentation verified.
CLM-2024-01297,CUST-09161,POL-014478,Fire,2024-06-14,2024-06-22,8,Chimney / Fireplace Thermal Spread,Moderate,13302.77,300000.0,0.0443,150.0,88.69,Settled,Medium,False,NONE,Creosote buildup in masonry chimney flue sparked internal combustion. Thermal crack allowed embers into attic insulation. Prompt response by local brigade prevented full roof ignition. Flue relining and attic decontamination required.,Standard verification complete. Estimates match third-party independent inspection. Documentation verified.
CLM-2024-01298,CUST-09674,POL-015292,Auto,2024-02-25,2024-02-27,2,Intersection T-Bone Impact,Total Loss,11939.69,120000.0,0.0995,3000.0,3.98,Settled,Low,False,NONE,Insured was proceeding on green light when a third-party vehicle failed to yield and impacted the passenger side. Significant structural intrusion along B-pillar and both passenger doors. Side curtain airbags deployed. Tow required.,Standard verification complete. Estimates match third-party independent inspection. Documentation verified.
CLM-2024-01299,CUST-08058,POL-012722,Auto,2024-03-17,2024-03-21,4,Single Vehicle Roadside Impact,Minor,5355.99,120000.0,0.0446,3000.0,1.79,Settled,Low,False,NONE,"Insured swerved to avoid crossing wildlife on unlit rural road, colliding with roadside guardrail. Damage concentrated on driver front bumper, headlight, and wheel arch. No other vehicles involved.",Standard verification complete. Estimates match third-party independent inspection. Documentation verified.
CLM-2024-01300,CUST-00062,POL-000108,Fire,2024-07-11,2024-07-16,5,Electrical Fault Fire,Major,81220.11,300000.0,0.2707,150.0,541.47,Settled,Medium,False,NONE,Faulty space heater wiring ignited living room drapery while residents were asleep. Smoke detectors alerted occupants. Fire caused severe burn-through of roof rafters and extensive water damage from fire brigade hoses.,Standard verification complete. Estimates match third-party independent inspection. Documentation verified.
CLM-2024-01301,CUST-06210,POL-009852,Auto,2023-10-10,2023-10-12,2,Single Vehicle Roadside Impact,Minor,3333.53,120000.0,0.0278,3000.0,1.11,Approved,Low,False,NONE,"Insured swerved to avoid crossing wildlife on unlit rural road, colliding with roadside guardrail. Damage concentrated on driver front bumper, headlight, and wheel arch. No other vehicles involved.",Standard verification complete. Estimates match third-party independent inspection. Documentation verified.
CLM-2024-01302,CUST-09242,POL-014614,Auto,2024-04-10,2024-04-27,17,Single Vehicle Roadside Impact,Moderate,6563.67,100000.0,0.0656,750.0,8.75,Approved,Low,False,NONE,"Insured swerved to avoid crossing wildlife on unlit rural road, colliding with roadside guardrail. Damage concentrated on driver front bumper, headlight, and wheel arch. No other vehicles involved.",Standard verification complete. Estimates match third-party independent inspection. Documentation verified.
CLM-2024-01303,CUST-09173,POL-014496,Auto,2023-06-03,2023-06-05,2,Single Vehicle Roadside Impact,Minor,1406.57,100000.0,0.0141,750.0,1.88,Settled,Low,False,NONE,Loss of traction on black ice caused vehicle to slide into concrete median barrier. Front subframe and wheel rim cracked. No injuries reported.,Standard verification complete. Estimates match third-party independent inspection. Documentation verified.
CLM-2024-01304,CUST-04903,POL-007749,Fire,2023-08-11,2023-08-21,10,Electrical Fault Fire,Major,29135.15,300000.0,0.0971,150.0,194.23,Settled,Medium,False,NONE,Overheated breaker panel in basement initiated smoldering fire inside stud wall cavity. Flames traveled upward between floors before breaching living room drywall. Significant structural timber charring and complete electrical overhaul required.,Standard verification complete. Estimates match third-party independent inspection. Documentation verified.
CLM-2024-01305,CUST-07388,POL-011629,Auto,2023-02-21,2023-02-28,7,Single Vehicle Roadside Impact,Minor,4587.7,140000.0,0.0328,7500.0,0.61,Settled,Low,False,NONE,Loss of traction on black ice caused vehicle to slide into concrete median barrier. Front subframe and wheel rim cracked. No injuries reported.,Standard verification complete. Estimates match third-party independent inspection. Documentation verified.
CLM-2024-01306,CUST-09166,POL-014485,Auto,2024-07-28,2024-08-15,18,Intersection T-Bone Impact,Moderate,22446.53,100000.0,0.2245,750.0,29.93,Settled,Medium,False,NONE,"Broadside collision at uncontrolled intersection during heavy rain. Front quarter panel, suspension, and steering rack compromised. Vehicle deemed unsafe to drive and towed to certified repair facility.",Standard verification complete. Estimates match third-party independent inspection. Documentation verified.
CLM-2024-01307,CUST-06410,POL-010143,Fire,2023-10-25,2023-10-28,3,Kitchen Grease Fire,Moderate,19875.43,400000.0,0.0497,350.0,56.79,Approved,Medium,False,NONE,"Deep fryer flare-up caused flame spread to kitchen drywall. Heat blistering across ceiling joists. Structural fire damage contained to kitchen area, but substantial soot cleanup needed throughout residence.",Standard verification complete. Estimates match third-party independent inspection. Documentation verified.
CLM-2024-01308,CUST-05173,POL-008190,Auto,2024-02-13,2024-02-18,5,Rear-End Collision,Moderate,2594.45,120000.0,0.0216,3000.0,0.86,Settled,Low,False,NONE,"Vehicle was rear-ended in heavy stop-and-go highway traffic. Impact pushed vehicle into leading car, resulting in front and rear fascia damage. Radiator support cracked. Police report filed at scene.",Standard verification complete. Estimates match third-party independent inspection. Documentation verified.
CLM-2024-01309,CUST-06374,POL-010078,Fire,2024-08-15,2024-08-20,5,Kitchen Grease Fire,Moderate,30872.31,400000.0,0.0772,350.0,88.21,Settled,Medium,False,NONE,"Deep fryer flare-up caused flame spread to kitchen drywall. Heat blistering across ceiling joists. Structural fire damage contained to kitchen area, but substantial soot cleanup needed throughout residence.",Standard verification complete. Estimates match third-party independent inspection. Documentation verified.
CLM-2024-01310,CUST-01421,POL-002295,Auto,2024-08-03,2024-08-04,1,High-Value Marine Equipment Loss,Moderate,45038.64,100000.0,0.4504,750.0,60.05,Under Investigation,High,True,PHANTOM_LUXURY_BOAT_THEFT,Claimant alleges twin 350HP marine engines unbolted and removed from dry dock trailer overnight with no perimeter fence breaches or security footage. Claim amount matches maximum policy limit to the exact dollar. Title transfer completed only 3 weeks prior.,Policy Inception Audit: High-severity claim filed immediately following policy coverage modification.
CLM-2024-01311,CUST-07211,POL-011369,Fire,2024-03-23,2024-03-24,1,Kitchen Grease Fire,Moderate,32673.67,300000.0,0.1089,150.0,217.82,Approved,Medium,False,NONE,"Deep fryer flare-up caused flame spread to kitchen drywall. Heat blistering across ceiling joists. Structural fire damage contained to kitchen area, but substantial soot cleanup needed throughout residence.",Standard verification complete. Estimates match third-party independent inspection. Documentation verified.
CLM-2024-01312,CUST-00300,POL-000475,Fire,2023-12-29,2024-01-03,5,Electrical Fault Fire,Total Loss,133179.38,300000.0,0.4439,150.0,887.86,Open,Medium,False,NONE,Faulty space heater wiring ignited living room drapery while residents were asleep. Smoke detectors alerted occupants. Fire caused severe burn-through of roof rafters and extensive water damage from fire brigade hoses.,Standard verification complete. Estimates match third-party independent inspection. Documentation verified.
CLM-2024-01313,CUST-01822,POL-002929,Fire,2024-03-07,2024-03-15,8,Inflated Water Restoration,Major,203053.15,300000.0,0.6768,150.0,1353.69,Under Investigation,High,True,INFLATED_WATER_REPAIR,"Claim submitted for sudden pipe rupture in unoccupied guest wing. Restoration contractor billed 24 industrial air movers and 6 commercial dehumidifiers for 21 days continuously, exceeding standard mitigation duration by 400%. Demolition invoices include pre-existing renovation materials not damaged by water.",SIU Audit Triggered: Indicator matches INFLATED_WATER_REPAIR. Significant inconsistencies in physical damage inspection vs reported narrative.
CLM-2024-01314,CUST-07161,POL-011303,Fire,2023-09-06,2023-09-17,11,Chimney / Fireplace Thermal Spread,Moderate,15300.37,400000.0,0.0383,350.0,43.72,Open,Medium,False,NONE,Creosote buildup in masonry chimney flue sparked internal combustion. Thermal crack allowed embers into attic insulation. Prompt response by local brigade prevented full roof ignition. Flue relining and attic decontamination required.,Standard verification complete. Estimates match third-party independent inspection. Documentation verified.
CLM-2024-01315,CUST-00558,POL-000894,Fire,2024-02-07,2024-02-22,15,Suspicious Multi-Party Collision,Major,182479.06,300000.0,0.6083,150.0,1216.53,Under Investigation,High,True,STAGED_COLLISION_RING,Insured vehicle alleged sudden brake event leading to rear collision with third-party vehicle occupied by 4 unbelted passengers. All occupants retained same legal counsel and clinic on same business day. Identical soft tissue injury claims submitted. Vehicle damage pattern inconsistent with described low-speed impact velocity.,SIU Audit Triggered: Indicator matches STAGED_COLLISION_RING. Significant inconsistencies in physical damage inspection vs reported narrative.
CLM-2024-01316,CUST-03817,POL-006045,Fire,2024-06-14,2024-06-18,4,Electrical Fault Fire,Major,316185.2,400000.0,0.7905,350.0,903.39,Settled,Medium,False,NONE,Overheated breaker panel in basement initiated smoldering fire inside stud wall cavity. Flames traveled upward between floors before breaching living room drywall. Significant structural timber charring and complete electrical overhaul required.,"Comprehensive field adjuster verification complete. Police report, independent surveyor report, and official repair bids on file. Verified genuine catastrophic loss."
CLM-2024-01317,CUST-07885,POL-012441,Auto,2023-04-10,2023-04-12,2,Single Vehicle Roadside Impact,Moderate,2734.4,100000.0,0.0273,750.0,3.65,Settled,Low,False,NONE,Loss of traction on black ice caused vehicle to slide into concrete median barrier. Front subframe and wheel rim cracked. No injuries reported.,Standard verification complete. Estimates match third-party independent inspection. Documentation verified.
CLM-2024-01318,CUST-05465,POL-008657,Auto,2023-02-24,2023-02-28,4,Intersection T-Bone Impact,Total Loss,72593.51,120000.0,0.6049,3000.0,24.2,Settled,Medium,False,NONE,Insured was proceeding on green light when a third-party vehicle failed to yield and impacted the passenger side. Significant structural intrusion along B-pillar and both passenger doors. Side curtain airbags deployed. Tow required.,Standard verification complete. Estimates match third-party independent inspection. Documentation verified.
CLM-2024-01319,CUST-07740,POL-012221,Auto,2023-06-08,2023-06-23,15,Single Vehicle Roadside Impact,Moderate,8069.4,120000.0,0.0672,3000.0,2.69,Settled,Low,False,NONE,"Insured swerved to avoid crossing wildlife on unlit rural road, colliding with roadside guardrail. Damage concentrated on driver front bumper, headlight, and wheel arch. No other vehicles involved.",Standard verification complete. Estimates match third-party independent inspection. Documentation verified.
CLM-2024-01320,CUST-08839,POL-013987,Auto,2023-06-06,2023-06-08,2,Suspicious Multi-Party Collision,Moderate,18106.97,120000.0,0.1509,3000.0,6.04,Under Investigation,High,True,STAGED_COLLISION_RING,Insured vehicle alleged sudden brake event leading to rear collision with third-party vehicle occupied by 4 unbelted passengers. All occupants retained same legal counsel and clinic on same business day. Identical soft tissue injury claims submitted. Vehicle damage pattern inconsistent with described low-speed impact velocity.,Potential Billing Discrepancy: Itemized labor and parts estimates exceed regional peer averages by 25-40%.
CLM-2024-01321,CUST-02641,POL-004203,Auto,2024-06-01,2024-06-03,2,Catalytic Converter & Component Theft,Moderate,1521.62,120000.0,0.0127,3000.0,0.51,Settled,Low,False,NONE,Vehicle parked overnight in commuter lot. Exhaust system severed cleanly beneath chassis and catalytic converter removed. Oxygen sensors stripped. Comprehensive theft claim submitted with police report number.,Standard verification complete. Estimates match third-party independent inspection. Documentation verified.
CLM-2024-01322,CUST-02684,POL-004288,Auto,2023-08-29,2023-08-31,2,Single Vehicle Roadside Impact,Moderate,6046.08,120000.0,0.0504,3000.0,2.02,Settled,Low,False,NONE,"Insured swerved to avoid crossing wildlife on unlit rural road, colliding with roadside guardrail. Damage concentrated on driver front bumper, headlight, and wheel arch. No other vehicles involved.",Standard verification complete. Estimates match third-party independent inspection. Documentation verified.
CLM-2024-01323,CUST-06846,POL-010797,Auto,2023-09-04,2023-09-10,6,Intersection T-Bone Impact,Total Loss,23996.65,120000.0,0.2,3000.0,8.0,Approved,Medium,False,NONE,Insured was proceeding on green light when a third-party vehicle failed to yield and impacted the passenger side. Significant structural intrusion along B-pillar and both passenger doors. Side curtain airbags deployed. Tow required.,Standard verification complete. Estimates match third-party independent inspection. Documentation verified.
CLM-2024-01324,CUST-02390,POL-003795,Auto,2024-05-19,2024-05-22,3,Single Vehicle Roadside Impact,Moderate,8175.88,120000.0,0.0681,3000.0,2.73,Settled,Low,False,NONE,Loss of traction on black ice caused vehicle to slide into concrete median barrier. Front subframe and wheel rim cracked. No injuries reported.,Standard verification complete. Estimates match third-party independent inspection. Documentation verified.
CLM-2024-01325,CUST-03227,POL-005150,Fire,2023-06-01,2023-06-02,1,Kitchen Grease Fire,Major,33756.87,300000.0,0.1125,150.0,225.05,Settled,Medium,False,NONE,"Deep fryer flare-up caused flame spread to kitchen drywall. Heat blistering across ceiling joists. Structural fire damage contained to kitchen area, but substantial soot cleanup needed throughout residence.",Standard verification complete. Estimates match third-party independent inspection. Documentation verified.
CLM-2024-01326,CUST-03778,POL-005993,Caravan,2024-03-31,2024-04-18,18,Suspicious Early Inception Fire,Major,14582.02,17500.0,0.8333,25.0,583.28,Under Investigation,High,True,RECENT_COVERAGE_SPIKE_FIRE,"Commercial property fire reported 9 days following policy contribution upgrade. Fire originated in storage room with two distinct, unlinked burn patterns detected by arson investigator. Stock inventory records requested but claimant unable to provide supporting receipts or tax filings.",SIU Audit Triggered: Indicator matches RECENT_COVERAGE_SPIKE_FIRE. Significant inconsistencies in physical damage inspection vs reported narrative.
CLM-2024-01327,CUST-02724,POL-004348,Auto,2024-04-14,2024-04-18,4,Single Vehicle Roadside Impact,Minor,5092.09,120000.0,0.0424,3000.0,1.7,Settled,Low,False,NONE,"Insured swerved to avoid crossing wildlife on unlit rural road, colliding with roadside guardrail. Damage concentrated on driver front bumper, headlight, and wheel arch. No other vehicles involved.",Standard verification complete. Estimates match third-party independent inspection. Documentation verified.
CLM-2024-01328,CUST-05298,POL-008394,Auto,2024-06-21,2024-07-06,15,Catalytic Converter & Component Theft,Minor,1670.32,100000.0,0.0167,750.0,2.23,Approved,Low,False,NONE,Vehicle parked overnight in commuter lot. Exhaust system severed cleanly beneath chassis and catalytic converter removed. Oxygen sensors stripped. Comprehensive theft claim submitted with police report number.,Standard verification complete. Estimates match third-party independent inspection. Documentation verified.
CLM-2024-01329,CUST-01211,POL-001950,Auto,2023-05-24,2023-05-26,2,Single Vehicle Roadside Impact,Moderate,7938.91,120000.0,0.0662,3000.0,2.65,Settled,Low,False,NONE,Loss of traction on black ice caused vehicle to slide into concrete median barrier. Front subframe and wheel rim cracked. No injuries reported.,Standard verification complete. Estimates match third-party independent inspection. Documentation verified.
CLM-2024-01330,CUST-02562,POL-004064,Fire,2023-07-04,2023-07-07,3,Chimney / Fireplace Thermal Spread,Moderate,11299.64,500000.0,0.0226,750.0,15.07,Settled,Low,False,NONE,Creosote buildup in masonry chimney flue sparked internal combustion. Thermal crack allowed embers into attic insulation. Prompt response by local brigade prevented full roof ignition. Flue relining and attic decontamination required.,Standard verification complete. Estimates match third-party independent inspection. Documentation verified.
CLM-2024-01331,CUST-04277,POL-006772,Fire,2024-02-18,2024-02-24,6,Kitchen Grease Fire,Moderate,10318.03,300000.0,0.0344,150.0,68.79,Settled,Low,False,NONE,"Unattended cooking oil ignited on stovetop, spreading rapidly to wooden cabinetry and exhaust hood. Fire department responded within 12 minutes. Heavy smoke damage throughout ground floor and water saturation across kitchen subflooring.",Standard verification complete. Estimates match third-party independent inspection. Documentation verified.
CLM-2024-01332,CUST-04917,POL-007768,Fire,2024-05-02,2024-06-12,41,Inflated Water Restoration,Major,336639.11,400000.0,0.8416,350.0,961.83,Under Investigation,High,True,INFLATED_WATER_REPAIR,"Claim submitted for sudden pipe rupture in unoccupied guest wing. Restoration contractor billed 24 industrial air movers and 6 commercial dehumidifiers for 21 days continuously, exceeding standard mitigation duration by 400%. Demolition invoices include pre-existing renovation materials not damaged by water.",SIU Audit Triggered: Indicator matches INFLATED_WATER_REPAIR. Significant inconsistencies in physical damage inspection vs reported narrative.
CLM-2024-01333,CUST-03688,POL-005858,Fire,2023-08-31,2023-09-17,17,Kitchen Grease Fire,Moderate,22867.42,400000.0,0.0572,350.0,65.34,Settled,Medium,False,NONE,"Deep fryer flare-up caused flame spread to kitchen drywall. Heat blistering across ceiling joists. Structural fire damage contained to kitchen area, but substantial soot cleanup needed throughout residence.",Standard verification complete. Estimates match third-party independent inspection. Documentation verified.
CLM-2024-01334,CUST-07486,POL-011789,Fire,2023-04-28,2023-05-01,3,Kitchen Grease Fire,Moderate,31360.2,400000.0,0.0784,350.0,89.6,Approved,Medium,False,NONE,"Deep fryer flare-up caused flame spread to kitchen drywall. Heat blistering across ceiling joists. Structural fire damage contained to kitchen area, but substantial soot cleanup needed throughout residence.",Standard verification complete. Estimates match third-party independent inspection. Documentation verified.
CLM-2024-01335,CUST-03438,POL-005471,Auto,2023-11-25,2023-12-05,10,Rear-End Collision,Major,13615.7,100000.0,0.1362,750.0,18.15,Settled,Medium,False,NONE,"Vehicle was rear-ended in heavy stop-and-go highway traffic. Impact pushed vehicle into leading car, resulting in front and rear fascia damage. Radiator support cracked. Police report filed at scene.",Standard verification complete. Estimates match third-party independent inspection. Documentation verified.
CLM-2024-01336,CUST-04844,POL-007667,Caravan,2023-09-16,2023-09-25,9,Storm Hail and Tree Branch Impact,Moderate,11760.31,17500.0,0.672,25.0,470.41,Settled,Low,False,NONE,High winds at holiday park caused awning detachment and side panel punctures. Water entered electrical breaker enclosure.,Standard verification complete. Estimates match third-party independent inspection. Documentation verified.
CLM-2024-01337,CUST-09147,POL-014452,Caravan,2023-07-16,2023-08-14,29,Storm Hail and Tree Branch Impact,Minor,6707.06,17500.0,0.3833,25.0,268.28,Open,Low,False,NONE,"Severe thunderstorm brought 2-inch hail and fallen pine limb onto mobile home aluminum roof. Punctured roof membrane, shattered skylight, and caused interior water intrusion onto living area carpet.",Standard verification complete. Estimates match third-party independent inspection. Documentation verified.
CLM-2024-01338,CUST-06879,POL-010851,Auto,2024-02-22,2024-02-23,1,Rear-End Collision,Moderate,6430.83,100000.0,0.0643,750.0,8.57,Approved,Low,False,NONE,"Insured vehicle was struck from behind while stationary at a signalized intersection. Rear bumper crushed, trunk lid misaligned, and tail light assemblies shattered. Airbags did not deploy. Claimant reported minor neck stiffness.",Standard verification complete. Estimates match third-party independent inspection. Documentation verified.
CLM-2024-01339,CUST-06067,POL-009622,Fire,2023-07-14,2023-07-18,4,Kitchen Grease Fire,Major,81115.75,200000.0,0.4056,75.0,1081.54,Approved,Medium,False,NONE,"Deep fryer flare-up caused flame spread to kitchen drywall. Heat blistering across ceiling joists. Structural fire damage contained to kitchen area, but substantial soot cleanup needed throughout residence.",Standard verification complete. Estimates match third-party independent inspection. Documentation verified.
CLM-2024-01340,CUST-08344,POL-013179,Auto,2024-03-25,2024-03-28,3,Catalytic Converter & Component Theft,Moderate,1779.56,120000.0,0.0148,3000.0,0.59,Settled,Low,False,NONE,Vehicle parked overnight in commuter lot. Exhaust system severed cleanly beneath chassis and catalytic converter removed. Oxygen sensors stripped. Comprehensive theft claim submitted with police report number.,Standard verification complete. Estimates match third-party independent inspection. Documentation verified.
CLM-2024-01341,CUST-07521,POL-011844,Auto,2024-05-25,2024-06-30,36,Suspicious Early Inception Fire,Major,49217.29,120000.0,0.4101,3000.0,16.41,Under Investigation,High,True,RECENT_COVERAGE_SPIKE_FIRE,"Commercial property fire reported 9 days following policy contribution upgrade. Fire originated in storage room with two distinct, unlinked burn patterns detected by arson investigator. Stock inventory records requested but claimant unable to provide supporting receipts or tax filings.",SIU Audit Triggered: Indicator matches RECENT_COVERAGE_SPIKE_FIRE. Significant inconsistencies in physical damage inspection vs reported narrative.
CLM-2024-01342,CUST-08446,POL-013338,Fire,2023-10-24,2023-10-26,2,Electrical Fault Fire,Total Loss,150000.0,200000.0,0.75,75.0,2000.0,Under Investigation,Medium,False,NONE,Faulty space heater wiring ignited living room drapery while residents were asleep. Smoke detectors alerted occupants. Fire caused severe burn-through of roof rafters and extensive water damage from fire brigade hoses.,Standard verification complete. Estimates match third-party independent inspection. Documentation verified.
CLM-2024-01343,CUST-01158,POL-001871,Auto,2024-08-12,2024-08-24,12,Suspicious Early Inception Fire,Major,57964.88,100000.0,0.5796,750.0,77.29,Under Investigation,High,True,RECENT_COVERAGE_SPIKE_FIRE,"Commercial property fire reported 9 days following policy contribution upgrade. Fire originated in storage room with two distinct, unlinked burn patterns detected by arson investigator. Stock inventory records requested but claimant unable to provide supporting receipts or tax filings.",SIU Audit Triggered: Indicator matches RECENT_COVERAGE_SPIKE_FIRE. Significant inconsistencies in physical damage inspection vs reported narrative.
CLM-2024-01344,CUST-03714,POL-005892,Fire,2023-04-24,2023-05-16,22,Suspicious Early Inception Fire,Moderate,14797.03,400000.0,0.037,350.0,42.28,Open,Medium,True,RECENT_COVERAGE_SPIKE_FIRE,"Commercial property fire reported 9 days following policy contribution upgrade. Fire originated in storage room with two distinct, unlinked burn patterns detected by arson investigator. Stock inventory records requested but claimant unable to provide supporting receipts or tax filings.",Potential Billing Discrepancy: Itemized labor and parts estimates exceed regional peer averages by 25-40%.
CLM-2024-01345,CUST-06018,POL-009541,Auto,2023-12-09,2023-12-24,15,Rear-End Collision,Minor,3002.26,120000.0,0.025,3000.0,1.0,Open,Low,False,NONE,"Insured vehicle was struck from behind while stationary at a signalized intersection. Rear bumper crushed, trunk lid misaligned, and tail light assemblies shattered. Airbags did not deploy. Claimant reported minor neck stiffness.",Standard verification complete. Estimates match third-party independent inspection. Documentation verified.
CLM-2024-01346,CUST-02421,POL-003840,Fire,2023-03-05,2023-03-09,4,Kitchen Grease Fire,Major,59872.93,400000.0,0.1497,350.0,171.07,Settled,Medium,False,NONE,"Unattended cooking oil ignited on stovetop, spreading rapidly to wooden cabinetry and exhaust hood. Fire department responded within 12 minutes. Heavy smoke damage throughout ground floor and water saturation across kitchen subflooring.",Standard verification complete. Estimates match third-party independent inspection. Documentation verified.
CLM-2024-01347,CUST-04335,POL-006864,Fire,2023-02-06,2023-02-12,6,Electrical Fault Fire,Major,100807.13,200000.0,0.504,75.0,1344.1,Settled,Medium,False,NONE,Faulty space heater wiring ignited living room drapery while residents were asleep. Smoke detectors alerted occupants. Fire caused severe burn-through of roof rafters and extensive water damage from fire brigade hoses.,Standard verification complete. Estimates match third-party independent inspection. Documentation verified.
CLM-2024-01348,CUST-05528,POL-008764,Fire,2023-05-13,2023-05-14,1,Electrical Fault Fire,Major,271064.6,400000.0,0.6777,350.0,774.47,Approved,Medium,False,NONE,Overheated breaker panel in basement initiated smoldering fire inside stud wall cavity. Flames traveled upward between floors before breaching living room drywall. Significant structural timber charring and complete electrical overhaul required.,"Comprehensive field adjuster verification complete. Police report, independent surveyor report, and official repair bids on file. Verified genuine catastrophic loss."
CLM-2024-01349,CUST-06685,POL-010557,Fire,2023-11-07,2023-11-18,11,Kitchen Grease Fire,Moderate,39039.36,500000.0,0.0781,750.0,52.05,Settled,Medium,False,NONE,"Unattended cooking oil ignited on stovetop, spreading rapidly to wooden cabinetry and exhaust hood. Fire department responded within 12 minutes. Heavy smoke damage throughout ground floor and water saturation across kitchen subflooring.",Standard verification complete. Estimates match third-party independent inspection. Documentation verified.
CLM-2024-01350,CUST-04838,POL-007657,Fire,2024-01-24,2024-01-25,1,Chimney / Fireplace Thermal Spread,Minor,10408.04,200000.0,0.052,75.0,138.77,Approved,Low,False,NONE,Creosote buildup in masonry chimney flue sparked internal combustion. Thermal crack allowed embers into attic insulation. Prompt response by local brigade prevented full roof ignition. Flue relining and attic decontamination required.,Standard verification complete. Estimates match third-party independent inspection. Documentation verified.
CLM-2024-01351,CUST-08915,POL-014087,Auto,2024-03-13,2024-03-14,1,Intersection T-Bone Impact,Moderate,18340.53,120000.0,0.1528,3000.0,6.11,Open,Medium,False,NONE,"Broadside collision at uncontrolled intersection during heavy rain. Front quarter panel, suspension, and steering rack compromised. Vehicle deemed unsafe to drive and towed to certified repair facility.",Standard verification complete. Estimates match third-party independent inspection. Documentation verified.
CLM-2024-01352,CUST-06912,POL-010902,Auto,2023-12-18,2023-12-22,4,Catalytic Converter & Component Theft,Minor,2303.53,120000.0,0.0192,3000.0,0.77,Settled,Low,False,NONE,Vehicle parked overnight in commuter lot. Exhaust system severed cleanly beneath chassis and catalytic converter removed. Oxygen sensors stripped. Comprehensive theft claim submitted with police report number.,Standard verification complete. Estimates match third-party independent inspection. Documentation verified.
CLM-2024-01353,CUST-08006,POL-012640,Fire,2024-07-03,2024-07-07,4,Chimney / Fireplace Thermal Spread,Minor,4320.74,125000.0,0.0346,25.0,172.83,Settled,Low,False,NONE,Creosote buildup in masonry chimney flue sparked internal combustion. Thermal crack allowed embers into attic insulation. Prompt response by local brigade prevented full roof ignition. Flue relining and attic decontamination required.,Standard verification complete. Estimates match third-party independent inspection. Documentation verified.
CLM-2024-01354,CUST-01551,POL-002500,Fire,2024-03-25,2024-04-04,10,Suspicious Multi-Party Collision,Major,162406.99,300000.0,0.5414,150.0,1082.71,Under Investigation,High,True,STAGED_COLLISION_RING,Insured vehicle alleged sudden brake event leading to rear collision with third-party vehicle occupied by 4 unbelted passengers. All occupants retained same legal counsel and clinic on same business day. Identical soft tissue injury claims submitted. Vehicle damage pattern inconsistent with described low-speed impact velocity.,SIU Audit Triggered: Indicator matches STAGED_COLLISION_RING. Significant inconsistencies in physical damage inspection vs reported narrative.
CLM-2024-01355,CUST-06336,POL-010022,Auto,2023-09-08,2023-09-11,3,Single Vehicle Roadside Impact,Minor,1443.66,120000.0,0.012,3000.0,0.48,Settled,Low,False,NONE,Loss of traction on black ice caused vehicle to slide into concrete median barrier. Front subframe and wheel rim cracked. No injuries reported.,Standard verification complete. Estimates match third-party independent inspection. Documentation verified.
CLM-2024-01356,CUST-06876,POL-010844,Auto,2024-07-10,2024-07-12,2,Intersection T-Bone Impact,Major,41997.02,120000.0,0.35,3000.0,14.0,Settled,Medium,False,NONE,"Broadside collision at uncontrolled intersection during heavy rain. Front quarter panel, suspension, and steering rack compromised. Vehicle deemed unsafe to drive and towed to certified repair facility.",Standard verification complete. Estimates match third-party independent inspection. Documentation verified.
CLM-2024-01357,CUST-05449,POL-008635,Auto,2024-01-11,2024-01-12,1,Single Vehicle Roadside Impact,Minor,2770.06,100000.0,0.0277,750.0,3.69,Settled,Low,False,NONE,Loss of traction on black ice caused vehicle to slide into concrete median barrier. Front subframe and wheel rim cracked. No injuries reported.,Standard verification complete. Estimates match third-party independent inspection. Documentation verified.
CLM-2024-01358,CUST-00409,POL-000665,Fire,2024-02-25,2024-02-29,4,Chimney / Fireplace Thermal Spread,Moderate,17073.68,400000.0,0.0427,350.0,48.78,Approved,Medium,False,NONE,Creosote buildup in masonry chimney flue sparked internal combustion. Thermal crack allowed embers into attic insulation. Prompt response by local brigade prevented full roof ignition. Flue relining and attic decontamination required.,Standard verification complete. Estimates match third-party independent inspection. Documentation verified.
CLM-2024-01359,CUST-00137,POL-000222,Fire,2023-11-09,2023-11-13,4,Chimney / Fireplace Thermal Spread,Minor,9200.94,300000.0,0.0307,150.0,61.34,Settled,Low,False,NONE,Creosote buildup in masonry chimney flue sparked internal combustion. Thermal crack allowed embers into attic insulation. Prompt response by local brigade prevented full roof ignition. Flue relining and attic decontamination required.,Standard verification complete. Estimates match third-party independent inspection. Documentation verified.
CLM-2024-01360,CUST-06820,POL-010760,Fire,2024-03-26,2024-03-29,3,Chimney / Fireplace Thermal Spread,Moderate,15664.95,300000.0,0.0522,150.0,104.43,Settled,Medium,False,NONE,Creosote buildup in masonry chimney flue sparked internal combustion. Thermal crack allowed embers into attic insulation. Prompt response by local brigade prevented full roof ignition. Flue relining and attic decontamination required.,Standard verification complete. Estimates match third-party independent inspection. Documentation verified.
CLM-2024-01361,CUST-01341,POL-002158,Fire,2023-11-04,2023-11-10,6,Kitchen Grease Fire,Moderate,23956.13,300000.0,0.0799,150.0,159.71,Settled,Medium,False,NONE,"Deep fryer flare-up caused flame spread to kitchen drywall. Heat blistering across ceiling joists. Structural fire damage contained to kitchen area, but substantial soot cleanup needed throughout residence.",Standard verification complete. Estimates match third-party independent inspection. Documentation verified.
CLM-2024-01362,CUST-01867,POL-002990,Fire,2024-03-30,2024-04-01,2,Kitchen Grease Fire,Moderate,37060.36,300000.0,0.1235,150.0,247.07,Settled,Medium,False,NONE,"Unattended cooking oil ignited on stovetop, spreading rapidly to wooden cabinetry and exhaust hood. Fire department responded within 12 minutes. Heavy smoke damage throughout ground floor and water saturation across kitchen subflooring.",Standard verification complete. Estimates match third-party independent inspection. Documentation verified.
CLM-2024-01363,CUST-02068,POL-003307,Fire,2023-02-02,2023-02-07,5,Chimney / Fireplace Thermal Spread,Moderate,17254.35,125000.0,0.138,25.0,690.17,Settled,Medium,False,NONE,Creosote buildup in masonry chimney flue sparked internal combustion. Thermal crack allowed embers into attic insulation. Prompt response by local brigade prevented full roof ignition. Flue relining and attic decontamination required.,Standard verification complete. Estimates match third-party independent inspection. Documentation verified.
CLM-2024-01364,CUST-04588,POL-007269,Fire,2023-09-26,2023-10-10,14,Chimney / Fireplace Thermal Spread,Minor,7338.81,400000.0,0.0183,350.0,20.97,Settled,Low,False,NONE,Creosote buildup in masonry chimney flue sparked internal combustion. Thermal crack allowed embers into attic insulation. Prompt response by local brigade prevented full roof ignition. Flue relining and attic decontamination required.,Standard verification complete. Estimates match third-party independent inspection. Documentation verified.
CLM-2024-01365,CUST-05144,POL-008136,Fire,2023-02-28,2023-03-02,2,Kitchen Grease Fire,Major,81517.23,300000.0,0.2717,150.0,543.45,Settled,Medium,False,NONE,"Deep fryer flare-up caused flame spread to kitchen drywall. Heat blistering across ceiling joists. Structural fire damage contained to kitchen area, but substantial soot cleanup needed throughout residence.",Standard verification complete. Estimates match third-party independent inspection. Documentation verified.
CLM-2024-01366,CUST-01085,POL-001738,Fire,2024-08-04,2024-08-05,1,Chimney / Fireplace Thermal Spread,Moderate,12788.52,400000.0,0.032,350.0,36.54,Under Investigation,Medium,False,NONE,Creosote buildup in masonry chimney flue sparked internal combustion. Thermal crack allowed embers into attic insulation. Prompt response by local brigade prevented full roof ignition. Flue relining and attic decontamination required.,Standard verification complete. Estimates match third-party independent inspection. Documentation verified.
CLM-2024-01367,CUST-00051,POL-000087,Auto,2023-01-16,2023-01-19,3,Single Vehicle Roadside Impact,Moderate,8406.87,120000.0,0.0701,3000.0,2.8,Settled,Low,False,NONE,"Insured swerved to avoid crossing wildlife on unlit rural road, colliding with roadside guardrail. Damage concentrated on driver front bumper, headlight, and wheel arch. No other vehicles involved.",Standard verification complete. Estimates match third-party independent inspection. Documentation verified.
CLM-2024-01368,CUST-08179,POL-012896,Auto,2023-02-09,2023-02-13,4,Single Vehicle Roadside Impact,Moderate,6190.43,120000.0,0.0516,3000.0,2.06,Approved,Low,False,NONE,Loss of traction on black ice caused vehicle to slide into concrete median barrier. Front subframe and wheel rim cracked. No injuries reported.,Standard verification complete. Estimates match third-party independent inspection. Documentation verified.
CLM-2024-01369,CUST-01436,POL-002319,Auto,2023-05-08,2023-05-18,10,Single Vehicle Roadside Impact,Moderate,7370.04,120000.0,0.0614,3000.0,2.46,Settled,Low,False,NONE,Loss of traction on black ice caused vehicle to slide into concrete median barrier. Front subframe and wheel rim cracked. No injuries reported.,Standard verification complete. Estimates match third-party independent inspection. Documentation verified.
CLM-2024-01370,CUST-05505,POL-008729,Auto,2023-02-07,2023-02-08,1,High-Value Marine Equipment Loss,Moderate,46344.44,100000.0,0.4634,750.0,61.79,Under Investigation,High,True,PHANTOM_LUXURY_BOAT_THEFT,Claimant alleges twin 350HP marine engines unbolted and removed from dry dock trailer overnight with no perimeter fence breaches or security footage. Claim amount matches maximum policy limit to the exact dollar. Title transfer completed only 3 weeks prior.,Policy Inception Audit: High-severity claim filed immediately following policy coverage modification.
CLM-2024-01371,CUST-07146,POL-011274,Auto,2023-03-23,2023-03-26,3,Single Vehicle Roadside Impact,Moderate,2281.97,120000.0,0.019,3000.0,0.76,Approved,Low,False,NONE,"Insured swerved to avoid crossing wildlife on unlit rural road, colliding with roadside guardrail. Damage concentrated on driver front bumper, headlight, and wheel arch. No other vehicles involved.",Standard verification complete. Estimates match third-party independent inspection. Documentation verified.
CLM-2024-01372,CUST-01096,POL-001756,Auto,2024-05-21,2024-06-03,13,Intersection T-Bone Impact,Moderate,21623.32,120000.0,0.1802,3000.0,7.21,Settled,Medium,False,NONE,Insured was proceeding on green light when a third-party vehicle failed to yield and impacted the passenger side. Significant structural intrusion along B-pillar and both passenger doors. Side curtain airbags deployed. Tow required.,Standard verification complete. Estimates match third-party independent inspection. Documentation verified.
CLM-2024-01373,CUST-03761,POL-005964,Fire,2023-02-09,2023-02-17,8,High-Value Marine Equipment Loss,Major,198285.25,300000.0,0.661,150.0,1321.9,Under Investigation,High,True,PHANTOM_LUXURY_BOAT_THEFT,Claimant alleges twin 350HP marine engines unbolted and removed from dry dock trailer overnight with no perimeter fence breaches or security footage. Claim amount matches maximum policy limit to the exact dollar. Title transfer completed only 3 weeks prior.,SIU Audit Triggered: Indicator matches PHANTOM_LUXURY_BOAT_THEFT. Significant inconsistencies in physical damage inspection vs reported narrative.
CLM-2024-01374,CUST-07508,POL-011820,Fire,2023-08-22,2023-08-29,7,Suspicious Early Inception Fire,Major,251663.11,300000.0,0.8389,150.0,1677.75,Under Investigation,High,True,RECENT_COVERAGE_SPIKE_FIRE,"Commercial property fire reported 9 days following policy contribution upgrade. Fire originated in storage room with two distinct, unlinked burn patterns detected by arson investigator. Stock inventory records requested but claimant unable to provide supporting receipts or tax filings.",SIU Audit Triggered: Indicator matches RECENT_COVERAGE_SPIKE_FIRE. Significant inconsistencies in physical damage inspection vs reported narrative.
CLM-2024-01375,CUST-08620,POL-013639,Caravan,2023-12-28,2023-12-30,2,Suspicious Multi-Party Collision,Moderate,7046.63,17500.0,0.4027,25.0,281.87,Under Investigation,Medium,True,STAGED_COLLISION_RING,Insured vehicle alleged sudden brake event leading to rear collision with third-party vehicle occupied by 4 unbelted passengers. All occupants retained same legal counsel and clinic on same business day. Identical soft tissue injury claims submitted. Vehicle damage pattern inconsistent with described low-speed impact velocity.,Potential Billing Discrepancy: Itemized labor and parts estimates exceed regional peer averages by 25-40%.
CLM-2024-01376,CUST-03148,POL-005033,Fire,2023-04-26,2023-05-04,8,Chimney / Fireplace Thermal Spread,Minor,7994.67,300000.0,0.0266,150.0,53.3,Approved,Low,False,NONE,Creosote buildup in masonry chimney flue sparked internal combustion. Thermal crack allowed embers into attic insulation. Prompt response by local brigade prevented full roof ignition. Flue relining and attic decontamination required.,Standard verification complete. Estimates match third-party independent inspection. Documentation verified.
CLM-2024-01377,CUST-03757,POL-005956,Auto,2023-03-15,2023-03-17,2,Catalytic Converter & Component Theft,Moderate,3373.87,120000.0,0.0281,3000.0,1.12,Settled,Low,False,NONE,Vehicle parked overnight in commuter lot. Exhaust system severed cleanly beneath chassis and catalytic converter removed. Oxygen sensors stripped. Comprehensive theft claim submitted with police report number.,Standard verification complete. Estimates match third-party independent inspection. Documentation verified.
CLM-2024-01378,CUST-06237,POL-009889,Fire,2024-01-19,2024-01-24,5,Electrical Fault Fire,Total Loss,40355.52,300000.0,0.1345,150.0,269.04,Open,Medium,False,NONE,Overheated breaker panel in basement initiated smoldering fire inside stud wall cavity. Flames traveled upward between floors before breaching living room drywall. Significant structural timber charring and complete electrical overhaul required.,Standard verification complete. Estimates match third-party independent inspection. Documentation verified.
CLM-2024-01379,CUST-05928,POL-009395,Fire,2023-01-27,2023-02-06,10,Kitchen Grease Fire,Moderate,30314.16,300000.0,0.101,150.0,202.09,Settled,Medium,False,NONE,"Deep fryer flare-up caused flame spread to kitchen drywall. Heat blistering across ceiling joists. Structural fire damage contained to kitchen area, but substantial soot cleanup needed throughout residence.",Standard verification complete. Estimates match third-party independent inspection. Documentation verified.
CLM-2024-01380,CUST-02049,POL-003276,Auto,2023-12-19,2023-12-30,11,Intersection T-Bone Impact,Major,12154.33,120000.0,0.1013,3000.0,4.05,Approved,Medium,False,NONE,Insured was proceeding on green light when a third-party vehicle failed to yield and impacted the passenger side. Significant structural intrusion along B-pillar and both passenger doors. Side curtain airbags deployed. Tow required.,Standard verification complete. Estimates match third-party independent inspection. Documentation verified.
CLM-2024-01381,CUST-08772,POL-013885,Auto,2023-03-21,2023-04-08,18,Intersection T-Bone Impact,Total Loss,14354.22,120000.0,0.1196,3000.0,4.78,Open,Medium,False,NONE,"Broadside collision at uncontrolled intersection during heavy rain. Front quarter panel, suspension, and steering rack compromised. Vehicle deemed unsafe to drive and towed to certified repair facility.",Standard verification complete. Estimates match third-party independent inspection. Documentation verified.
CLM-2024-01382,CUST-03658,POL-005811,Auto,2024-04-28,2024-05-01,3,Catalytic Converter & Component Theft,Moderate,3079.99,120000.0,0.0257,3000.0,1.03,Open,Low,False,NONE,"Insured discovered vehicle propped on cinder blocks in driveway with all four alloy wheels, tires, and brake assemblies stolen. Ground scuffs along rocker panels.",Standard verification complete. Estimates match third-party independent inspection. Documentation verified.
CLM-2024-01383,CUST-06192,POL-009823,Fire,2024-01-06,2024-01-11,5,Kitchen Grease Fire,Major,23202.76,400000.0,0.058,350.0,66.29,Settled,Medium,False,NONE,"Deep fryer flare-up caused flame spread to kitchen drywall. Heat blistering across ceiling joists. Structural fire damage contained to kitchen area, but substantial soot cleanup needed throughout residence.",Standard verification complete. Estimates match third-party independent inspection. Documentation verified.
CLM-2024-01384,CUST-02665,POL-004254,Auto,2024-02-24,2024-02-25,1,Single Vehicle Roadside Impact,Minor,1425.15,120000.0,0.0119,3000.0,0.48,Settled,Low,False,NONE,Loss of traction on black ice caused vehicle to slide into concrete median barrier. Front subframe and wheel rim cracked. No injuries reported.,Standard verification complete. Estimates match third-party independent inspection. Documentation verified.
CLM-2024-01385,CUST-04588,POL-007269,Fire,2023-08-24,2023-08-29,5,Electrical Fault Fire,Total Loss,171854.61,400000.0,0.4296,350.0,491.01,Settled,Medium,False,NONE,Overheated breaker panel in basement initiated smoldering fire inside stud wall cavity. Flames traveled upward between floors before breaching living room drywall. Significant structural timber charring and complete electrical overhaul required.,Standard verification complete. Estimates match third-party independent inspection. Documentation verified.
CLM-2024-01386,CUST-00290,POL-000460,Fire,2024-02-22,2024-02-28,6,Chimney / Fireplace Thermal Spread,Minor,4205.06,125000.0,0.0336,25.0,168.2,Settled,Low,False,NONE,Creosote buildup in masonry chimney flue sparked internal combustion. Thermal crack allowed embers into attic insulation. Prompt response by local brigade prevented full roof ignition. Flue relining and attic decontamination required.,Standard verification complete. Estimates match third-party independent inspection. Documentation verified.
CLM-2024-01387,CUST-03238,POL-005168,Auto,2024-06-01,2024-06-04,3,Intersection T-Bone Impact,Total Loss,46224.03,120000.0,0.3852,3000.0,15.41,Open,Medium,False,NONE,"Broadside collision at uncontrolled intersection during heavy rain. Front quarter panel, suspension, and steering rack compromised. Vehicle deemed unsafe to drive and towed to certified repair facility.",Standard verification complete. Estimates match third-party independent inspection. Documentation verified.
CLM-2024-01388,CUST-07154,POL-011289,Fire,2023-01-16,2023-01-19,3,Kitchen Grease Fire,Moderate,34980.76,200000.0,0.1749,75.0,466.41,Open,Medium,False,NONE,"Deep fryer flare-up caused flame spread to kitchen drywall. Heat blistering across ceiling joists. Structural fire damage contained to kitchen area, but substantial soot cleanup needed throughout residence.",Standard verification complete. Estimates match third-party independent inspection. Documentation verified.
CLM-2024-01389,CUST-03671,POL-005830,Auto,2023-05-10,2023-05-24,14,Rear-End Collision,Moderate,10032.29,120000.0,0.0836,3000.0,3.34,Settled,Low,False,NONE,"Insured vehicle was struck from behind while stationary at a signalized intersection. Rear bumper crushed, trunk lid misaligned, and tail light assemblies shattered. Airbags did not deploy. Claimant reported minor neck stiffness.",Standard verification complete. Estimates match third-party independent inspection. Documentation verified.
CLM-2024-01390,CUST-01170,POL-001883,Auto,2024-02-02,2024-02-05,3,Catalytic Converter & Component Theft,Moderate,3412.68,120000.0,0.0284,3000.0,1.14,Approved,Low,False,NONE,Vehicle parked overnight in commuter lot. Exhaust system severed cleanly beneath chassis and catalytic converter removed. Oxygen sensors stripped. Comprehensive theft claim submitted with police report number.,Standard verification complete. Estimates match third-party independent inspection. Documentation verified.
CLM-2024-01391,CUST-07539,POL-011884,Fire,2023-12-11,2023-12-21,10,Suspicious Multi-Party Collision,Moderate,15435.79,400000.0,0.0386,350.0,44.1,Open,High,True,STAGED_COLLISION_RING,Insured vehicle alleged sudden brake event leading to rear collision with third-party vehicle occupied by 4 unbelted passengers. All occupants retained same legal counsel and clinic on same business day. Identical soft tissue injury claims submitted. Vehicle damage pattern inconsistent with described low-speed impact velocity.,Potential Billing Discrepancy: Itemized labor and parts estimates exceed regional peer averages by 25-40%.
CLM-2024-01392,CUST-00299,POL-000471,Auto,2024-02-23,2024-02-28,5,Catalytic Converter & Component Theft,Moderate,3350.97,100000.0,0.0335,750.0,4.47,Approved,Low,False,NONE,"Insured discovered vehicle propped on cinder blocks in driveway with all four alloy wheels, tires, and brake assemblies stolen. Ground scuffs along rocker panels.",Standard verification complete. Estimates match third-party independent inspection. Documentation verified.
CLM-2024-01393,CUST-05254,POL-008328,Fire,2024-06-05,2024-06-23,18,Kitchen Grease Fire,Moderate,26507.75,400000.0,0.0663,350.0,75.74,Settled,Medium,False,NONE,"Unattended cooking oil ignited on stovetop, spreading rapidly to wooden cabinetry and exhaust hood. Fire department responded within 12 minutes. Heavy smoke damage throughout ground floor and water saturation across kitchen subflooring.",Standard verification complete. Estimates match third-party independent inspection. Documentation verified.
CLM-2024-01394,CUST-02418,POL-003837,Auto,2024-03-25,2024-04-02,8,Intersection T-Bone Impact,Total Loss,15189.19,120000.0,0.1266,3000.0,5.06,Settled,Medium,False,NONE,"Broadside collision at uncontrolled intersection during heavy rain. Front quarter panel, suspension, and steering rack compromised. Vehicle deemed unsafe to drive and towed to certified repair facility.",Standard verification complete. Estimates match third-party independent inspection. Documentation verified.
CLM-2024-01395,CUST-01542,POL-002482,Auto,2024-07-31,2024-08-05,5,Catalytic Converter & Component Theft,Moderate,3826.82,100000.0,0.0383,750.0,5.1,Open,Low,False,NONE,"Insured discovered vehicle propped on cinder blocks in driveway with all four alloy wheels, tires, and brake assemblies stolen. Ground scuffs along rocker panels.",Standard verification complete. Estimates match third-party independent inspection. Documentation verified.
CLM-2024-01396,CUST-05007,POL-007919,Fire,2023-08-04,2023-08-10,6,Suspicious Early Inception Fire,Major,15831.78,400000.0,0.0396,350.0,45.23,Open,High,True,RECENT_COVERAGE_SPIKE_FIRE,"Commercial property fire reported 9 days following policy contribution upgrade. Fire originated in storage room with two distinct, unlinked burn patterns detected by arson investigator. Stock inventory records requested but claimant unable to provide supporting receipts or tax filings.",Potential Billing Discrepancy: Itemized labor and parts estimates exceed regional peer averages by 25-40%.
CLM-2024-01397,CUST-02143,POL-003424,Fire,2023-10-22,2023-11-01,10,Electrical Fault Fire,Total Loss,56582.37,600000.0,0.0943,3000.0,18.86,Open,Medium,False,NONE,Faulty space heater wiring ignited living room drapery while residents were asleep. Smoke detectors alerted occupants. Fire caused severe burn-through of roof rafters and extensive water damage from fire brigade hoses.,Standard verification complete. Estimates match third-party independent inspection. Documentation verified.
CLM-2024-01398,CUST-06351,POL-010049,Auto,2023-04-19,2023-04-25,6,Intersection T-Bone Impact,Total Loss,14135.28,120000.0,0.1178,3000.0,4.71,Approved,Medium,False,NONE,"Broadside collision at uncontrolled intersection during heavy rain. Front quarter panel, suspension, and steering rack compromised. Vehicle deemed unsafe to drive and towed to certified repair facility.",Standard verification complete. Estimates match third-party independent inspection. Documentation verified.
CLM-2024-01399,CUST-07971,POL-012583,Fire,2023-01-29,2023-02-01,3,Chimney / Fireplace Thermal Spread,Minor,12320.39,500000.0,0.0246,750.0,16.43,Settled,Medium,False,NONE,Creosote buildup in masonry chimney flue sparked internal combustion. Thermal crack allowed embers into attic insulation. Prompt response by local brigade prevented full roof ignition. Flue relining and attic decontamination required.,Standard verification complete. Estimates match third-party independent inspection. Documentation verified.
CLM-2024-01400,CUST-04753,POL-007527,Fire,2024-08-07,2024-08-17,10,Electrical Fault Fire,Total Loss,109214.61,200000.0,0.5461,75.0,1456.19,Settled,Medium,False,NONE,Overheated breaker panel in basement initiated smoldering fire inside stud wall cavity. Flames traveled upward between floors before breaching living room drywall. Significant structural timber charring and complete electrical overhaul required.,Standard verification complete. Estimates match third-party independent inspection. Documentation verified.
CLM-2024-01401,CUST-05874,POL-009318,Fire,2023-05-03,2023-05-06,3,Electrical Fault Fire,Total Loss,196581.58,400000.0,0.4915,350.0,561.66,Under Investigation,Medium,False,NONE,Faulty space heater wiring ignited living room drapery while residents were asleep. Smoke detectors alerted occupants. Fire caused severe burn-through of roof rafters and extensive water damage from fire brigade hoses.,Standard verification complete. Estimates match third-party independent inspection. Documentation verified.
CLM-2024-01402,CUST-04817,POL-007625,Auto,2023-04-30,2023-05-12,12,Single Vehicle Roadside Impact,Minor,2837.35,120000.0,0.0236,3000.0,0.95,Settled,Low,False,NONE,"Insured swerved to avoid crossing wildlife on unlit rural road, colliding with roadside guardrail. Damage concentrated on driver front bumper, headlight, and wheel arch. No other vehicles involved.",Standard verification complete. Estimates match third-party independent inspection. Documentation verified.
CLM-2024-01403,CUST-03574,POL-005674,Fire,2024-06-09,2024-06-16,7,Chimney / Fireplace Thermal Spread,Minor,3388.01,400000.0,0.0085,350.0,9.68,Settled,Low,False,NONE,Creosote buildup in masonry chimney flue sparked internal combustion. Thermal crack allowed embers into attic insulation. Prompt response by local brigade prevented full roof ignition. Flue relining and attic decontamination required.,Standard verification complete. Estimates match third-party independent inspection. Documentation verified.
CLM-2024-01404,CUST-07775,POL-012272,Auto,2024-06-17,2024-06-19,2,Single Vehicle Roadside Impact,Minor,3868.12,100000.0,0.0387,750.0,5.16,Settled,Low,False,NONE,"Insured swerved to avoid crossing wildlife on unlit rural road, colliding with roadside guardrail. Damage concentrated on driver front bumper, headlight, and wheel arch. No other vehicles involved.",Standard verification complete. Estimates match third-party independent inspection. Documentation verified.
CLM-2024-01405,CUST-07214,POL-011373,Auto,2023-08-14,2023-08-15,1,Intersection T-Bone Impact,Major,33566.47,120000.0,0.2797,3000.0,11.19,Approved,Medium,False,NONE,"Broadside collision at uncontrolled intersection during heavy rain. Front quarter panel, suspension, and steering rack compromised. Vehicle deemed unsafe to drive and towed to certified repair facility.",Standard verification complete. Estimates match third-party independent inspection. Documentation verified.
CLM-2024-01406,CUST-07395,POL-011638,Caravan,2023-07-23,2023-08-03,11,Storm Hail and Tree Branch Impact,Minor,4134.41,17500.0,0.2363,25.0,165.38,Settled,Low,False,NONE,"Severe thunderstorm brought 2-inch hail and fallen pine limb onto mobile home aluminum roof. Punctured roof membrane, shattered skylight, and caused interior water intrusion onto living area carpet.",Standard verification complete. Estimates match third-party independent inspection. Documentation verified.
CLM-2024-01407,CUST-04358,POL-006898,Fire,2023-02-09,2023-02-17,8,Electrical Fault Fire,Total Loss,97014.29,400000.0,0.2425,350.0,277.18,Settled,Medium,False,NONE,Faulty space heater wiring ignited living room drapery while residents were asleep. Smoke detectors alerted occupants. Fire caused severe burn-through of roof rafters and extensive water damage from fire brigade hoses.,Standard verification complete. Estimates match third-party independent inspection. Documentation verified.
CLM-2024-01408,CUST-04292,POL-006795,Auto,2023-07-04,2023-07-08,4,Single Vehicle Roadside Impact,Minor,3605.65,120000.0,0.03,3000.0,1.2,Settled,Low,False,NONE,Loss of traction on black ice caused vehicle to slide into concrete median barrier. Front subframe and wheel rim cracked. No injuries reported.,Standard verification complete. Estimates match third-party independent inspection. Documentation verified.
CLM-2024-01409,CUST-07697,POL-012143,Fire,2024-07-10,2024-07-18,8,Electrical Fault Fire,Total Loss,172892.71,400000.0,0.4322,350.0,493.98,Open,Medium,False,NONE,Overheated breaker panel in basement initiated smoldering fire inside stud wall cavity. Flames traveled upward between floors before breaching living room drywall. Significant structural timber charring and complete electrical overhaul required.,Standard verification complete. Estimates match third-party independent inspection. Documentation verified.
CLM-2024-01410,CUST-05270,POL-008357,Auto,2024-03-05,2024-03-08,3,Catalytic Converter & Component Theft,Moderate,1539.81,100000.0,0.0154,750.0,2.05,Settled,Low,False,NONE,Vehicle parked overnight in commuter lot. Exhaust system severed cleanly beneath chassis and catalytic converter removed. Oxygen sensors stripped. Comprehensive theft claim submitted with police report number.,Standard verification complete. Estimates match third-party independent inspection. Documentation verified.
CLM-2024-01411,CUST-06356,POL-010055,Fire,2023-04-27,2023-04-30,3,Electrical Fault Fire,Total Loss,136774.73,300000.0,0.4559,150.0,911.83,Approved,Medium,False,NONE,Overheated breaker panel in basement initiated smoldering fire inside stud wall cavity. Flames traveled upward between floors before breaching living room drywall. Significant structural timber charring and complete electrical overhaul required.,Standard verification complete. Estimates match third-party independent inspection. Documentation verified.
CLM-2024-01412,CUST-02808,POL-004472,Fire,2024-02-26,2024-02-29,3,Chimney / Fireplace Thermal Spread,Minor,6627.76,200000.0,0.0331,75.0,88.37,Open,Low,False,NONE,Creosote buildup in masonry chimney flue sparked internal combustion. Thermal crack allowed embers into attic insulation. Prompt response by local brigade prevented full roof ignition. Flue relining and attic decontamination required.,Standard verification complete. Estimates match third-party independent inspection. Documentation verified.
CLM-2024-01413,CUST-00338,POL-000542,Fire,2023-03-04,2023-03-06,2,Chimney / Fireplace Thermal Spread,Moderate,11552.18,300000.0,0.0385,150.0,77.01,Approved,Low,False,NONE,Creosote buildup in masonry chimney flue sparked internal combustion. Thermal crack allowed embers into attic insulation. Prompt response by local brigade prevented full roof ignition. Flue relining and attic decontamination required.,Standard verification complete. Estimates match third-party independent inspection. Documentation verified.
CLM-2024-01414,CUST-03971,POL-006280,Auto,2023-09-24,2023-09-27,3,Rear-End Collision,Moderate,4521.72,120000.0,0.0377,3000.0,1.51,Approved,Low,False,NONE,"Vehicle was rear-ended in heavy stop-and-go highway traffic. Impact pushed vehicle into leading car, resulting in front and rear fascia damage. Radiator support cracked. Police report filed at scene.",Standard verification complete. Estimates match third-party independent inspection. Documentation verified.
CLM-2024-01415,CUST-07904,POL-012466,Fire,2024-02-24,2024-02-29,5,Kitchen Grease Fire,Moderate,9882.8,300000.0,0.0329,150.0,65.89,Under Investigation,Low,False,NONE,"Unattended cooking oil ignited on stovetop, spreading rapidly to wooden cabinetry and exhaust hood. Fire department responded within 12 minutes. Heavy smoke damage throughout ground floor and water saturation across kitchen subflooring.",Standard verification complete. Estimates match third-party independent inspection. Documentation verified.
CLM-2024-01416,CUST-06885,POL-010861,Auto,2023-05-13,2023-05-17,4,Rear-End Collision,Major,2656.27,100000.0,0.0266,750.0,3.54,Approved,Low,False,NONE,"Insured vehicle was struck from behind while stationary at a signalized intersection. Rear bumper crushed, trunk lid misaligned, and tail light assemblies shattered. Airbags did not deploy. Claimant reported minor neck stiffness.",Standard verification complete. Estimates match third-party independent inspection. Documentation verified.
CLM-2024-01417,CUST-03783,POL-006001,Caravan,2024-07-20,2024-07-27,7,Storm Hail and Tree Branch Impact,Minor,2618.12,17500.0,0.1496,25.0,104.72,Settled,Low,False,NONE,"Severe thunderstorm brought 2-inch hail and fallen pine limb onto mobile home aluminum roof. Punctured roof membrane, shattered skylight, and caused interior water intrusion onto living area carpet.",Standard verification complete. Estimates match third-party independent inspection. Documentation verified.
CLM-2024-01418,CUST-07176,POL-011326,Auto,2023-08-23,2023-08-28,5,Single Vehicle Roadside Impact,Minor,1961.12,120000.0,0.0163,3000.0,0.65,Approved,Low,False,NONE,Loss of traction on black ice caused vehicle to slide into concrete median barrier. Front subframe and wheel rim cracked. No injuries reported.,Standard verification complete. Estimates match third-party independent inspection. Documentation verified.
CLM-2024-01419,CUST-01338,POL-002155,Auto,2023-02-06,2023-02-09,3,Rear-End Collision,Major,10128.42,120000.0,0.0844,3000.0,3.38,Settled,Low,False,NONE,"Insured vehicle was struck from behind while stationary at a signalized intersection. Rear bumper crushed, trunk lid misaligned, and tail light assemblies shattered. Airbags did not deploy. Claimant reported minor neck stiffness.",Standard verification complete. Estimates match third-party independent inspection. Documentation verified.
CLM-2024-01420,CUST-08075,POL-012749,Auto,2023-01-25,2023-02-03,9,Intersection T-Bone Impact,Total Loss,91496.45,120000.0,0.7625,3000.0,30.5,Approved,Medium,False,NONE,Insured was proceeding on green light when a third-party vehicle failed to yield and impacted the passenger side. Significant structural intrusion along B-pillar and both passenger doors. Side curtain airbags deployed. Tow required.,"Comprehensive field adjuster verification complete. Police report, independent surveyor report, and official repair bids on file. Verified genuine catastrophic loss."
CLM-2024-01421,CUST-01320,POL-002123,Auto,2024-02-15,2024-02-19,4,Intersection T-Bone Impact,Total Loss,13802.48,120000.0,0.115,3000.0,4.6,Settled,Medium,False,NONE,"Broadside collision at uncontrolled intersection during heavy rain. Front quarter panel, suspension, and steering rack compromised. Vehicle deemed unsafe to drive and towed to certified repair facility.",Standard verification complete. Estimates match third-party independent inspection. Documentation verified.
CLM-2024-01422,CUST-05994,POL-009497,Fire,2024-03-01,2024-03-05,4,Kitchen Grease Fire,Moderate,26917.41,300000.0,0.0897,150.0,179.45,Settled,Medium,False,NONE,"Unattended cooking oil ignited on stovetop, spreading rapidly to wooden cabinetry and exhaust hood. Fire department responded within 12 minutes. Heavy smoke damage throughout ground floor and water saturation across kitchen subflooring.",Standard verification complete. Estimates match third-party independent inspection. Documentation verified.
CLM-2024-01423,CUST-02926,POL-004672,Auto,2023-11-16,2023-11-19,3,Single Vehicle Roadside Impact,Moderate,5498.08,120000.0,0.0458,3000.0,1.83,Settled,Low,False,NONE,"Insured swerved to avoid crossing wildlife on unlit rural road, colliding with roadside guardrail. Damage concentrated on driver front bumper, headlight, and wheel arch. No other vehicles involved.",Standard verification complete. Estimates match third-party independent inspection. Documentation verified.
CLM-2024-01424,CUST-04539,POL-007200,Fire,2024-08-13,2024-08-15,2,Electrical Fault Fire,Total Loss,65336.7,300000.0,0.2178,150.0,435.58,Settled,Medium,False,NONE,Faulty space heater wiring ignited living room drapery while residents were asleep. Smoke detectors alerted occupants. Fire caused severe burn-through of roof rafters and extensive water damage from fire brigade hoses.,Standard verification complete. Estimates match third-party independent inspection. Documentation verified.
CLM-2024-01425,CUST-02142,POL-003421,Fire,2023-10-19,2023-11-01,13,Chimney / Fireplace Thermal Spread,Minor,6217.32,300000.0,0.0207,150.0,41.45,Settled,Low,False,NONE,Creosote buildup in masonry chimney flue sparked internal combustion. Thermal crack allowed embers into attic insulation. Prompt response by local brigade prevented full roof ignition. Flue relining and attic decontamination required.,Standard verification complete. Estimates match third-party independent inspection. Documentation verified.
CLM-2024-01426,CUST-08176,POL-012892,Auto,2024-07-13,2024-07-16,3,Rear-End Collision,Moderate,1103.18,120000.0,0.0092,3000.0,0.37,Approved,Low,False,NONE,"Insured vehicle was struck from behind while stationary at a signalized intersection. Rear bumper crushed, trunk lid misaligned, and tail light assemblies shattered. Airbags did not deploy. Claimant reported minor neck stiffness.",Standard verification complete. Estimates match third-party independent inspection. Documentation verified.
CLM-2024-01427,CUST-02697,POL-004308,Fire,2024-05-03,2024-05-12,9,Chimney / Fireplace Thermal Spread,Minor,7743.93,200000.0,0.0387,75.0,103.25,Under Investigation,Low,False,NONE,Creosote buildup in masonry chimney flue sparked internal combustion. Thermal crack allowed embers into attic insulation. Prompt response by local brigade prevented full roof ignition. Flue relining and attic decontamination required.,Standard verification complete. Estimates match third-party independent inspection. Documentation verified.
CLM-2024-01428,CUST-04030,POL-006379,Auto,2023-06-23,2023-07-17,24,High-Value Marine Equipment Loss,Major,80044.11,120000.0,0.667,3000.0,26.68,Under Investigation,High,True,PHANTOM_LUXURY_BOAT_THEFT,Claimant alleges twin 350HP marine engines unbolted and removed from dry dock trailer overnight with no perimeter fence breaches or security footage. Claim amount matches maximum policy limit to the exact dollar. Title transfer completed only 3 weeks prior.,SIU Audit Triggered: Indicator matches PHANTOM_LUXURY_BOAT_THEFT. Significant inconsistencies in physical damage inspection vs reported narrative.
CLM-2024-01429,CUST-01287,POL-002072,Fire,2024-02-17,2024-02-20,3,High-Value Marine Equipment Loss,Moderate,15207.57,200000.0,0.076,75.0,202.77,Open,High,True,PHANTOM_LUXURY_BOAT_THEFT,Claimant alleges twin 350HP marine engines unbolted and removed from dry dock trailer overnight with no perimeter fence breaches or security footage. Claim amount matches maximum policy limit to the exact dollar. Title transfer completed only 3 weeks prior.,Potential Billing Discrepancy: Itemized labor and parts estimates exceed regional peer averages by 25-40%.
CLM-2024-01430,CUST-03165,POL-005049,Fire,2023-11-15,2023-11-24,9,Chimney / Fireplace Thermal Spread,Moderate,16054.87,200000.0,0.0803,75.0,214.06,Settled,Medium,False,NONE,Creosote buildup in masonry chimney flue sparked internal combustion. Thermal crack allowed embers into attic insulation. Prompt response by local brigade prevented full roof ignition. Flue relining and attic decontamination required.,Standard verification complete. Estimates match third-party independent inspection. Documentation verified.
CLM-2024-01431,CUST-00531,POL-000851,Auto,2023-10-02,2023-10-09,7,Intersection T-Bone Impact,Total Loss,20992.07,120000.0,0.1749,3000.0,7.0,Approved,Medium,False,NONE,"Broadside collision at uncontrolled intersection during heavy rain. Front quarter panel, suspension, and steering rack compromised. Vehicle deemed unsafe to drive and towed to certified repair facility.",Standard verification complete. Estimates match third-party independent inspection. Documentation verified.
CLM-2024-01432,CUST-04821,POL-007632,Fire,2024-05-09,2024-05-18,9,Chimney / Fireplace Thermal Spread,Minor,2672.4,400000.0,0.0067,350.0,7.64,Settled,Low,False,NONE,Creosote buildup in masonry chimney flue sparked internal combustion. Thermal crack allowed embers into attic insulation. Prompt response by local brigade prevented full roof ignition. Flue relining and attic decontamination required.,Standard verification complete. Estimates match third-party independent inspection. Documentation verified.
CLM-2024-01433,CUST-06893,POL-010871,Auto,2024-06-16,2024-06-20,4,Inflated Water Restoration,Moderate,21039.06,120000.0,0.1753,3000.0,7.01,Under Investigation,High,True,INFLATED_WATER_REPAIR,"Claim submitted for sudden pipe rupture in unoccupied guest wing. Restoration contractor billed 24 industrial air movers and 6 commercial dehumidifiers for 21 days continuously, exceeding standard mitigation duration by 400%. Demolition invoices include pre-existing renovation materials not damaged by water.",Potential Billing Discrepancy: Itemized labor and parts estimates exceed regional peer averages by 25-40%.
CLM-2024-01434,CUST-08385,POL-013239,Auto,2024-03-10,2024-03-17,7,High-Value Marine Equipment Loss,Moderate,25834.5,100000.0,0.2583,750.0,34.45,Settled,High,True,PHANTOM_LUXURY_BOAT_THEFT,Claimant alleges twin 350HP marine engines unbolted and removed from dry dock trailer overnight with no perimeter fence breaches or security footage. Claim amount matches maximum policy limit to the exact dollar. Title transfer completed only 3 weeks prior.,Potential Billing Discrepancy: Itemized labor and parts estimates exceed regional peer averages by 25-40%.
CLM-2024-01435,CUST-02861,POL-004572,Fire,2023-01-10,2023-01-13,3,Electrical Fault Fire,Major,114062.87,200000.0,0.5703,75.0,1520.84,Open,Medium,False,NONE,Faulty space heater wiring ignited living room drapery while residents were asleep. Smoke detectors alerted occupants. Fire caused severe burn-through of roof rafters and extensive water damage from fire brigade hoses.,Standard verification complete. Estimates match third-party independent inspection. Documentation verified.
CLM-2024-01436,CUST-06371,POL-010074,Fire,2023-11-27,2023-12-09,12,Chimney / Fireplace Thermal Spread,Moderate,14743.26,600000.0,0.0246,3000.0,4.91,Settled,Medium,False,NONE,Creosote buildup in masonry chimney flue sparked internal combustion. Thermal crack allowed embers into attic insulation. Prompt response by local brigade prevented full roof ignition. Flue relining and attic decontamination required.,Standard verification complete. Estimates match third-party independent inspection. Documentation verified.
CLM-2024-01437,CUST-02379,POL-003775,Fire,2024-01-16,2024-01-17,1,Chimney / Fireplace Thermal Spread,Moderate,15339.27,300000.0,0.0511,150.0,102.26,Open,Medium,False,NONE,Creosote buildup in masonry chimney flue sparked internal combustion. Thermal crack allowed embers into attic insulation. Prompt response by local brigade prevented full roof ignition. Flue relining and attic decontamination required.,Standard verification complete. Estimates match third-party independent inspection. Documentation verified.
CLM-2024-01438,CUST-07153,POL-011287,Auto,2023-05-19,2023-05-24,5,Intersection T-Bone Impact,Total Loss,77484.72,120000.0,0.6457,3000.0,25.83,Settled,Medium,False,NONE,"Broadside collision at uncontrolled intersection during heavy rain. Front quarter panel, suspension, and steering rack compromised. Vehicle deemed unsafe to drive and towed to certified repair facility.","Comprehensive field adjuster verification complete. Police report, independent surveyor report, and official repair bids on file. Verified genuine catastrophic loss."
CLM-2024-01439,CUST-00117,POL-000192,Auto,2023-01-06,2023-01-25,19,Inflated Water Restoration,Major,58760.45,120000.0,0.4897,3000.0,19.59,Under Investigation,High,True,INFLATED_WATER_REPAIR,"Claim submitted for sudden pipe rupture in unoccupied guest wing. Restoration contractor billed 24 industrial air movers and 6 commercial dehumidifiers for 21 days continuously, exceeding standard mitigation duration by 400%. Demolition invoices include pre-existing renovation materials not damaged by water.",SIU Audit Triggered: Indicator matches INFLATED_WATER_REPAIR. Significant inconsistencies in physical damage inspection vs reported narrative.
CLM-2024-01440,CUST-02651,POL-004222,Fire,2024-04-14,2024-05-15,31,Suspicious Multi-Party Collision,Major,204371.32,300000.0,0.6812,150.0,1362.48,Under Investigation,High,True,STAGED_COLLISION_RING,Insured vehicle alleged sudden brake event leading to rear collision with third-party vehicle occupied by 4 unbelted passengers. All occupants retained same legal counsel and clinic on same business day. Identical soft tissue injury claims submitted. Vehicle damage pattern inconsistent with described low-speed impact velocity.,SIU Audit Triggered: Indicator matches STAGED_COLLISION_RING. Significant inconsistencies in physical damage inspection vs reported narrative.
CLM-2024-01441,CUST-03835,POL-006064,Caravan,2023-03-10,2023-03-19,9,Storm Hail and Tree Branch Impact,Minor,8776.19,17500.0,0.5015,25.0,351.05,Settled,Low,False,NONE,High winds at holiday park caused awning detachment and side panel punctures. Water entered electrical breaker enclosure.,Standard verification complete. Estimates match third-party independent inspection. Documentation verified.
CLM-2024-01442,CUST-06358,POL-010057,Fire,2024-03-12,2024-03-19,7,Chimney / Fireplace Thermal Spread,Moderate,12046.24,400000.0,0.0301,350.0,34.42,Settled,Medium,False,NONE,Creosote buildup in masonry chimney flue sparked internal combustion. Thermal crack allowed embers into attic insulation. Prompt response by local brigade prevented full roof ignition. Flue relining and attic decontamination required.,Standard verification complete. Estimates match third-party independent inspection. Documentation verified.
CLM-2024-01443,CUST-07386,POL-011627,Fire,2023-07-27,2023-07-28,1,Kitchen Grease Fire,Moderate,22875.5,400000.0,0.0572,350.0,65.36,Settled,Medium,False,NONE,"Unattended cooking oil ignited on stovetop, spreading rapidly to wooden cabinetry and exhaust hood. Fire department responded within 12 minutes. Heavy smoke damage throughout ground floor and water saturation across kitchen subflooring.",Standard verification complete. Estimates match third-party independent inspection. Documentation verified.
CLM-2024-01444,CUST-06894,POL-010872,Auto,2024-06-18,2024-06-25,7,High-Value Marine Equipment Loss,Major,23165.1,120000.0,0.193,3000.0,7.72,Settled,High,True,PHANTOM_LUXURY_BOAT_THEFT,Claimant alleges twin 350HP marine engines unbolted and removed from dry dock trailer overnight with no perimeter fence breaches or security footage. Claim amount matches maximum policy limit to the exact dollar. Title transfer completed only 3 weeks prior.,Potential Billing Discrepancy: Itemized labor and parts estimates exceed regional peer averages by 25-40%.
CLM-2024-01445,CUST-05904,POL-009359,Auto,2024-04-29,2024-05-07,8,Intersection T-Bone Impact,Moderate,23458.56,140000.0,0.1676,7500.0,3.13,Settled,Medium,False,NONE,Insured was proceeding on green light when a third-party vehicle failed to yield and impacted the passenger side. Significant structural intrusion along B-pillar and both passenger doors. Side curtain airbags deployed. Tow required.,Standard verification complete. Estimates match third-party independent inspection. Documentation verified.
CLM-2024-01446,CUST-04897,POL-007740,Caravan,2023-05-31,2023-06-02,2,Storm Hail and Tree Branch Impact,Minor,3967.69,17500.0,0.2267,25.0,158.71,Open,Low,False,NONE,High winds at holiday park caused awning detachment and side panel punctures. Water entered electrical breaker enclosure.,Standard verification complete. Estimates match third-party independent inspection. Documentation verified.
CLM-2024-01447,CUST-00808,POL-001279,Fire,2024-06-07,2024-06-08,1,High-Value Marine Equipment Loss,Major,53854.47,125000.0,0.4308,25.0,2154.18,Under Investigation,High,True,PHANTOM_LUXURY_BOAT_THEFT,Claimant alleges twin 350HP marine engines unbolted and removed from dry dock trailer overnight with no perimeter fence breaches or security footage. Claim amount matches maximum policy limit to the exact dollar. Title transfer completed only 3 weeks prior.,Policy Inception Audit: High-severity claim filed immediately following policy coverage modification.
CLM-2024-01448,CUST-06768,POL-010680,Fire,2023-05-01,2023-05-11,10,Kitchen Grease Fire,Major,69285.66,400000.0,0.1732,350.0,197.96,Settled,Medium,False,NONE,"Deep fryer flare-up caused flame spread to kitchen drywall. Heat blistering across ceiling joists. Structural fire damage contained to kitchen area, but substantial soot cleanup needed throughout residence.",Standard verification complete. Estimates match third-party independent inspection. Documentation verified.
CLM-2024-01449,CUST-09765,POL-015446,Caravan,2023-11-21,2023-11-26,5,Storm Hail and Tree Branch Impact,Minor,7375.49,17500.0,0.4215,25.0,295.02,Approved,Low,False,NONE,"Severe thunderstorm brought 2-inch hail and fallen pine limb onto mobile home aluminum roof. Punctured roof membrane, shattered skylight, and caused interior water intrusion onto living area carpet.",Standard verification complete. Estimates match third-party independent inspection. Documentation verified.
CLM-2024-01450,CUST-07780,POL-012278,Auto,2024-07-27,2024-07-29,2,Catalytic Converter & Component Theft,Moderate,3310.49,100000.0,0.0331,750.0,4.41,Settled,Low,False,NONE,"Insured discovered vehicle propped on cinder blocks in driveway with all four alloy wheels, tires, and brake assemblies stolen. Ground scuffs along rocker panels.",Standard verification complete. Estimates match third-party independent inspection. Documentation verified.
CLM-2024-01451,CUST-08339,POL-013172,Fire,2023-01-26,2023-02-01,6,Electrical Fault Fire,Total Loss,63629.54,400000.0,0.1591,350.0,181.8,Settled,Medium,False,NONE,Faulty space heater wiring ignited living room drapery while residents were asleep. Smoke detectors alerted occupants. Fire caused severe burn-through of roof rafters and extensive water damage from fire brigade hoses.,Standard verification complete. Estimates match third-party independent inspection. Documentation verified.
CLM-2024-01452,CUST-07620,POL-012015,Fire,2023-07-15,2023-07-18,3,Electrical Fault Fire,Total Loss,212458.51,400000.0,0.5311,350.0,607.02,Settled,Medium,False,NONE,Overheated breaker panel in basement initiated smoldering fire inside stud wall cavity. Flames traveled upward between floors before breaching living room drywall. Significant structural timber charring and complete electrical overhaul required.,Standard verification complete. Estimates match third-party independent inspection. Documentation verified.
CLM-2024-01453,CUST-07993,POL-012625,Fire,2023-07-19,2023-07-22,3,Kitchen Grease Fire,Major,29704.92,400000.0,0.0743,350.0,84.87,Settled,Medium,False,NONE,"Deep fryer flare-up caused flame spread to kitchen drywall. Heat blistering across ceiling joists. Structural fire damage contained to kitchen area, but substantial soot cleanup needed throughout residence.",Standard verification complete. Estimates match third-party independent inspection. Documentation verified.
CLM-2024-01454,CUST-02875,POL-004597,Fire,2023-10-07,2023-10-15,8,Kitchen Grease Fire,Major,73450.91,400000.0,0.1836,350.0,209.86,Approved,Medium,False,NONE,"Deep fryer flare-up caused flame spread to kitchen drywall. Heat blistering across ceiling joists. Structural fire damage contained to kitchen area, but substantial soot cleanup needed throughout residence.",Standard verification complete. Estimates match third-party independent inspection. Documentation verified.
CLM-2024-01455,CUST-00470,POL-000757,Fire,2023-02-28,2023-03-05,5,Chimney / Fireplace Thermal Spread,Minor,7041.98,400000.0,0.0176,350.0,20.12,Settled,Low,False,NONE,Creosote buildup in masonry chimney flue sparked internal combustion. Thermal crack allowed embers into attic insulation. Prompt response by local brigade prevented full roof ignition. Flue relining and attic decontamination required.,Standard verification complete. Estimates match third-party independent inspection. Documentation verified.
CLM-2024-01456,CUST-09487,POL-015015,Fire,2024-07-12,2024-07-19,7,Kitchen Grease Fire,Moderate,42366.85,300000.0,0.1412,150.0,282.45,Settled,Medium,False,NONE,"Deep fryer flare-up caused flame spread to kitchen drywall. Heat blistering across ceiling joists. Structural fire damage contained to kitchen area, but substantial soot cleanup needed throughout residence.",Standard verification complete. Estimates match third-party independent inspection. Documentation verified.
CLM-2024-01457,CUST-03900,POL-006163,Auto,2023-05-15,2023-05-27,12,Rear-End Collision,Moderate,6275.57,120000.0,0.0523,3000.0,2.09,Settled,Low,False,NONE,"Insured vehicle was struck from behind while stationary at a signalized intersection. Rear bumper crushed, trunk lid misaligned, and tail light assemblies shattered. Airbags did not deploy. Claimant reported minor neck stiffness.",Standard verification complete. Estimates match third-party independent inspection. Documentation verified.
CLM-2024-01458,CUST-08927,POL-014116,Fire,2024-07-11,2024-08-01,21,Inflated Water Restoration,Major,277918.94,400000.0,0.6948,350.0,794.05,Under Investigation,High,True,INFLATED_WATER_REPAIR,"Claim submitted for sudden pipe rupture in unoccupied guest wing. Restoration contractor billed 24 industrial air movers and 6 commercial dehumidifiers for 21 days continuously, exceeding standard mitigation duration by 400%. Demolition invoices include pre-existing renovation materials not damaged by water.",SIU Audit Triggered: Indicator matches INFLATED_WATER_REPAIR. Significant inconsistencies in physical damage inspection vs reported narrative.
CLM-2024-01459,CUST-03401,POL-005416,Fire,2023-12-07,2023-12-09,2,Chimney / Fireplace Thermal Spread,Moderate,13802.62,400000.0,0.0345,350.0,39.44,Open,Medium,False,NONE,Creosote buildup in masonry chimney flue sparked internal combustion. Thermal crack allowed embers into attic insulation. Prompt response by local brigade prevented full roof ignition. Flue relining and attic decontamination required.,Standard verification complete. Estimates match third-party independent inspection. Documentation verified.
CLM-2024-01460,CUST-06433,POL-010173,Fire,2024-02-17,2024-02-21,4,Electrical Fault Fire,Major,125712.2,300000.0,0.419,150.0,838.08,Settled,Medium,False,NONE,Overheated breaker panel in basement initiated smoldering fire inside stud wall cavity. Flames traveled upward between floors before breaching living room drywall. Significant structural timber charring and complete electrical overhaul required.,Standard verification complete. Estimates match third-party independent inspection. Documentation verified.
CLM-2024-01461,CUST-08063,POL-012733,Fire,2023-06-26,2023-06-30,4,Electrical Fault Fire,Major,111986.81,400000.0,0.28,350.0,319.96,Settled,Medium,False,NONE,Faulty space heater wiring ignited living room drapery while residents were asleep. Smoke detectors alerted occupants. Fire caused severe burn-through of roof rafters and extensive water damage from fire brigade hoses.,Standard verification complete. Estimates match third-party independent inspection. Documentation verified.
CLM-2024-01462,CUST-01782,POL-002866,Fire,2023-01-04,2023-01-08,4,Electrical Fault Fire,Total Loss,155046.07,300000.0,0.5168,150.0,1033.64,Approved,Medium,False,NONE,Faulty space heater wiring ignited living room drapery while residents were asleep. Smoke detectors alerted occupants. Fire caused severe burn-through of roof rafters and extensive water damage from fire brigade hoses.,Standard verification complete. Estimates match third-party independent inspection. Documentation verified.
CLM-2024-01463,CUST-07563,POL-011926,Fire,2024-04-19,2024-05-02,13,Suspicious Multi-Party Collision,Major,96425.09,200000.0,0.4821,75.0,1285.67,Under Investigation,High,True,STAGED_COLLISION_RING,Insured vehicle alleged sudden brake event leading to rear collision with third-party vehicle occupied by 4 unbelted passengers. All occupants retained same legal counsel and clinic on same business day. Identical soft tissue injury claims submitted. Vehicle damage pattern inconsistent with described low-speed impact velocity.,SIU Audit Triggered: Indicator matches STAGED_COLLISION_RING. Significant inconsistencies in physical damage inspection vs reported narrative.
CLM-2024-01464,CUST-00241,POL-000375,Auto,2023-11-22,2023-11-27,5,Suspicious Multi-Party Collision,Moderate,26446.54,120000.0,0.2204,3000.0,8.82,Under Investigation,High,True,STAGED_COLLISION_RING,Insured vehicle alleged sudden brake event leading to rear collision with third-party vehicle occupied by 4 unbelted passengers. All occupants retained same legal counsel and clinic on same business day. Identical soft tissue injury claims submitted. Vehicle damage pattern inconsistent with described low-speed impact velocity.,Potential Billing Discrepancy: Itemized labor and parts estimates exceed regional peer averages by 25-40%.
CLM-2024-01465,CUST-03112,POL-004980,Auto,2024-04-16,2024-04-29,13,Rear-End Collision,Major,9900.11,120000.0,0.0825,3000.0,3.3,Open,Low,False,NONE,"Insured vehicle was struck from behind while stationary at a signalized intersection. Rear bumper crushed, trunk lid misaligned, and tail light assemblies shattered. Airbags did not deploy. Claimant reported minor neck stiffness.",Standard verification complete. Estimates match third-party independent inspection. Documentation verified.
CLM-2024-01466,CUST-01558,POL-002513,Fire,2023-05-16,2023-05-19,3,Electrical Fault Fire,Major,57424.79,400000.0,0.1436,350.0,164.07,Settled,Medium,False,NONE,Faulty space heater wiring ignited living room drapery while residents were asleep. Smoke detectors alerted occupants. Fire caused severe burn-through of roof rafters and extensive water damage from fire brigade hoses.,Standard verification complete. Estimates match third-party independent inspection. Documentation verified.
CLM-2024-01467,CUST-08455,POL-013354,Caravan,2023-08-20,2023-08-21,1,Storm Hail and Tree Branch Impact,Moderate,6380.11,17500.0,0.3646,25.0,255.2,Approved,Low,False,NONE,"Severe thunderstorm brought 2-inch hail and fallen pine limb onto mobile home aluminum roof. Punctured roof membrane, shattered skylight, and caused interior water intrusion onto living area carpet.",Standard verification complete. Estimates match third-party independent inspection. Documentation verified.
CLM-2024-01468,CUST-09453,POL-014965,Auto,2024-05-16,2024-05-21,5,Single Vehicle Roadside Impact,Moderate,6233.72,100000.0,0.0623,750.0,8.31,Approved,Low,False,NONE,Loss of traction on black ice caused vehicle to slide into concrete median barrier. Front subframe and wheel rim cracked. No injuries reported.,Standard verification complete. Estimates match third-party independent inspection. Documentation verified.
CLM-2024-01469,CUST-03908,POL-006183,Fire,2023-06-24,2023-06-30,6,Kitchen Grease Fire,Major,24929.16,300000.0,0.0831,150.0,166.19,Approved,Medium,False,NONE,"Unattended cooking oil ignited on stovetop, spreading rapidly to wooden cabinetry and exhaust hood. Fire department responded within 12 minutes. Heavy smoke damage throughout ground floor and water saturation across kitchen subflooring.",Standard verification complete. Estimates match third-party independent inspection. Documentation verified.
CLM-2024-01470,CUST-06301,POL-009977,Fire,2023-10-23,2023-11-02,10,Kitchen Grease Fire,Major,57287.44,400000.0,0.1432,350.0,163.68,Settled,Medium,False,NONE,"Deep fryer flare-up caused flame spread to kitchen drywall. Heat blistering across ceiling joists. Structural fire damage contained to kitchen area, but substantial soot cleanup needed throughout residence.",Standard verification complete. Estimates match third-party independent inspection. Documentation verified.
CLM-2024-01471,CUST-00808,POL-001279,Fire,2023-02-02,2023-02-08,6,Kitchen Grease Fire,Moderate,35473.67,125000.0,0.2838,25.0,1418.95,Settled,Medium,False,NONE,"Deep fryer flare-up caused flame spread to kitchen drywall. Heat blistering across ceiling joists. Structural fire damage contained to kitchen area, but substantial soot cleanup needed throughout residence.",Standard verification complete. Estimates match third-party independent inspection. Documentation verified.
CLM-2024-01472,CUST-07348,POL-011574,Auto,2023-02-04,2023-02-17,13,Single Vehicle Roadside Impact,Minor,1071.75,120000.0,0.0089,3000.0,0.36,Settled,Low,False,NONE,Loss of traction on black ice caused vehicle to slide into concrete median barrier. Front subframe and wheel rim cracked. No injuries reported.,Standard verification complete. Estimates match third-party independent inspection. Documentation verified.
CLM-2024-01473,CUST-03037,POL-004857,Fire,2023-04-13,2023-04-20,7,Kitchen Grease Fire,Major,45768.9,400000.0,0.1144,350.0,130.77,Approved,Medium,False,NONE,"Deep fryer flare-up caused flame spread to kitchen drywall. Heat blistering across ceiling joists. Structural fire damage contained to kitchen area, but substantial soot cleanup needed throughout residence.",Standard verification complete. Estimates match third-party independent inspection. Documentation verified.
CLM-2024-01474,CUST-03975,POL-006288,Auto,2024-04-12,2024-05-14,32,Catalytic Converter & Component Theft,Moderate,2437.28,120000.0,0.0203,3000.0,0.81,Settled,Low,False,NONE,"Insured discovered vehicle propped on cinder blocks in driveway with all four alloy wheels, tires, and brake assemblies stolen. Ground scuffs along rocker panels.",Standard verification complete. Estimates match third-party independent inspection. Documentation verified.
CLM-2024-01475,CUST-09645,POL-015243,Auto,2024-02-15,2024-02-20,5,Single Vehicle Roadside Impact,Minor,5487.77,120000.0,0.0457,3000.0,1.83,Settled,Low,False,NONE,"Insured swerved to avoid crossing wildlife on unlit rural road, colliding with roadside guardrail. Damage concentrated on driver front bumper, headlight, and wheel arch. No other vehicles involved.",Standard verification complete. Estimates match third-party independent inspection. Documentation verified.
CLM-2024-01476,CUST-03359,POL-005339,Auto,2023-10-03,2023-10-09,6,Catalytic Converter & Component Theft,Minor,2551.06,100000.0,0.0255,750.0,3.4,Open,Low,False,NONE,Vehicle parked overnight in commuter lot. Exhaust system severed cleanly beneath chassis and catalytic converter removed. Oxygen sensors stripped. Comprehensive theft claim submitted with police report number.,Standard verification complete. Estimates match third-party independent inspection. Documentation verified.
CLM-2024-01477,CUST-01801,POL-002894,Auto,2024-06-20,2024-06-24,4,Intersection T-Bone Impact,Total Loss,26679.33,120000.0,0.2223,3000.0,8.89,Open,Medium,False,NONE,Insured was proceeding on green light when a third-party vehicle failed to yield and impacted the passenger side. Significant structural intrusion along B-pillar and both passenger doors. Side curtain airbags deployed. Tow required.,Standard verification complete. Estimates match third-party independent inspection. Documentation verified.
CLM-2024-01478,CUST-01015,POL-001629,Auto,2023-11-13,2023-11-17,4,Intersection T-Bone Impact,Major,21597.05,120000.0,0.18,3000.0,7.2,Approved,Medium,False,NONE,"Broadside collision at uncontrolled intersection during heavy rain. Front quarter panel, suspension, and steering rack compromised. Vehicle deemed unsafe to drive and towed to certified repair facility.",Standard verification complete. Estimates match third-party independent inspection. Documentation verified.
CLM-2024-01479,CUST-07679,POL-012110,Auto,2023-06-26,2023-07-04,8,Single Vehicle Roadside Impact,Moderate,7394.05,120000.0,0.0616,3000.0,2.46,Settled,Low,False,NONE,"Insured swerved to avoid crossing wildlife on unlit rural road, colliding with roadside guardrail. Damage concentrated on driver front bumper, headlight, and wheel arch. No other vehicles involved.",Standard verification complete. Estimates match third-party independent inspection. Documentation verified.
CLM-2024-01480,CUST-01783,POL-002869,Fire,2023-06-07,2023-06-09,2,Chimney / Fireplace Thermal Spread,Moderate,8806.96,600000.0,0.0147,3000.0,2.94,Settled,Low,False,NONE,Creosote buildup in masonry chimney flue sparked internal combustion. Thermal crack allowed embers into attic insulation. Prompt response by local brigade prevented full roof ignition. Flue relining and attic decontamination required.,Standard verification complete. Estimates match third-party independent inspection. Documentation verified.
CLM-2024-01481,CUST-05749,POL-009113,Fire,2023-08-06,2023-08-10,4,Electrical Fault Fire,Total Loss,181451.58,400000.0,0.4536,350.0,518.43,Settled,Medium,False,NONE,Faulty space heater wiring ignited living room drapery while residents were asleep. Smoke detectors alerted occupants. Fire caused severe burn-through of roof rafters and extensive water damage from fire brigade hoses.,Standard verification complete. Estimates match third-party independent inspection. Documentation verified.
CLM-2024-01482,CUST-00129,POL-000212,Auto,2023-05-17,2023-05-20,3,Catalytic Converter & Component Theft,Moderate,3267.57,120000.0,0.0272,3000.0,1.09,Settled,Low,False,NONE,"Insured discovered vehicle propped on cinder blocks in driveway with all four alloy wheels, tires, and brake assemblies stolen. Ground scuffs along rocker panels.",Standard verification complete. Estimates match third-party independent inspection. Documentation verified.
CLM-2024-01483,CUST-03934,POL-006221,Fire,2023-03-15,2023-03-23,8,Electrical Fault Fire,Total Loss,160336.09,400000.0,0.4008,350.0,458.1,Approved,Medium,False,NONE,Overheated breaker panel in basement initiated smoldering fire inside stud wall cavity. Flames traveled upward between floors before breaching living room drywall. Significant structural timber charring and complete electrical overhaul required.,Standard verification complete. Estimates match third-party independent inspection. Documentation verified.
CLM-2024-01484,CUST-07010,POL-011064,Fire,2023-12-15,2023-12-22,7,Chimney / Fireplace Thermal Spread,Minor,7862.71,300000.0,0.0262,150.0,52.42,Settled,Low,False,NONE,Creosote buildup in masonry chimney flue sparked internal combustion. Thermal crack allowed embers into attic insulation. Prompt response by local brigade prevented full roof ignition. Flue relining and attic decontamination required.,Standard verification complete. Estimates match third-party independent inspection. Documentation verified.
CLM-2024-01485,CUST-07722,POL-012188,Auto,2023-08-05,2023-08-10,5,Single Vehicle Roadside Impact,Moderate,7072.44,120000.0,0.0589,3000.0,2.36,Settled,Low,False,NONE,"Insured swerved to avoid crossing wildlife on unlit rural road, colliding with roadside guardrail. Damage concentrated on driver front bumper, headlight, and wheel arch. No other vehicles involved.",Standard verification complete. Estimates match third-party independent inspection. Documentation verified.
CLM-2024-01486,CUST-07969,POL-012575,Fire,2024-02-01,2024-02-04,3,Chimney / Fireplace Thermal Spread,Moderate,21210.92,400000.0,0.053,350.0,60.6,Settled,Medium,False,NONE,Creosote buildup in masonry chimney flue sparked internal combustion. Thermal crack allowed embers into attic insulation. Prompt response by local brigade prevented full roof ignition. Flue relining and attic decontamination required.,Standard verification complete. Estimates match third-party independent inspection. Documentation verified.
CLM-2024-01487,CUST-07335,POL-011551,Fire,2024-06-13,2024-06-26,13,Kitchen Grease Fire,Major,67049.97,400000.0,0.1676,350.0,191.57,Approved,Medium,False,NONE,"Unattended cooking oil ignited on stovetop, spreading rapidly to wooden cabinetry and exhaust hood. Fire department responded within 12 minutes. Heavy smoke damage throughout ground floor and water saturation across kitchen subflooring.",Standard verification complete. Estimates match third-party independent inspection. Documentation verified.
CLM-2024-01488,CUST-02343,POL-003725,Fire,2023-01-13,2023-01-16,3,Kitchen Grease Fire,Major,41372.09,400000.0,0.1034,350.0,118.21,Settled,Medium,False,NONE,"Unattended cooking oil ignited on stovetop, spreading rapidly to wooden cabinetry and exhaust hood. Fire department responded within 12 minutes. Heavy smoke damage throughout ground floor and water saturation across kitchen subflooring.",Standard verification complete. Estimates match third-party independent inspection. Documentation verified.
CLM-2024-01489,CUST-04028,POL-006373,Caravan,2024-02-16,2024-02-26,10,Storm Hail and Tree Branch Impact,Minor,5367.66,17500.0,0.3067,25.0,214.71,Settled,Low,False,NONE,High winds at holiday park caused awning detachment and side panel punctures. Water entered electrical breaker enclosure.,Standard verification complete. Estimates match third-party independent inspection. Documentation verified.
CLM-2024-01490,CUST-07227,POL-011392,Fire,2024-04-06,2024-04-23,17,Chimney / Fireplace Thermal Spread,Moderate,11691.22,400000.0,0.0292,350.0,33.4,Under Investigation,Low,False,NONE,Creosote buildup in masonry chimney flue sparked internal combustion. Thermal crack allowed embers into attic insulation. Prompt response by local brigade prevented full roof ignition. Flue relining and attic decontamination required.,Standard verification complete. Estimates match third-party independent inspection. Documentation verified.
CLM-2024-01491,CUST-06722,POL-010602,Fire,2023-07-03,2023-07-06,3,High-Value Marine Equipment Loss,Moderate,108046.47,300000.0,0.3602,150.0,720.31,Under Investigation,High,True,PHANTOM_LUXURY_BOAT_THEFT,Claimant alleges twin 350HP marine engines unbolted and removed from dry dock trailer overnight with no perimeter fence breaches or security footage. Claim amount matches maximum policy limit to the exact dollar. Title transfer completed only 3 weeks prior.,Policy Inception Audit: High-severity claim filed immediately following policy coverage modification.
CLM-2024-01492,CUST-08198,POL-012929,Fire,2023-09-22,2023-10-06,14,Kitchen Grease Fire,Major,179579.97,300000.0,0.5986,150.0,1197.2,Settled,Medium,False,NONE,"Deep fryer flare-up caused flame spread to kitchen drywall. Heat blistering across ceiling joists. Structural fire damage contained to kitchen area, but substantial soot cleanup needed throughout residence.","Comprehensive field adjuster verification complete. Police report, independent surveyor report, and official repair bids on file. Verified genuine catastrophic loss."
CLM-2024-01493,CUST-09290,POL-014699,Auto,2024-01-11,2024-01-15,4,Rear-End Collision,Major,6087.34,120000.0,0.0507,3000.0,2.03,Settled,Low,False,NONE,"Vehicle was rear-ended in heavy stop-and-go highway traffic. Impact pushed vehicle into leading car, resulting in front and rear fascia damage. Radiator support cracked. Police report filed at scene.",Standard verification complete. Estimates match third-party independent inspection. Documentation verified.
CLM-2024-01494,CUST-09130,POL-014430,Auto,2024-07-09,2024-07-17,8,Single Vehicle Roadside Impact,Minor,1483.43,120000.0,0.0124,3000.0,0.49,Settled,Low,False,NONE,Loss of traction on black ice caused vehicle to slide into concrete median barrier. Front subframe and wheel rim cracked. No injuries reported.,Standard verification complete. Estimates match third-party independent inspection. Documentation verified.
CLM-2024-01495,CUST-01607,POL-002594,Auto,2023-04-25,2023-04-29,4,Single Vehicle Roadside Impact,Minor,1296.3,100000.0,0.013,750.0,1.73,Settled,Low,False,NONE,Loss of traction on black ice caused vehicle to slide into concrete median barrier. Front subframe and wheel rim cracked. No injuries reported.,Standard verification complete. Estimates match third-party independent inspection. Documentation verified.
CLM-2024-01496,CUST-09187,POL-014519,Fire,2024-05-20,2024-05-23,3,Electrical Fault Fire,Total Loss,123717.38,300000.0,0.4124,150.0,824.78,Settled,Medium,False,NONE,Faulty space heater wiring ignited living room drapery while residents were asleep. Smoke detectors alerted occupants. Fire caused severe burn-through of roof rafters and extensive water damage from fire brigade hoses.,Standard verification complete. Estimates match third-party independent inspection. Documentation verified.
CLM-2024-01497,CUST-08179,POL-012896,Auto,2024-06-20,2024-06-29,9,Catalytic Converter & Component Theft,Minor,887.84,120000.0,0.0074,3000.0,0.3,Settled,Low,False,NONE,Vehicle parked overnight in commuter lot. Exhaust system severed cleanly beneath chassis and catalytic converter removed. Oxygen sensors stripped. Comprehensive theft claim submitted with police report number.,Standard verification complete. Estimates match third-party independent inspection. Documentation verified.
CLM-2024-01498,CUST-04291,POL-006794,Fire,2023-04-14,2023-04-18,4,Electrical Fault Fire,Major,144783.21,600000.0,0.2413,3000.0,48.26,Settled,Medium,False,NONE,Faulty space heater wiring ignited living room drapery while residents were asleep. Smoke detectors alerted occupants. Fire caused severe burn-through of roof rafters and extensive water damage from fire brigade hoses.,Standard verification complete. Estimates match third-party independent inspection. Documentation verified.
CLM-2024-01499,CUST-00706,POL-001118,Auto,2023-09-21,2023-09-28,7,Suspicious Multi-Party Collision,Major,29163.46,120000.0,0.243,3000.0,9.72,Under Investigation,High,True,STAGED_COLLISION_RING,Insured vehicle alleged sudden brake event leading to rear collision with third-party vehicle occupied by 4 unbelted passengers. All occupants retained same legal counsel and clinic on same business day. Identical soft tissue injury claims submitted. Vehicle damage pattern inconsistent with described low-speed impact velocity.,Potential Billing Discrepancy: Itemized labor and parts estimates exceed regional peer averages by 25-40%.
CLM-2024-01500,CUST-08625,POL-013648,Auto,2023-11-07,2023-11-15,8,Intersection T-Bone Impact,Total Loss,30319.38,120000.0,0.2527,3000.0,10.11,Approved,Medium,False,NONE,Insured was proceeding on green light when a third-party vehicle failed to yield and impacted the passenger side. Significant structural intrusion along B-pillar and both passenger doors. Side curtain airbags deployed. Tow required.,Standard verification complete. Estimates match third-party independent inspection. Documentation verified.
