claim_id,customer_id,policy_line,claim_amount_usd,claim_status,risk_score,risk_level,severity_score,rubric_tier,triage_action,xgb_score,rf_score,if_score,xgb_rf_agreement,is_anomaly_gt
CLM-2024-00001,CUST-06885,Caravan,4667.81,Settled,44,Medium,33,Medium,Standard Adjuster Review — Verify Supporting Documentation,63,13,50,DIVERGENT,0
CLM-2024-00002,CUST-09367,Caravan,3977.66,Approved,31,Low,26,Low,Fast-Track Approval — Routine Processing,40,13,50,DIVERGENT,0
CLM-2024-00003,CUST-04699,Caravan,4933.77,Settled,48,Medium,36,Medium,Standard Adjuster Review — Verify Supporting Documentation,70,33,50,DIVERGENT,0
CLM-2024-00004,CUST-02785,Caravan,6105.39,Approved,45,Medium,45,Medium,Standard Adjuster Review — Verify Supporting Documentation,39,15,52,DIVERGENT,0
CLM-2024-00005,CUST-09765,Caravan,7038.22,Settled,59,Medium,53,Medium,Standard Adjuster Review — Verify Supporting Documentation,71,35,50,DIVERGENT,0
CLM-2024-00006,CUST-01404,Caravan,2832.5,Open,35,Low,15,Low,Fast-Track Approval — Routine Processing,71,35,50,DIVERGENT,0
CLM-2024-00007,CUST-08261,Caravan,7809.25,Settled,63,Medium,60,Medium,Standard Adjuster Review — Verify Supporting Documentation,70,33,50,DIVERGENT,0
CLM-2024-00008,CUST-06668,Caravan,7875.0,Settled,66,Medium,86,High,Standard Adjuster Review — Verify Supporting Documentation,28,6,51,DIVERGENT,0
CLM-2024-00009,CUST-00621,Caravan,7335.42,Settled,47,Medium,58,Medium,Standard Adjuster Review — Verify Supporting Documentation,26,6,50,DIVERGENT,0
CLM-2024-00010,CUST-06550,Caravan,7273.71,Settled,46,Medium,56,Medium,Standard Adjuster Review — Verify Supporting Documentation,26,6,50,DIVERGENT,0
CLM-2024-00011,CUST-04155,Caravan,7149.7,Settled,47,Medium,54,Medium,Standard Adjuster Review — Verify Supporting Documentation,35,15,52,DIVERGENT,0
CLM-2024-00012,CUST-03056,Caravan,4513.52,Approved,44,Medium,30,Medium,Standard Adjuster Review — Verify Supporting Documentation,70,33,50,DIVERGENT,0
CLM-2024-00013,CUST-09579,Caravan,7875.0,Settled,81,High,86,High,Priority Manual Investigation — Consider SIU Referral,71,35,50,DIVERGENT,0
CLM-2024-00014,CUST-02321,Caravan,4173.59,Settled,27,Low,28,Low,Fast-Track Approval — Routine Processing,26,6,50,DIVERGENT,0
CLM-2024-00015,CUST-09300,Caravan,4603.08,Approved,45,Medium,31,Medium,Standard Adjuster Review — Verify Supporting Documentation,71,35,50,DIVERGENT,0
CLM-2024-00016,CUST-07274,Caravan,7875.0,Settled,81,High,86,High,Priority Manual Investigation — Consider SIU Referral,71,35,50,DIVERGENT,0
CLM-2024-00017,CUST-08457,Caravan,5147.7,Settled,49,Medium,38,Medium,Standard Adjuster Review — Verify Supporting Documentation,70,33,50,DIVERGENT,0
CLM-2024-00018,CUST-09401,Caravan,5305.89,Settled,37,Low,40,Medium,Fast-Track Approval — Routine Processing,31,13,51,DIVERGENT,0
CLM-2024-00019,CUST-03304,Caravan,3748.69,Approved,39,Low,22,Low,Fast-Track Approval — Routine Processing,70,33,50,DIVERGENT,0
CLM-2024-00020,CUST-07506,Caravan,7875.0,Under Investigation,66,Medium,86,High,Standard Adjuster Review — Verify Supporting Documentation,28,6,51,DIVERGENT,0
CLM-2024-00021,CUST-02935,Caravan,4645.07,Settled,35,Low,32,Medium,Fast-Track Approval — Routine Processing,40,13,50,DIVERGENT,0
CLM-2024-00022,CUST-07331,Caravan,3263.61,Open,36,Low,18,Low,Fast-Track Approval — Routine Processing,70,33,50,DIVERGENT,0
CLM-2024-00023,CUST-01030,Caravan,5503.25,Settled,38,Low,43,Medium,Fast-Track Approval — Routine Processing,28,6,51,DIVERGENT,0
CLM-2024-00024,CUST-07010,Caravan,7875.0,Approved,81,High,86,High,Priority Manual Investigation — Consider SIU Referral,71,35,50,DIVERGENT,0
CLM-2024-00025,CUST-08265,Caravan,7875.0,Open,80,High,86,High,Priority Manual Investigation — Consider SIU Referral,69,29,50,DIVERGENT,0
CLM-2024-00026,CUST-08083,Caravan,7875.0,Settled,80,High,86,High,Priority Manual Investigation — Consider SIU Referral,69,29,50,DIVERGENT,0
CLM-2024-00027,CUST-00561,Caravan,4990.28,Settled,33,Low,36,Medium,Fast-Track Approval — Routine Processing,26,6,50,DIVERGENT,0
CLM-2024-00028,CUST-06541,Caravan,2258.76,Approved,18,Low,11,Low,Fast-Track Approval — Routine Processing,32,15,51,DIVERGENT,0
CLM-2024-00029,CUST-06128,Fire,15658.73,Approved,27,Low,22,Low,Fast-Track Approval — Routine Processing,37,9,46,DIVERGENT,0
CLM-2024-00030,CUST-09084,Auto,2003.89,Open,9,Low,12,Low,Fast-Track Approval — Routine Processing,3,0,47,STRONG,0
CLM-2024-00031,CUST-06785,Auto,3805.18,Approved,20,Low,30,Low,Fast-Track Approval — Routine Processing,1,0,47,STRONG,0
CLM-2024-00032,CUST-06273,Fire,40254.47,Settled,36,Low,36,Low,Fast-Track Approval — Routine Processing,37,9,46,DIVERGENT,0
CLM-2024-00033,CUST-00497,Auto,54000.0,Settled,55,Medium,82,Medium,Standard Adjuster Review — Verify Supporting Documentation,6,0,47,STRONG,0
CLM-2024-00034,CUST-09816,Auto,1380.18,Settled,4,Low,4,Low,Fast-Track Approval — Routine Processing,3,0,47,STRONG,0
CLM-2024-00035,CUST-05713,Auto,54000.0,Settled,54,Medium,82,Medium,Standard Adjuster Review — Verify Supporting Documentation,3,0,47,STRONG,0
CLM-2024-00036,CUST-05553,Fire,90000.0,Settled,59,Medium,68,Medium,Standard Adjuster Review — Verify Supporting Documentation,44,9,46,DIVERGENT,0
CLM-2024-00037,CUST-04581,Fire,155601.6,Settled,62,Medium,72,Medium,Standard Adjuster Review — Verify Supporting Documentation,44,9,46,DIVERGENT,0
CLM-2024-00038,CUST-05399,Fire,46548.46,Settled,39,Low,41,Low,Fast-Track Approval — Routine Processing,35,9,47,DIVERGENT,0
CLM-2024-00039,CUST-07637,Fire,41248.45,Settled,42,Medium,41,Low,Standard Adjuster Review — Verify Supporting Documentation,44,9,46,DIVERGENT,0
CLM-2024-00040,CUST-07978,Fire,55159.33,Settled,44,Medium,44,Low,Standard Adjuster Review — Verify Supporting Documentation,44,9,46,DIVERGENT,0
CLM-2024-00041,CUST-05449,Auto,3926.57,Settled,21,Low,31,Low,Fast-Track Approval — Routine Processing,3,0,47,STRONG,0
CLM-2024-00042,CUST-03324,Auto,7383.17,Settled,52,Medium,48,Low,Standard Adjuster Review — Verify Supporting Documentation,57,17,48,DIVERGENT,0
CLM-2024-00043,CUST-08304,Fire,35132.4,Settled,36,Low,35,Low,Fast-Track Approval — Routine Processing,37,9,46,DIVERGENT,0
CLM-2024-00044,CUST-04282,Fire,15829.09,Settled,36,Low,23,Low,Fast-Track Approval — Routine Processing,60,20,46,DIVERGENT,0
CLM-2024-00045,CUST-08291,Fire,8352.88,Open,19,Low,12,Low,Fast-Track Approval — Routine Processing,31,7,46,DIVERGENT,0
CLM-2024-00046,CUST-04158,Auto,4141.9,Settled,22,Low,33,Low,Fast-Track Approval — Routine Processing,3,0,47,STRONG,0
CLM-2024-00047,CUST-06066,Fire,4408.94,Settled,15,Low,4,Low,Fast-Track Approval — Routine Processing,37,9,46,DIVERGENT,0
CLM-2024-00048,CUST-01974,Fire,20477.98,Settled,27,Low,25,Low,Fast-Track Approval — Routine Processing,31,7,46,DIVERGENT,0
CLM-2024-00049,CUST-00537,Auto,3090.77,Settled,17,Low,25,Low,Fast-Track Approval — Routine Processing,3,0,47,STRONG,0
CLM-2024-00050,CUST-07431,Fire,31354.7,Settled,38,Low,35,Low,Fast-Track Approval — Routine Processing,44,9,46,DIVERGENT,0
CLM-2024-00051,CUST-03518,Fire,135000.0,Approved,62,Medium,77,Medium,Standard Adjuster Review — Verify Supporting Documentation,35,9,47,DIVERGENT,0
CLM-2024-00052,CUST-08624,Fire,2511.02,Settled,12,Low,1,Low,Fast-Track Approval — Routine Processing,31,7,46,DIVERGENT,0
CLM-2024-00053,CUST-08878,Auto,2338.72,Settled,12,Low,17,Low,Fast-Track Approval — Routine Processing,3,0,47,STRONG,0
CLM-2024-00054,CUST-02315,Auto,9343.45,Settled,61,Medium,51,Low,Standard Adjuster Review — Verify Supporting Documentation,62,19,48,DIVERGENT,0
CLM-2024-00055,CUST-04601,Fire,66423.06,Settled,47,Medium,49,Low,Standard Adjuster Review — Verify Supporting Documentation,44,9,46,DIVERGENT,0
CLM-2024-00056,CUST-00918,Auto,7279.2,Approved,31,Low,47,Low,Fast-Track Approval — Routine Processing,2,0,47,STRONG,0
CLM-2024-00057,CUST-00511,Caravan,7875.0,Approved,80,High,86,High,Priority Manual Investigation — Consider SIU Referral,70,33,50,DIVERGENT,0
CLM-2024-00058,CUST-04333,Fire,20963.03,Approved,34,Low,28,Low,Fast-Track Approval — Routine Processing,44,9,46,DIVERGENT,0
CLM-2024-00059,CUST-00504,Auto,4367.17,Approved,23,Low,34,Low,Fast-Track Approval — Routine Processing,3,0,47,STRONG,0
CLM-2024-00060,CUST-09356,Fire,44153.96,Approved,48,Medium,39,Low,Standard Adjuster Review — Verify Supporting Documentation,64,22,47,DIVERGENT,0
CLM-2024-00061,CUST-08168,Auto,13409.31,Settled,37,Low,56,Low,Fast-Track Approval — Routine Processing,3,0,47,STRONG,0
CLM-2024-00062,CUST-07714,Fire,108883.68,Settled,73,High,76,Medium,Priority Manual Investigation — Consider SIU Referral,66,22,47,DIVERGENT,0
CLM-2024-00063,CUST-03757,Auto,4989.96,Settled,25,Low,38,Low,Fast-Track Approval — Routine Processing,2,0,47,STRONG,0
CLM-2024-00064,CUST-08848,Auto,27480.45,Settled,76,High,67,Medium,Priority Manual Investigation — Consider SIU Referral,63,19,49,DIVERGENT,0
CLM-2024-00065,CUST-08390,Fire,2817.37,Open,12,Low,1,Low,Fast-Track Approval — Routine Processing,31,7,46,DIVERGENT,0
CLM-2024-00066,CUST-06585,Fire,4396.47,Settled,13,Low,4,Low,Fast-Track Approval — Routine Processing,31,7,46,DIVERGENT,0
CLM-2024-00067,CUST-00113,Auto,11713.81,Settled,36,Low,54,Low,Fast-Track Approval — Routine Processing,3,0,47,STRONG,0
CLM-2024-00068,CUST-03646,Fire,65860.94,Settled,47,Medium,48,Low,Standard Adjuster Review — Verify Supporting Documentation,44,9,46,DIVERGENT,0
CLM-2024-00069,CUST-00437,Fire,5405.51,Settled,28,Low,6,Low,Fast-Track Approval — Routine Processing,65,22,47,DIVERGENT,0
CLM-2024-00070,CUST-01898,Auto,9414.24,Settled,34,Low,52,Low,Fast-Track Approval — Routine Processing,1,0,47,STRONG,0
CLM-2024-00071,CUST-04268,Auto,5923.93,Settled,28,Low,43,Low,Fast-Track Approval — Routine Processing,2,0,47,STRONG,0
CLM-2024-00072,CUST-02675,Fire,62800.26,Open,51,Medium,46,Low,Standard Adjuster Review — Verify Supporting Documentation,61,22,47,DIVERGENT,0
CLM-2024-00073,CUST-07076,Fire,46837.72,Approved,41,Medium,40,Low,Standard Adjuster Review — Verify Supporting Documentation,44,9,46,DIVERGENT,0
CLM-2024-00074,CUST-00087,Fire,56250.0,Settled,52,Medium,56,Medium,Standard Adjuster Review — Verify Supporting Documentation,44,9,46,DIVERGENT,0
CLM-2024-00075,CUST-03423,Fire,12441.18,Settled,24,Low,18,Low,Fast-Track Approval — Routine Processing,35,9,47,DIVERGENT,0
CLM-2024-00076,CUST-04787,Private Accident,6639.11,Approved,56,Medium,48,Low,Standard Adjuster Review — Verify Supporting Documentation,70,33,50,DIVERGENT,0
CLM-2024-00077,CUST-07968,Fire,205621.14,Approved,74,High,91,High,Priority Manual Investigation — Consider SIU Referral,44,9,46,DIVERGENT,0
CLM-2024-00078,CUST-00855,Fire,52304.18,Settled,40,Medium,41,Low,Standard Adjuster Review — Verify Supporting Documentation,37,9,46,DIVERGENT,0
CLM-2024-00079,CUST-07422,Fire,22687.57,Approved,33,Low,28,Low,Fast-Track Approval — Routine Processing,44,9,46,DIVERGENT,0
CLM-2024-00080,CUST-07855,Fire,15368.87,Settled,43,Medium,21,Low,Standard Adjuster Review — Verify Supporting Documentation,66,29,48,DIVERGENT,0
CLM-2024-00081,CUST-07561,Auto,7012.38,Settled,30,Low,46,Low,Fast-Track Approval — Routine Processing,1,0,47,STRONG,0
CLM-2024-00082,CUST-08164,Auto,12504.61,Approved,36,Low,55,Low,Fast-Track Approval — Routine Processing,1,0,47,STRONG,0
CLM-2024-00083,CUST-02405,Fire,17558.46,Approved,37,Low,23,Low,Fast-Track Approval — Routine Processing,64,22,47,DIVERGENT,0
CLM-2024-00084,CUST-07348,Auto,3451.29,Settled,21,Low,28,Low,Fast-Track Approval — Routine Processing,7,0,47,STRONG,0
CLM-2024-00085,CUST-01255,Auto,4062.76,Settled,23,Low,33,Low,Fast-Track Approval — Routine Processing,6,0,47,STRONG,0
CLM-2024-00086,CUST-01001,Auto,2016.42,Approved,9,Low,12,Low,Fast-Track Approval — Routine Processing,3,0,47,STRONG,0
CLM-2024-00087,CUST-07391,Fire,8465.53,Open,21,Low,13,Low,Fast-Track Approval — Routine Processing,37,9,46,DIVERGENT,0
CLM-2024-00088,CUST-00961,Auto,6175.36,Settled,30,Low,44,Low,Fast-Track Approval — Routine Processing,3,0,47,STRONG,0
CLM-2024-00089,CUST-04020,Auto,9159.47,Settled,35,Low,52,Low,Fast-Track Approval — Routine Processing,3,0,47,STRONG,0
CLM-2024-00090,CUST-00315,Auto,10562.87,Settled,35,Low,53,Low,Fast-Track Approval — Routine Processing,3,0,47,STRONG,0
CLM-2024-00091,CUST-06386,Auto,7742.26,Under Investigation,32,Low,48,Low,Fast-Track Approval — Routine Processing,3,0,47,STRONG,0
CLM-2024-00092,CUST-03056,Caravan,2360.95,Settled,29,Low,11,Low,Fast-Track Approval — Routine Processing,63,13,50,DIVERGENT,0
CLM-2024-00093,CUST-09686,Auto,5772.62,Settled,28,Low,42,Low,Fast-Track Approval — Routine Processing,1,0,47,STRONG,0
CLM-2024-00094,CUST-06971,Fire,39561.11,Settled,41,Medium,40,Low,Standard Adjuster Review — Verify Supporting Documentation,44,9,46,DIVERGENT,0
CLM-2024-00095,CUST-09072,Fire,9846.55,Approved,25,Low,15,Low,Fast-Track Approval — Routine Processing,44,9,46,DIVERGENT,0
CLM-2024-00096,CUST-04756,Auto,6716.53,Settled,30,Low,45,Low,Fast-Track Approval — Routine Processing,1,0,47,STRONG,0
CLM-2024-00097,CUST-08241,Fire,142267.78,Settled,59,Medium,74,Medium,Standard Adjuster Review — Verify Supporting Documentation,31,7,46,DIVERGENT,0
CLM-2024-00098,CUST-04617,Auto,4467.53,Settled,24,Low,35,Low,Fast-Track Approval — Routine Processing,3,0,47,STRONG,0
CLM-2024-00099,CUST-06861,Fire,28280.42,Settled,35,Low,30,Low,Fast-Track Approval — Routine Processing,44,9,46,DIVERGENT,0
CLM-2024-00100,CUST-05546,Auto,3808.7,Approved,21,Low,31,Low,Fast-Track Approval — Routine Processing,1,0,47,STRONG,0
CLM-2024-00101,CUST-00876,Fire,99742.92,Settled,57,Medium,64,Medium,Standard Adjuster Review — Verify Supporting Documentation,44,9,46,DIVERGENT,0
CLM-2024-00102,CUST-01099,Auto,2896.59,Under Investigation,16,Low,23,Low,Fast-Track Approval — Routine Processing,3,0,47,STRONG,0
CLM-2024-00103,CUST-02156,Fire,180000.0,Settled,75,High,81,Medium,Priority Manual Investigation — Consider SIU Referral,64,22,47,DIVERGENT,0
CLM-2024-00104,CUST-06218,Fire,135384.34,Settled,60,Medium,73,Medium,Standard Adjuster Review — Verify Supporting Documentation,35,9,47,DIVERGENT,0
CLM-2024-00105,CUST-08931,Auto,3740.27,Approved,20,Low,30,Low,Fast-Track Approval — Routine Processing,3,0,47,STRONG,0
CLM-2024-00106,CUST-03773,Fire,259418.2,Approved,74,High,91,High,Priority Manual Investigation — Consider SIU Referral,44,9,46,DIVERGENT,0
CLM-2024-00107,CUST-06716,Auto,3975.81,Settled,92,High,32,Low,Priority Manual Investigation — Consider SIU Referral,86,37,52,DIVERGENT,0
CLM-2024-00108,CUST-02797,Fire,134322.67,Settled,71,High,75,Medium,Priority Manual Investigation — Consider SIU Referral,64,22,47,DIVERGENT,0
CLM-2024-00109,CUST-06870,Fire,5270.28,Settled,19,Low,5,Low,Fast-Track Approval — Routine Processing,44,9,46,DIVERGENT,0
CLM-2024-00110,CUST-07876,Fire,34696.37,Settled,39,Low,37,Low,Fast-Track Approval — Routine Processing,44,9,46,DIVERGENT,0
CLM-2024-00111,CUST-07321,Caravan,2200.07,Approved,31,Low,10,Low,Fast-Track Approval — Routine Processing,70,33,50,DIVERGENT,0
CLM-2024-00112,CUST-06075,Fire,5619.0,Settled,19,Low,6,Low,Fast-Track Approval — Routine Processing,44,9,46,DIVERGENT,0
CLM-2024-00113,CUST-02293,Auto,1063.41,Settled,1,Low,1,Low,Fast-Track Approval — Routine Processing,2,0,47,STRONG,0
CLM-2024-00114,CUST-05426,Fire,62038.27,Settled,43,Medium,47,Low,Standard Adjuster Review — Verify Supporting Documentation,35,9,47,DIVERGENT,0
CLM-2024-00115,CUST-00537,Auto,3788.76,Settled,22,Low,30,Low,Fast-Track Approval — Routine Processing,8,0,47,STRONG,0
CLM-2024-00116,CUST-01981,Fire,4319.99,Settled,15,Low,3,Low,Fast-Track Approval — Routine Processing,37,9,46,DIVERGENT,0
CLM-2024-00117,CUST-02475,Fire,26387.3,Settled,35,Low,31,Low,Fast-Track Approval — Routine Processing,44,9,46,DIVERGENT,0
CLM-2024-00118,CUST-05380,Fire,29419.26,Settled,37,Low,34,Low,Fast-Track Approval — Routine Processing,44,9,46,DIVERGENT,0
CLM-2024-00119,CUST-04010,Fire,180000.0,Approved,64,Medium,81,Medium,Standard Adjuster Review — Verify Supporting Documentation,31,7,46,DIVERGENT,0
CLM-2024-00120,CUST-04845,Fire,19205.41,Settled,31,Low,24,Low,Fast-Track Approval — Routine Processing,44,9,46,DIVERGENT,0
CLM-2024-00121,CUST-03758,Fire,2681.62,Settled,16,Low,1,Low,Fast-Track Approval — Routine Processing,44,9,46,DIVERGENT,0
CLM-2024-00122,CUST-00323,Auto,864.61,Settled,3,Low,1,Low,Fast-Track Approval — Routine Processing,6,0,47,STRONG,0
CLM-2024-00123,CUST-07684,Auto,7267.88,Under Investigation,31,Low,47,Low,Fast-Track Approval — Routine Processing,3,0,47,STRONG,0
CLM-2024-00124,CUST-09199,Fire,19148.58,Settled,37,Low,25,Low,Fast-Track Approval — Routine Processing,60,20,46,DIVERGENT,0
CLM-2024-00125,CUST-00049,Auto,2718.27,Approved,15,Low,22,Low,Fast-Track Approval — Routine Processing,1,0,47,STRONG,0
CLM-2024-00126,CUST-08102,Fire,225000.0,Settled,65,Medium,83,High,Standard Adjuster Review — Verify Supporting Documentation,31,7,46,DIVERGENT,0
CLM-2024-00127,CUST-00161,Auto,1786.5,Settled,7,Low,10,Low,Fast-Track Approval — Routine Processing,3,0,47,STRONG,0
CLM-2024-00128,CUST-08784,Auto,5861.93,Approved,30,Low,43,Low,Fast-Track Approval — Routine Processing,6,0,47,STRONG,0
CLM-2024-00129,CUST-06430,Fire,28055.69,Approved,42,Medium,31,Low,Standard Adjuster Review — Verify Supporting Documentation,63,22,46,DIVERGENT,0
CLM-2024-00130,CUST-03964,Fire,115908.42,Approved,55,Medium,68,Medium,Standard Adjuster Review — Verify Supporting Documentation,31,7,46,DIVERGENT,0
CLM-2024-00131,CUST-01050,Fire,151231.92,Settled,60,Medium,73,Medium,Standard Adjuster Review — Verify Supporting Documentation,37,9,46,DIVERGENT,0
CLM-2024-00132,CUST-04206,Auto,3247.73,Open,18,Low,26,Low,Fast-Track Approval — Routine Processing,3,0,47,STRONG,0
CLM-2024-00133,CUST-04106,Auto,2047.79,Under Investigation,9,Low,13,Low,Fast-Track Approval — Routine Processing,3,0,47,STRONG,0
CLM-2024-00134,CUST-09495,Auto,34613.52,Approved,47,Medium,72,Medium,Standard Adjuster Review — Verify Supporting Documentation,1,0,47,STRONG,0
CLM-2024-00135,CUST-01526,Auto,9095.82,Settled,34,Low,51,Low,Fast-Track Approval — Routine Processing,2,0,47,STRONG,0
CLM-2024-00136,CUST-02638,Auto,3703.55,Open,20,Low,30,Low,Fast-Track Approval — Routine Processing,2,0,47,STRONG,0
CLM-2024-00137,CUST-08695,Fire,28854.01,Approved,35,Low,30,Low,Fast-Track Approval — Routine Processing,44,9,46,DIVERGENT,0
CLM-2024-00138,CUST-09659,Auto,3116.77,Under Investigation,17,Low,25,Low,Fast-Track Approval — Routine Processing,2,0,47,STRONG,0
CLM-2024-00139,CUST-01130,Auto,9043.09,Approved,33,Low,50,Low,Fast-Track Approval — Routine Processing,3,0,47,STRONG,0
CLM-2024-00140,CUST-07754,Auto,11678.63,Settled,37,Low,55,Low,Fast-Track Approval — Routine Processing,3,0,47,STRONG,0
CLM-2024-00141,CUST-04247,Fire,41946.04,Approved,36,Low,39,Low,Fast-Track Approval — Routine Processing,31,7,46,DIVERGENT,0
CLM-2024-00142,CUST-05556,Fire,33668.77,Settled,33,Low,34,Low,Fast-Track Approval — Routine Processing,31,7,46,DIVERGENT,0
CLM-2024-00143,CUST-07669,Caravan,4515.22,Settled,34,Low,31,Medium,Fast-Track Approval — Routine Processing,40,13,50,DIVERGENT,0
CLM-2024-00144,CUST-05798,Auto,8806.13,Settled,33,Low,50,Low,Fast-Track Approval — Routine Processing,2,0,47,STRONG,0
CLM-2024-00145,CUST-05947,Fire,50057.6,Settled,40,Medium,43,Low,Standard Adjuster Review — Verify Supporting Documentation,35,9,47,DIVERGENT,0
CLM-2024-00146,CUST-06754,Auto,43619.73,Settled,50,Medium,76,Medium,Standard Adjuster Review — Verify Supporting Documentation,3,0,47,STRONG,0
CLM-2024-00147,CUST-03086,Fire,37073.54,Under Investigation,34,Low,35,Low,Fast-Track Approval — Routine Processing,31,7,46,DIVERGENT,0
CLM-2024-00148,CUST-09386,Auto,6781.78,Settled,30,Low,46,Low,Fast-Track Approval — Routine Processing,1,0,47,STRONG,0
CLM-2024-00149,CUST-00056,Fire,3484.95,Settled,22,Low,1,Low,Fast-Track Approval — Routine Processing,60,20,46,DIVERGENT,0
CLM-2024-00150,CUST-01603,Auto,5851.71,Under Investigation,28,Low,43,Low,Fast-Track Approval — Routine Processing,1,0,47,STRONG,0
CLM-2024-00151,CUST-04281,Fire,9205.06,Settled,24,Low,13,Low,Fast-Track Approval — Routine Processing,44,9,46,DIVERGENT,0
CLM-2024-00152,CUST-09808,Fire,9105.78,Approved,24,Low,13,Low,Fast-Track Approval — Routine Processing,44,9,46,DIVERGENT,0
CLM-2024-00153,CUST-09507,Fire,135000.0,Under Investigation,61,Medium,77,Medium,Standard Adjuster Review — Verify Supporting Documentation,31,7,46,DIVERGENT,0
CLM-2024-00154,CUST-08333,Fire,9865.39,Settled,25,Low,15,Low,Fast-Track Approval — Routine Processing,44,9,46,DIVERGENT,0
CLM-2024-00155,CUST-05442,Fire,25757.02,Approved,33,Low,28,Low,Fast-Track Approval — Routine Processing,44,9,46,DIVERGENT,0
CLM-2024-00156,CUST-09247,Fire,18478.64,Under Investigation,26,Low,24,Low,Fast-Track Approval — Routine Processing,31,7,46,DIVERGENT,0
CLM-2024-00157,CUST-01558,Caravan,7875.0,Settled,80,High,86,High,Priority Manual Investigation — Consider SIU Referral,70,33,50,DIVERGENT,0
CLM-2024-00158,CUST-00106,Fire,65604.64,Settled,58,Medium,55,Medium,Standard Adjuster Review — Verify Supporting Documentation,64,22,47,DIVERGENT,0
CLM-2024-00159,CUST-08504,Auto,8180.78,Settled,34,Low,49,Low,Fast-Track Approval — Routine Processing,6,0,47,STRONG,0
CLM-2024-00160,CUST-06838,Fire,180000.0,Open,68,Medium,81,Medium,Standard Adjuster Review — Verify Supporting Documentation,44,9,46,DIVERGENT,0
CLM-2024-00161,CUST-00520,Auto,4017.07,Settled,22,Low,33,Low,Fast-Track Approval — Routine Processing,1,0,47,STRONG,0
CLM-2024-00162,CUST-06825,Fire,28694.63,Approved,35,Low,31,Low,Fast-Track Approval — Routine Processing,44,9,46,DIVERGENT,0
CLM-2024-00163,CUST-09201,Fire,65288.95,Settled,47,Medium,49,Low,Standard Adjuster Review — Verify Supporting Documentation,44,9,46,DIVERGENT,0
CLM-2024-00164,CUST-08419,Auto,18244.46,Open,70,High,60,Medium,Priority Manual Investigation — Consider SIU Referral,63,19,49,DIVERGENT,0
CLM-2024-00165,CUST-07804,Fire,30771.28,Approved,34,Low,33,Low,Fast-Track Approval — Routine Processing,35,9,47,DIVERGENT,0
CLM-2024-00166,CUST-06108,Fire,31471.72,Settled,36,Low,32,Low,Fast-Track Approval — Routine Processing,44,9,46,DIVERGENT,0
CLM-2024-00167,CUST-08325,Auto,2467.26,Settled,13,Low,19,Low,Fast-Track Approval — Routine Processing,3,0,47,STRONG,0
CLM-2024-00168,CUST-05765,Fire,63504.8,Approved,45,Medium,50,Low,Standard Adjuster Review — Verify Supporting Documentation,37,9,46,DIVERGENT,0
CLM-2024-00169,CUST-03779,Auto,19194.27,Settled,39,Low,60,Medium,Fast-Track Approval — Routine Processing,1,0,47,STRONG,0
CLM-2024-00170,CUST-00736,Auto,12898.43,Settled,37,Low,55,Low,Fast-Track Approval — Routine Processing,3,0,47,STRONG,0
CLM-2024-00171,CUST-03347,Fire,135000.0,Under Investigation,61,Medium,77,Medium,Standard Adjuster Review — Verify Supporting Documentation,31,7,46,DIVERGENT,0
CLM-2024-00172,CUST-05234,Fire,10457.58,Approved,21,Low,16,Low,Fast-Track Approval — Routine Processing,31,7,46,DIVERGENT,0
CLM-2024-00173,CUST-02111,Auto,1905.71,Settled,8,Low,11,Low,Fast-Track Approval — Routine Processing,3,0,47,STRONG,0
CLM-2024-00174,CUST-08487,Fire,100908.84,Approved,54,Medium,67,Medium,Standard Adjuster Review — Verify Supporting Documentation,31,7,46,DIVERGENT,0
CLM-2024-00175,CUST-07752,Fire,32374.68,Settled,37,Low,33,Low,Fast-Track Approval — Routine Processing,44,9,46,DIVERGENT,0
CLM-2024-00176,CUST-01050,Fire,31764.49,Settled,33,Low,32,Low,Fast-Track Approval — Routine Processing,35,9,47,DIVERGENT,0
CLM-2024-00177,CUST-03132,Fire,22250.42,Approved,34,Low,28,Low,Fast-Track Approval — Routine Processing,44,9,46,DIVERGENT,0
CLM-2024-00178,CUST-00265,Fire,61212.11,Settled,55,Medium,49,Low,Standard Adjuster Review — Verify Supporting Documentation,66,22,47,DIVERGENT,0
CLM-2024-00179,CUST-02458,Fire,10289.93,Settled,25,Low,15,Low,Fast-Track Approval — Routine Processing,44,9,46,DIVERGENT,0
CLM-2024-00180,CUST-02687,Fire,44506.75,Settled,44,Medium,48,Medium,Standard Adjuster Review — Verify Supporting Documentation,37,9,46,DIVERGENT,0
CLM-2024-00181,CUST-09038,Fire,168326.46,Settled,62,Medium,79,Medium,Standard Adjuster Review — Verify Supporting Documentation,31,7,46,DIVERGENT,0
CLM-2024-00182,CUST-02325,Fire,6583.1,Open,18,Low,8,Low,Fast-Track Approval — Routine Processing,37,9,46,DIVERGENT,0
CLM-2024-00183,CUST-03791,Auto,5398.95,Settled,47,Medium,41,Low,Standard Adjuster Review — Verify Supporting Documentation,57,17,48,DIVERGENT,0
CLM-2024-00184,CUST-04665,Auto,2347.21,Settled,12,Low,17,Low,Fast-Track Approval — Routine Processing,3,0,47,STRONG,0
CLM-2024-00185,CUST-00731,Auto,28711.22,Settled,45,Medium,68,Medium,Standard Adjuster Review — Verify Supporting Documentation,1,0,47,STRONG,0
CLM-2024-00186,CUST-05625,Fire,38860.15,Approved,39,Low,36,Low,Fast-Track Approval — Routine Processing,44,9,46,DIVERGENT,0
CLM-2024-00187,CUST-08193,Auto,1755.19,Open,6,Low,9,Low,Fast-Track Approval — Routine Processing,1,0,47,STRONG,0
CLM-2024-00188,CUST-05365,Fire,164597.61,Settled,66,Medium,78,Medium,Standard Adjuster Review — Verify Supporting Documentation,44,9,46,DIVERGENT,0
CLM-2024-00189,CUST-07110,Fire,35428.27,Settled,45,Medium,35,Low,Standard Adjuster Review — Verify Supporting Documentation,63,22,46,DIVERGENT,0
CLM-2024-00190,CUST-00245,Fire,30984.73,Under Investigation,34,Low,33,Low,Fast-Track Approval — Routine Processing,37,9,46,DIVERGENT,0
CLM-2024-00191,CUST-04490,Auto,1591.0,Settled,5,Low,7,Low,Fast-Track Approval — Routine Processing,3,0,47,STRONG,0
CLM-2024-00192,CUST-08996,Fire,16365.39,Settled,27,Low,22,Low,Fast-Track Approval — Routine Processing,37,9,46,DIVERGENT,0
CLM-2024-00193,CUST-02736,Fire,39771.85,Settled,34,Low,36,Low,Fast-Track Approval — Routine Processing,31,7,46,DIVERGENT,0
CLM-2024-00194,CUST-00687,Fire,30888.5,Settled,32,Low,33,Low,Fast-Track Approval — Routine Processing,31,7,46,DIVERGENT,0
CLM-2024-00195,CUST-01146,Fire,56250.0,Approved,52,Medium,56,Medium,Standard Adjuster Review — Verify Supporting Documentation,44,9,46,DIVERGENT,0
CLM-2024-00196,CUST-01405,Auto,45000.0,Approved,80,High,80,Medium,Priority Manual Investigation — Consider SIU Referral,62,19,48,DIVERGENT,0
CLM-2024-00197,CUST-04480,Auto,3424.39,Approved,19,Low,28,Low,Fast-Track Approval — Routine Processing,1,0,47,STRONG,0
CLM-2024-00198,CUST-07512,Fire,90162.97,Approved,56,Medium,63,Medium,Standard Adjuster Review — Verify Supporting Documentation,44,9,46,DIVERGENT,0
CLM-2024-00199,CUST-09023,Fire,182723.09,Settled,77,High,76,Medium,Priority Manual Investigation — Consider SIU Referral,66,29,48,DIVERGENT,0
CLM-2024-00200,CUST-06383,Fire,5620.04,Settled,15,Low,6,Low,Fast-Track Approval — Routine Processing,31,7,46,DIVERGENT,0
CLM-2024-00201,CUST-00415,Fire,18215.81,Settled,38,Low,25,Low,Fast-Track Approval — Routine Processing,61,22,47,DIVERGENT,0
CLM-2024-00202,CUST-03423,Auto,1480.0,Approved,6,Low,5,Low,Fast-Track Approval — Routine Processing,8,0,47,STRONG,0
CLM-2024-00203,CUST-02990,Auto,8227.9,Settled,32,Low,49,Low,Fast-Track Approval — Routine Processing,1,0,47,STRONG,0
CLM-2024-00204,CUST-08159,Auto,3229.72,Approved,18,Low,26,Low,Fast-Track Approval — Routine Processing,3,0,47,STRONG,0
CLM-2024-00205,CUST-09149,Fire,10647.23,Open,26,Low,16,Low,Fast-Track Approval — Routine Processing,44,9,46,DIVERGENT,0
CLM-2024-00206,CUST-08039,Fire,60211.38,Settled,46,Medium,47,Low,Standard Adjuster Review — Verify Supporting Documentation,44,9,46,DIVERGENT,0
CLM-2024-00207,CUST-08638,Fire,27507.11,Approved,34,Low,29,Low,Fast-Track Approval — Routine Processing,44,9,46,DIVERGENT,0
CLM-2024-00208,CUST-02686,Fire,51608.06,Open,41,Medium,44,Low,Standard Adjuster Review — Verify Supporting Documentation,37,9,46,DIVERGENT,0
CLM-2024-00209,CUST-01485,Fire,9290.01,Settled,31,Low,14,Low,Fast-Track Approval — Routine Processing,63,22,47,DIVERGENT,0
CLM-2024-00210,CUST-01976,Auto,8696.26,Settled,32,Low,49,Low,Fast-Track Approval — Routine Processing,1,0,47,STRONG,0
CLM-2024-00211,CUST-07921,Fire,135000.0,Approved,65,Medium,77,Medium,Standard Adjuster Review — Verify Supporting Documentation,44,9,46,DIVERGENT,0
CLM-2024-00212,CUST-07958,Fire,13594.42,Approved,28,Low,20,Low,Fast-Track Approval — Routine Processing,44,9,46,DIVERGENT,0
CLM-2024-00213,CUST-06764,Auto,3814.4,Settled,45,Medium,31,Low,Standard Adjuster Review — Verify Supporting Documentation,61,18,48,DIVERGENT,0
CLM-2024-00214,CUST-07126,Fire,49502.28,Under Investigation,49,Medium,41,Low,Standard Adjuster Review — Verify Supporting Documentation,63,22,46,DIVERGENT,0
CLM-2024-00215,CUST-08198,Auto,6452.94,Approved,32,Low,45,Low,Fast-Track Approval — Routine Processing,8,2,47,STRONG,0
CLM-2024-00216,CUST-09293,Fire,56430.18,Settled,45,Medium,45,Low,Standard Adjuster Review — Verify Supporting Documentation,44,9,46,DIVERGENT,0
CLM-2024-00217,CUST-05491,Fire,90000.0,Settled,56,Medium,68,Medium,Standard Adjuster Review — Verify Supporting Documentation,35,9,47,DIVERGENT,0
CLM-2024-00218,CUST-03208,Auto,5200.15,Settled,27,Low,40,Low,Fast-Track Approval — Routine Processing,2,0,47,STRONG,0
CLM-2024-00219,CUST-01228,Auto,2182.09,Settled,11,Low,15,Low,Fast-Track Approval — Routine Processing,3,0,47,STRONG,0
CLM-2024-00220,CUST-07282,Fire,31630.78,Settled,37,Low,33,Low,Fast-Track Approval — Routine Processing,44,9,46,DIVERGENT,0
CLM-2024-00221,CUST-06923,Auto,2324.26,Approved,11,Low,16,Low,Fast-Track Approval — Routine Processing,2,0,47,STRONG,0
CLM-2024-00222,CUST-07911,Auto,7430.86,Settled,31,Low,47,Low,Fast-Track Approval — Routine Processing,3,0,47,STRONG,0
CLM-2024-00223,CUST-08400,Auto,16410.63,Settled,39,Low,58,Medium,Fast-Track Approval — Routine Processing,3,0,47,STRONG,0
CLM-2024-00224,CUST-04936,Auto,3852.27,Approved,21,Low,31,Low,Fast-Track Approval — Routine Processing,3,0,47,STRONG,0
CLM-2024-00225,CUST-00972,Auto,1801.77,Settled,8,Low,10,Low,Fast-Track Approval — Routine Processing,3,0,47,STRONG,0
CLM-2024-00226,CUST-09609,Fire,87561.31,Settled,52,Medium,60,Medium,Standard Adjuster Review — Verify Supporting Documentation,37,9,46,DIVERGENT,0
CLM-2024-00227,CUST-03939,Fire,28166.72,Settled,32,Low,29,Low,Fast-Track Approval — Routine Processing,37,9,46,DIVERGENT,0
CLM-2024-00228,CUST-02888,Fire,59282.59,Approved,56,Medium,52,Medium,Standard Adjuster Review — Verify Supporting Documentation,63,22,46,DIVERGENT,0
CLM-2024-00229,CUST-03150,Fire,6387.81,Settled,21,Low,8,Low,Fast-Track Approval — Routine Processing,44,9,46,DIVERGENT,0
CLM-2024-00230,CUST-09138,Auto,3032.71,Settled,17,Low,25,Low,Fast-Track Approval — Routine Processing,1,0,47,STRONG,0
CLM-2024-00231,CUST-06210,Fire,13908.85,Settled,27,Low,21,Low,Fast-Track Approval — Routine Processing,37,9,46,DIVERGENT,0
CLM-2024-00232,CUST-06815,Fire,88693.3,Settled,53,Medium,61,Medium,Standard Adjuster Review — Verify Supporting Documentation,37,9,46,DIVERGENT,0
CLM-2024-00233,CUST-02824,Caravan,7875.0,Open,80,High,86,High,Priority Manual Investigation — Consider SIU Referral,70,33,50,DIVERGENT,0
CLM-2024-00234,CUST-08533,Auto,37958.91,Settled,48,Medium,73,Medium,Standard Adjuster Review — Verify Supporting Documentation,3,0,47,STRONG,0
CLM-2024-00235,CUST-01131,Fire,8498.79,Settled,23,Low,12,Low,Fast-Track Approval — Routine Processing,44,9,46,DIVERGENT,0
CLM-2024-00236,CUST-05615,Fire,67261.31,Approved,49,Medium,52,Low,Standard Adjuster Review — Verify Supporting Documentation,44,9,46,DIVERGENT,0
CLM-2024-00237,CUST-05628,Auto,43147.68,Settled,53,Medium,76,Medium,Standard Adjuster Review — Verify Supporting Documentation,9,6,55,STRONG,0
CLM-2024-00238,CUST-02879,Auto,1487.75,Settled,4,Low,5,Low,Fast-Track Approval — Routine Processing,2,0,47,STRONG,0
CLM-2024-00239,CUST-03735,Fire,57560.32,Approved,50,Medium,44,Low,Standard Adjuster Review — Verify Supporting Documentation,61,22,47,DIVERGENT,0
CLM-2024-00240,CUST-09143,Fire,17588.58,Approved,31,Low,24,Low,Fast-Track Approval — Routine Processing,44,9,46,DIVERGENT,0
CLM-2024-00241,CUST-00455,Fire,10703.01,Open,26,Low,16,Low,Fast-Track Approval — Routine Processing,44,9,46,DIVERGENT,0
CLM-2024-00242,CUST-08455,Auto,2682.08,Settled,16,Low,21,Low,Fast-Track Approval — Routine Processing,8,0,47,STRONG,0
CLM-2024-00243,CUST-05193,Auto,4671.32,Settled,25,Low,37,Low,Fast-Track Approval — Routine Processing,1,0,47,STRONG,0
CLM-2024-00244,CUST-00341,Auto,2326.52,Settled,12,Low,17,Low,Fast-Track Approval — Routine Processing,3,0,47,STRONG,0
CLM-2024-00245,CUST-04157,Auto,42125.38,Settled,50,Medium,76,Medium,Standard Adjuster Review — Verify Supporting Documentation,2,0,47,STRONG,0
CLM-2024-00246,CUST-08395,Auto,36785.08,Approved,48,Medium,73,Medium,Standard Adjuster Review — Verify Supporting Documentation,1,0,47,STRONG,0
CLM-2024-00247,CUST-06856,Fire,12911.39,Open,33,Low,19,Low,Fast-Track Approval — Routine Processing,60,20,46,DIVERGENT,0
CLM-2024-00248,CUST-00252,Auto,8128.92,Settled,53,Medium,49,Low,Standard Adjuster Review — Verify Supporting Documentation,57,17,48,DIVERGENT,0
CLM-2024-00249,CUST-06337,Auto,2246.96,Under Investigation,10,Low,15,Low,Fast-Track Approval — Routine Processing,1,0,47,STRONG,0
CLM-2024-00250,CUST-01497,Auto,1303.24,Settled,3,Low,3,Low,Fast-Track Approval — Routine Processing,3,0,47,STRONG,0
CLM-2024-00251,CUST-07429,Auto,6022.0,Settled,29,Low,43,Low,Fast-Track Approval — Routine Processing,3,0,47,STRONG,0
CLM-2024-00252,CUST-03992,Auto,53672.47,Approved,53,Medium,81,Medium,Standard Adjuster Review — Verify Supporting Documentation,2,0,47,STRONG,0
CLM-2024-00253,CUST-02640,Fire,13645.66,Open,42,Medium,20,Low,Standard Adjuster Review — Verify Supporting Documentation,66,29,48,DIVERGENT,0
CLM-2024-00254,CUST-05844,Fire,5405.39,Approved,19,Low,6,Low,Fast-Track Approval — Routine Processing,44,9,46,DIVERGENT,0
CLM-2024-00255,CUST-06206,Auto,8139.87,Settled,32,Low,49,Low,Fast-Track Approval — Routine Processing,1,0,47,STRONG,0
CLM-2024-00256,CUST-07473,Auto,1189.34,Approved,2,Low,2,Low,Fast-Track Approval — Routine Processing,1,0,47,STRONG,0
CLM-2024-00257,CUST-05201,Auto,38279.84,Settled,49,Medium,74,Medium,Standard Adjuster Review — Verify Supporting Documentation,1,0,47,STRONG,0
CLM-2024-00258,CUST-08880,Auto,1760.24,Settled,7,Low,9,Low,Fast-Track Approval — Routine Processing,3,0,47,STRONG,0
CLM-2024-00259,CUST-04195,Fire,36363.11,Approved,36,Low,36,Low,Fast-Track Approval — Routine Processing,37,9,46,DIVERGENT,0
CLM-2024-00260,CUST-08028,Fire,103632.06,Settled,56,Medium,63,Medium,Standard Adjuster Review — Verify Supporting Documentation,44,9,46,DIVERGENT,0
CLM-2024-00261,CUST-01714,Auto,5019.62,Settled,26,Low,39,Low,Fast-Track Approval — Routine Processing,1,0,47,STRONG,0
CLM-2024-00262,CUST-07435,Fire,2037.41,Approved,15,Low,0,Low,Fast-Track Approval — Routine Processing,44,9,46,DIVERGENT,0
CLM-2024-00263,CUST-07126,Fire,22196.25,Open,33,Low,27,Low,Fast-Track Approval — Routine Processing,44,9,46,DIVERGENT,0
CLM-2024-00264,CUST-05175,Fire,27725.96,Settled,35,Low,30,Low,Fast-Track Approval — Routine Processing,44,9,46,DIVERGENT,0
CLM-2024-00265,CUST-02329,Fire,90000.0,Settled,56,Medium,68,Medium,Standard Adjuster Review — Verify Supporting Documentation,35,9,47,DIVERGENT,0
CLM-2024-00266,CUST-05477,Auto,24814.99,Settled,44,Medium,66,Medium,Standard Adjuster Review — Verify Supporting Documentation,3,0,47,STRONG,0
CLM-2024-00267,CUST-00123,Fire,190352.36,Settled,64,Medium,79,Medium,Standard Adjuster Review — Verify Supporting Documentation,37,9,46,DIVERGENT,0
CLM-2024-00268,CUST-09304,Fire,17217.42,Settled,27,Low,23,Low,Fast-Track Approval — Routine Processing,35,9,47,DIVERGENT,0
CLM-2024-00269,CUST-08271,Auto,1339.92,Settled,2,Low,3,Low,Fast-Track Approval — Routine Processing,2,0,47,STRONG,0
CLM-2024-00270,CUST-01153,Fire,9484.96,Settled,25,Low,15,Low,Fast-Track Approval — Routine Processing,44,9,46,DIVERGENT,0
CLM-2024-00271,CUST-06982,Auto,6612.96,Approved,30,Low,45,Low,Fast-Track Approval — Routine Processing,1,0,47,STRONG,0
CLM-2024-00272,CUST-04748,Auto,40620.62,Settled,48,Medium,73,Medium,Standard Adjuster Review — Verify Supporting Documentation,1,0,47,STRONG,0
CLM-2024-00273,CUST-09820,Auto,5622.97,Approved,28,Low,42,Low,Fast-Track Approval — Routine Processing,1,0,47,STRONG,0
CLM-2024-00274,CUST-07029,Fire,4287.78,Settled,25,Low,3,Low,Fast-Track Approval — Routine Processing,66,22,47,DIVERGENT,0
CLM-2024-00275,CUST-00002,Fire,10327.16,Approved,23,Low,16,Low,Fast-Track Approval — Routine Processing,37,9,46,DIVERGENT,0
CLM-2024-00276,CUST-00887,Fire,37995.61,Settled,41,Medium,39,Low,Standard Adjuster Review — Verify Supporting Documentation,44,9,46,DIVERGENT,0
CLM-2024-00277,CUST-05997,Fire,16364.05,Approved,25,Low,22,Low,Fast-Track Approval — Routine Processing,31,7,46,DIVERGENT,0
CLM-2024-00278,CUST-03763,Caravan,3196.13,Settled,36,Low,17,Low,Fast-Track Approval — Routine Processing,70,33,50,DIVERGENT,0
CLM-2024-00279,CUST-08315,Fire,18013.68,Settled,31,Low,24,Low,Fast-Track Approval — Routine Processing,44,9,46,DIVERGENT,0
CLM-2024-00280,CUST-01771,Fire,9471.01,Settled,20,Low,14,Low,Fast-Track Approval — Routine Processing,31,7,46,DIVERGENT,0
CLM-2024-00281,CUST-05209,Auto,2563.0,Settled,13,Low,20,Low,Fast-Track Approval — Routine Processing,1,0,47,STRONG,0
CLM-2024-00282,CUST-06169,Fire,36785.06,Settled,34,Low,36,Low,Fast-Track Approval — Routine Processing,31,7,46,DIVERGENT,0
CLM-2024-00283,CUST-01853,Fire,15241.6,Settled,43,Medium,22,Low,Standard Adjuster Review — Verify Supporting Documentation,56,29,48,DIVERGENT,0
CLM-2024-00284,CUST-05291,Fire,22439.03,Approved,28,Low,27,Low,Fast-Track Approval — Routine Processing,31,7,46,DIVERGENT,0
CLM-2024-00285,CUST-03292,Fire,135000.0,Approved,61,Medium,77,Medium,Standard Adjuster Review — Verify Supporting Documentation,31,7,46,DIVERGENT,0
CLM-2024-00286,CUST-09438,Caravan,3796.41,Settled,24,Low,23,Low,Fast-Track Approval — Routine Processing,26,6,50,DIVERGENT,0
CLM-2024-00287,CUST-06357,Fire,83631.72,Open,47,Medium,56,Low,Standard Adjuster Review — Verify Supporting Documentation,31,7,46,DIVERGENT,0
CLM-2024-00288,CUST-04744,Auto,3170.02,Approved,41,Medium,26,Low,Standard Adjuster Review — Verify Supporting Documentation,61,17,48,DIVERGENT,0
CLM-2024-00289,CUST-05604,Fire,11744.45,Settled,27,Low,18,Low,Fast-Track Approval — Routine Processing,44,9,46,DIVERGENT,0
CLM-2024-00290,CUST-06775,Auto,19902.79,Settled,41,Medium,62,Medium,Standard Adjuster Review — Verify Supporting Documentation,2,0,47,STRONG,0
CLM-2024-00291,CUST-06557,Auto,1622.49,Settled,6,Low,8,Low,Fast-Track Approval — Routine Processing,3,0,47,STRONG,0
CLM-2024-00292,CUST-01687,Fire,63466.99,Settled,54,Medium,48,Low,Standard Adjuster Review — Verify Supporting Documentation,64,22,47,DIVERGENT,0
CLM-2024-00293,CUST-09659,Auto,1465.06,Settled,4,Low,5,Low,Fast-Track Approval — Routine Processing,1,0,47,STRONG,0
CLM-2024-00294,CUST-05086,Auto,4914.84,Approved,64,Medium,38,Low,Standard Adjuster Review — Verify Supporting Documentation,76,33,49,DIVERGENT,0
CLM-2024-00295,CUST-04192,Auto,1979.6,Approved,9,Low,12,Low,Fast-Track Approval — Routine Processing,3,0,47,STRONG,0
CLM-2024-00296,CUST-07010,Fire,70419.69,Settled,47,Medium,53,Low,Standard Adjuster Review — Verify Supporting Documentation,37,9,46,DIVERGENT,0
CLM-2024-00297,CUST-04151,Fire,40046.51,Settled,42,Medium,45,Medium,Standard Adjuster Review — Verify Supporting Documentation,37,9,46,DIVERGENT,0
CLM-2024-00298,CUST-04832,Auto,2976.99,Settled,16,Low,24,Low,Fast-Track Approval — Routine Processing,1,0,47,STRONG,0
CLM-2024-00299,CUST-01920,Caravan,1581.95,Settled,28,Low,6,Low,Fast-Track Approval — Routine Processing,69,29,50,DIVERGENT,0
CLM-2024-00300,CUST-09139,Auto,32385.55,Settled,46,Medium,70,Medium,Standard Adjuster Review — Verify Supporting Documentation,1,0,47,STRONG,0
CLM-2024-00301,CUST-00317,Fire,128034.88,Under Investigation,58,Medium,70,Medium,Standard Adjuster Review — Verify Supporting Documentation,37,9,46,DIVERGENT,0
CLM-2024-00302,CUST-03637,Fire,11215.17,Open,26,Low,16,Low,Fast-Track Approval — Routine Processing,44,9,46,DIVERGENT,0
CLM-2024-00303,CUST-06479,Auto,4187.37,Settled,23,Low,34,Low,Fast-Track Approval — Routine Processing,1,0,47,STRONG,0
CLM-2024-00304,CUST-08385,Auto,3385.91,Settled,20,Low,27,Low,Fast-Track Approval — Routine Processing,8,2,47,STRONG,0
CLM-2024-00305,CUST-08237,Fire,141897.32,Approved,77,High,74,Medium,Priority Manual Investigation — Consider SIU Referral,66,29,48,DIVERGENT,0
CLM-2024-00306,CUST-07650,Auto,2104.51,Settled,9,Low,13,Low,Fast-Track Approval — Routine Processing,2,0,47,STRONG,0
CLM-2024-00307,CUST-02571,Auto,2200.09,Settled,31,Low,15,Low,Fast-Track Approval — Routine Processing,57,17,48,DIVERGENT,0
CLM-2024-00308,CUST-09291,Auto,4683.17,Settled,25,Low,37,Low,Fast-Track Approval — Routine Processing,3,0,47,STRONG,0
CLM-2024-00309,CUST-08697,Auto,5319.94,Approved,26,Low,40,Low,Fast-Track Approval — Routine Processing,1,0,47,STRONG,0
CLM-2024-00310,CUST-03283,Auto,3946.13,Settled,22,Low,32,Low,Fast-Track Approval — Routine Processing,3,0,47,STRONG,0
CLM-2024-00311,CUST-01132,Fire,88328.14,Approved,53,Medium,58,Low,Standard Adjuster Review — Verify Supporting Documentation,44,9,46,DIVERGENT,0
CLM-2024-00312,CUST-00857,Caravan,1929.03,Settled,30,Low,8,Low,Fast-Track Approval — Routine Processing,70,33,50,DIVERGENT,0
CLM-2024-00313,CUST-00149,Fire,51205.65,Settled,41,Medium,40,Low,Standard Adjuster Review — Verify Supporting Documentation,44,9,46,DIVERGENT,0
CLM-2024-00314,CUST-03078,Fire,135000.0,Open,71,High,77,Medium,Priority Manual Investigation — Consider SIU Referral,61,22,47,DIVERGENT,0
CLM-2024-00315,CUST-00742,Auto,3807.74,Settled,21,Low,31,Low,Fast-Track Approval — Routine Processing,1,0,47,STRONG,0
CLM-2024-00316,CUST-04160,Auto,1849.64,Open,7,Low,10,Low,Fast-Track Approval — Routine Processing,3,0,47,STRONG,0
CLM-2024-00317,CUST-07200,Fire,8119.17,Approved,30,Low,12,Low,Fast-Track Approval — Routine Processing,64,22,47,DIVERGENT,0
CLM-2024-00318,CUST-07877,Auto,2478.96,Approved,33,Low,19,Low,Fast-Track Approval — Routine Processing,57,17,48,DIVERGENT,0
CLM-2024-00319,CUST-04195,Fire,22693.08,Approved,29,Low,28,Low,Fast-Track Approval — Routine Processing,31,7,46,DIVERGENT,0
CLM-2024-00320,CUST-08879,Auto,9638.94,Open,34,Low,52,Low,Fast-Track Approval — Routine Processing,2,0,47,STRONG,0
CLM-2024-00321,CUST-05184,Auto,1501.01,Settled,5,Low,6,Low,Fast-Track Approval — Routine Processing,3,0,47,STRONG,0
CLM-2024-00322,CUST-04943,Caravan,2373.71,Settled,18,Low,12,Low,Fast-Track Approval — Routine Processing,28,6,51,DIVERGENT,0
CLM-2024-00323,CUST-07274,Auto,52899.01,Settled,76,High,80,Medium,Priority Manual Investigation — Consider SIU Referral,61,17,48,DIVERGENT,0
CLM-2024-00324,CUST-06772,Fire,4320.46,Settled,14,Low,3,Low,Fast-Track Approval — Routine Processing,35,9,47,DIVERGENT,0
CLM-2024-00325,CUST-01480,Fire,62491.43,Settled,46,Medium,47,Low,Standard Adjuster Review — Verify Supporting Documentation,44,9,46,DIVERGENT,0
CLM-2024-00326,CUST-02747,Auto,89244.5,Under Investigation,63,Medium,95,High,Standard Adjuster Review — Verify Supporting Documentation,3,0,47,STRONG,0
CLM-2024-00327,CUST-02600,Auto,4669.82,Settled,24,Low,36,Low,Fast-Track Approval — Routine Processing,3,0,47,STRONG,0
CLM-2024-00328,CUST-04258,Fire,10291.66,Settled,38,Low,16,Low,Fast-Track Approval — Routine Processing,66,29,48,DIVERGENT,0
CLM-2024-00329,CUST-01407,Auto,1214.87,Settled,3,Low,3,Low,Fast-Track Approval — Routine Processing,3,0,47,STRONG,0
CLM-2024-00330,CUST-06398,Caravan,7875.0,Settled,90,High,86,High,Priority Manual Investigation — Consider SIU Referral,41,22,54,DIVERGENT,0
CLM-2024-00331,CUST-00764,Fire,7832.95,Settled,22,Low,11,Low,Fast-Track Approval — Routine Processing,44,9,46,DIVERGENT,0
CLM-2024-00332,CUST-06892,Fire,180000.0,Settled,68,Medium,81,Medium,Standard Adjuster Review — Verify Supporting Documentation,44,9,46,DIVERGENT,0
CLM-2024-00333,CUST-06898,Auto,6347.83,Settled,29,Low,44,Low,Fast-Track Approval — Routine Processing,1,0,47,STRONG,0
CLM-2024-00334,CUST-03512,Auto,8880.64,Settled,33,Low,50,Low,Fast-Track Approval — Routine Processing,3,0,47,STRONG,0
CLM-2024-00335,CUST-08116,Fire,153535.6,Settled,62,Medium,76,Medium,Standard Adjuster Review — Verify Supporting Documentation,37,9,46,DIVERGENT,0
CLM-2024-00336,CUST-06210,Fire,7259.75,Settled,22,Low,11,Low,Fast-Track Approval — Routine Processing,44,9,46,DIVERGENT,0
CLM-2024-00337,CUST-08729,Auto,1865.75,Settled,7,Low,10,Low,Fast-Track Approval — Routine Processing,2,0,47,STRONG,0
CLM-2024-00338,CUST-00938,Fire,74420.44,Settled,55,Medium,51,Low,Standard Adjuster Review — Verify Supporting Documentation,63,22,47,DIVERGENT,0
CLM-2024-00339,CUST-08934,Fire,22952.1,Open,28,Low,27,Low,Fast-Track Approval — Routine Processing,31,7,46,DIVERGENT,0
CLM-2024-00340,CUST-08123,Auto,4805.78,Settled,25,Low,38,Low,Fast-Track Approval — Routine Processing,2,0,47,STRONG,0
CLM-2024-00341,CUST-01801,Auto,8969.24,Settled,33,Low,50,Low,Fast-Track Approval — Routine Processing,1,0,47,STRONG,0
CLM-2024-00342,CUST-04160,Caravan,6643.71,Under Investigation,42,Medium,48,Medium,Standard Adjuster Review — Verify Supporting Documentation,31,13,51,DIVERGENT,0
CLM-2024-00343,CUST-00366,Auto,14499.95,Settled,38,Low,57,Medium,Fast-Track Approval — Routine Processing,3,0,47,STRONG,0
CLM-2024-00344,CUST-07069,Auto,2324.76,Settled,11,Low,16,Low,Fast-Track Approval — Routine Processing,1,0,47,STRONG,0
CLM-2024-00345,CUST-03361,Auto,4635.06,Open,24,Low,36,Low,Fast-Track Approval — Routine Processing,2,0,47,STRONG,0
CLM-2024-00346,CUST-01495,Fire,16522.91,Settled,30,Low,22,Low,Fast-Track Approval — Routine Processing,44,9,46,DIVERGENT,0
CLM-2024-00347,CUST-07967,Fire,29135.72,Approved,35,Low,31,Low,Fast-Track Approval — Routine Processing,44,9,46,DIVERGENT,0
CLM-2024-00348,CUST-00253,Fire,84549.53,Settled,52,Medium,64,Medium,Standard Adjuster Review — Verify Supporting Documentation,31,7,46,DIVERGENT,0
CLM-2024-00349,CUST-09446,Auto,2167.55,Settled,10,Low,14,Low,Fast-Track Approval — Routine Processing,1,0,47,STRONG,0
CLM-2024-00350,CUST-07380,Fire,41867.43,Settled,40,Medium,38,Low,Standard Adjuster Review — Verify Supporting Documentation,44,9,46,DIVERGENT,0
CLM-2024-00351,CUST-04619,Auto,1360.78,Settled,4,Low,4,Low,Fast-Track Approval — Routine Processing,3,0,47,STRONG,0
CLM-2024-00352,CUST-05017,Auto,2344.15,Open,13,Low,17,Low,Fast-Track Approval — Routine Processing,6,0,47,STRONG,0
CLM-2024-00353,CUST-09468,Fire,80732.33,Settled,49,Medium,58,Medium,Standard Adjuster Review — Verify Supporting Documentation,31,7,46,DIVERGENT,0
CLM-2024-00354,CUST-08359,Fire,20168.91,Approved,29,Low,25,Low,Fast-Track Approval — Routine Processing,37,9,46,DIVERGENT,0
CLM-2024-00355,CUST-00716,Fire,4521.38,Settled,15,Low,4,Low,Fast-Track Approval — Routine Processing,35,9,47,DIVERGENT,0
CLM-2024-00356,CUST-06684,Auto,2103.93,Approved,9,Low,13,Low,Fast-Track Approval — Routine Processing,2,0,47,STRONG,0
CLM-2024-00357,CUST-05318,Auto,2521.67,Approved,14,Low,20,Low,Fast-Track Approval — Routine Processing,2,0,47,STRONG,0
CLM-2024-00358,CUST-08683,Auto,2651.63,Settled,15,Low,21,Low,Fast-Track Approval — Routine Processing,3,0,47,STRONG,0
CLM-2024-00359,CUST-01565,Auto,50887.55,Settled,52,Medium,80,Medium,Standard Adjuster Review — Verify Supporting Documentation,1,0,47,STRONG,0
CLM-2024-00360,CUST-07004,Auto,26875.87,Settled,44,Medium,66,Medium,Standard Adjuster Review — Verify Supporting Documentation,3,0,47,STRONG,0
CLM-2024-00361,CUST-01873,Fire,16349.73,Approved,30,Low,22,Low,Fast-Track Approval — Routine Processing,44,9,46,DIVERGENT,0
CLM-2024-00362,CUST-06287,Auto,3232.0,Settled,17,Low,26,Low,Fast-Track Approval — Routine Processing,1,0,47,STRONG,0
CLM-2024-00363,CUST-04172,Auto,16427.52,Settled,39,Low,58,Medium,Fast-Track Approval — Routine Processing,3,0,47,STRONG,0
CLM-2024-00364,CUST-06175,Auto,54000.0,Open,54,Medium,82,Medium,Standard Adjuster Review — Verify Supporting Documentation,2,0,47,STRONG,0
CLM-2024-00365,CUST-06640,Auto,25395.69,Open,43,Medium,65,Medium,Standard Adjuster Review — Verify Supporting Documentation,3,0,47,STRONG,0
CLM-2024-00366,CUST-07533,Caravan,7875.0,Approved,80,High,86,High,Priority Manual Investigation — Consider SIU Referral,70,33,50,DIVERGENT,0
CLM-2024-00367,CUST-09600,Fire,29295.28,Open,31,Low,31,Low,Fast-Track Approval — Routine Processing,31,7,46,DIVERGENT,0
CLM-2024-00368,CUST-05681,Fire,25564.95,Open,34,Low,29,Low,Fast-Track Approval — Routine Processing,44,9,46,DIVERGENT,0
CLM-2024-00369,CUST-02280,Auto,2990.31,Open,17,Low,24,Low,Fast-Track Approval — Routine Processing,3,0,47,STRONG,0
CLM-2024-00370,CUST-04274,Auto,2580.41,Approved,15,Low,20,Low,Fast-Track Approval — Routine Processing,7,0,47,STRONG,0
CLM-2024-00371,CUST-06869,Auto,7699.61,Settled,32,Low,48,Low,Fast-Track Approval — Routine Processing,3,0,47,STRONG,0
CLM-2024-00372,CUST-08569,Fire,18410.74,Settled,43,Medium,25,Low,Standard Adjuster Review — Verify Supporting Documentation,69,32,47,DIVERGENT,0
CLM-2024-00373,CUST-03591,Fire,4198.97,Settled,14,Low,3,Low,Fast-Track Approval — Routine Processing,35,9,47,DIVERGENT,0
CLM-2024-00374,CUST-02177,Fire,21248.21,Approved,28,Low,26,Low,Fast-Track Approval — Routine Processing,31,7,46,DIVERGENT,0
CLM-2024-00375,CUST-04211,Auto,7869.66,Settled,32,Low,48,Low,Fast-Track Approval — Routine Processing,3,0,47,STRONG,0
CLM-2024-00376,CUST-00128,Fire,7381.58,Settled,22,Low,10,Low,Fast-Track Approval — Routine Processing,44,9,46,DIVERGENT,0
CLM-2024-00377,CUST-01618,Caravan,6538.35,Settled,55,Medium,47,Medium,Standard Adjuster Review — Verify Supporting Documentation,71,35,50,DIVERGENT,0
CLM-2024-00378,CUST-00095,Auto,9047.66,Settled,33,Low,50,Low,Fast-Track Approval — Routine Processing,1,0,47,STRONG,0
CLM-2024-00379,CUST-05058,Auto,38522.3,Settled,49,Medium,74,Medium,Standard Adjuster Review — Verify Supporting Documentation,1,0,47,STRONG,0
CLM-2024-00380,CUST-04391,Fire,90000.0,Settled,57,Medium,68,Medium,Standard Adjuster Review — Verify Supporting Documentation,37,9,46,DIVERGENT,0
CLM-2024-00381,CUST-01959,Auto,3084.73,Approved,17,Low,25,Low,Fast-Track Approval — Routine Processing,3,0,47,STRONG,0
CLM-2024-00382,CUST-01891,Fire,34397.42,Settled,35,Low,34,Low,Fast-Track Approval — Routine Processing,37,9,46,DIVERGENT,0
CLM-2024-00383,CUST-03328,Fire,16795.62,Approved,26,Low,23,Low,Fast-Track Approval — Routine Processing,31,7,46,DIVERGENT,0
CLM-2024-00384,CUST-05968,Auto,3162.96,Settled,70,High,26,Low,Priority Manual Investigation — Consider SIU Referral,81,37,50,DIVERGENT,0
CLM-2024-00385,CUST-02114,Fire,10321.87,Settled,33,Low,16,Low,Fast-Track Approval — Routine Processing,64,22,47,DIVERGENT,0
CLM-2024-00386,CUST-07870,Boat,18000.0,Settled,42,Medium,28,Medium,Standard Adjuster Review — Verify Supporting Documentation,69,29,50,DIVERGENT,0
CLM-2024-00387,CUST-03320,Fire,135000.0,Approved,61,Medium,77,Medium,Standard Adjuster Review — Verify Supporting Documentation,31,7,46,DIVERGENT,0
CLM-2024-00388,CUST-04567,Fire,6359.11,Settled,20,Low,8,Low,Fast-Track Approval — Routine Processing,44,9,46,DIVERGENT,0
CLM-2024-00389,CUST-09175,Auto,6987.38,Settled,31,Low,46,Low,Fast-Track Approval — Routine Processing,3,0,47,STRONG,0
CLM-2024-00390,CUST-08237,Fire,58689.98,Settled,45,Medium,46,Low,Standard Adjuster Review — Verify Supporting Documentation,44,9,46,DIVERGENT,0
CLM-2024-00391,CUST-02268,Fire,6256.62,Settled,19,Low,9,Low,Fast-Track Approval — Routine Processing,37,9,46,DIVERGENT,0
CLM-2024-00392,CUST-07533,Caravan,7875.0,Approved,80,High,86,High,Priority Manual Investigation — Consider SIU Referral,70,33,50,DIVERGENT,0
CLM-2024-00393,CUST-04939,Auto,26501.56,Open,44,Medium,66,Medium,Standard Adjuster Review — Verify Supporting Documentation,3,0,47,STRONG,0
CLM-2024-00394,CUST-04418,Caravan,7875.0,Settled,80,High,86,High,Priority Manual Investigation — Consider SIU Referral,69,29,50,DIVERGENT,0
CLM-2024-00395,CUST-00910,Fire,167724.67,Approved,70,High,84,Medium,Priority Manual Investigation — Consider SIU Referral,44,9,46,DIVERGENT,0
CLM-2024-00396,CUST-07949,Auto,1508.05,Settled,7,Low,6,Low,Fast-Track Approval — Routine Processing,8,0,47,STRONG,0
CLM-2024-00397,CUST-09273,Fire,5113.0,Open,19,Low,5,Low,Fast-Track Approval — Routine Processing,44,9,46,DIVERGENT,0
CLM-2024-00398,CUST-04424,Fire,45938.36,Settled,38,Low,39,Low,Fast-Track Approval — Routine Processing,35,9,47,DIVERGENT,0
CLM-2024-00399,CUST-07301,Auto,12327.51,Settled,37,Low,55,Low,Fast-Track Approval — Routine Processing,3,0,47,STRONG,0
CLM-2024-00400,CUST-02857,Fire,26858.81,Approved,31,Low,29,Low,Fast-Track Approval — Routine Processing,35,9,47,DIVERGENT,0
CLM-2024-00401,CUST-05217,Fire,11753.5,Approved,33,Low,17,Low,Fast-Track Approval — Routine Processing,63,22,46,DIVERGENT,0
CLM-2024-00402,CUST-01686,Auto,16346.74,Settled,39,Low,58,Medium,Fast-Track Approval — Routine Processing,3,0,47,STRONG,0
CLM-2024-00403,CUST-00058,Fire,27235.86,Settled,34,Low,29,Low,Fast-Track Approval — Routine Processing,44,9,46,DIVERGENT,0
CLM-2024-00404,CUST-02605,Auto,14149.1,Approved,37,Low,57,Low,Fast-Track Approval — Routine Processing,1,0,47,STRONG,0
CLM-2024-00405,CUST-00831,Auto,6891.1,Settled,30,Low,46,Low,Fast-Track Approval — Routine Processing,1,0,47,STRONG,0
CLM-2024-00406,CUST-05100,Fire,32258.72,Settled,32,Low,33,Low,Fast-Track Approval — Routine Processing,31,7,46,DIVERGENT,0
CLM-2024-00407,CUST-01018,Auto,10411.46,Approved,35,Low,53,Low,Fast-Track Approval — Routine Processing,1,0,47,STRONG,0
CLM-2024-00408,CUST-00087,Fire,10098.98,Settled,24,Low,17,Low,Fast-Track Approval — Routine Processing,37,9,46,DIVERGENT,0
CLM-2024-00409,CUST-08801,Fire,81771.58,Settled,52,Medium,63,Medium,Standard Adjuster Review — Verify Supporting Documentation,31,7,46,DIVERGENT,0
CLM-2024-00410,CUST-02346,Fire,87982.04,Settled,58,Medium,65,Medium,Standard Adjuster Review — Verify Supporting Documentation,44,9,46,DIVERGENT,0
CLM-2024-00411,CUST-07542,Auto,2868.02,Settled,15,Low,23,Low,Fast-Track Approval — Routine Processing,2,0,47,STRONG,0
CLM-2024-00412,CUST-00113,Auto,24628.78,Settled,44,Medium,64,Medium,Standard Adjuster Review — Verify Supporting Documentation,6,0,47,STRONG,0
CLM-2024-00413,CUST-06893,Auto,86338.18,Settled,64,Medium,94,High,Standard Adjuster Review — Verify Supporting Documentation,8,0,47,STRONG,0
CLM-2024-00414,CUST-01890,Auto,1139.34,Approved,2,Low,2,Low,Fast-Track Approval — Routine Processing,1,0,47,STRONG,0
CLM-2024-00415,CUST-01882,Auto,19437.38,Approved,79,High,61,Medium,Priority Manual Investigation — Consider SIU Referral,76,33,49,DIVERGENT,0
CLM-2024-00416,CUST-07473,Fire,139648.87,Settled,56,Medium,70,Medium,Standard Adjuster Review — Verify Supporting Documentation,31,7,46,DIVERGENT,0
CLM-2024-00417,CUST-00922,Auto,2785.72,Approved,37,Low,22,Low,Fast-Track Approval — Routine Processing,60,17,48,DIVERGENT,0
CLM-2024-00418,CUST-05559,Caravan,7875.0,Settled,81,High,86,High,Priority Manual Investigation — Consider SIU Referral,71,35,50,DIVERGENT,0
CLM-2024-00419,CUST-04261,Auto,7248.26,Settled,31,Low,47,Low,Fast-Track Approval — Routine Processing,2,0,47,STRONG,0
CLM-2024-00420,CUST-07719,Auto,1876.71,Settled,8,Low,11,Low,Fast-Track Approval — Routine Processing,1,0,47,STRONG,0
CLM-2024-00421,CUST-09127,Fire,80254.41,Settled,51,Medium,55,Low,Standard Adjuster Review — Verify Supporting Documentation,44,9,46,DIVERGENT,0
CLM-2024-00422,CUST-00407,Auto,5276.73,Open,47,Medium,40,Low,Standard Adjuster Review — Verify Supporting Documentation,57,17,48,DIVERGENT,0
CLM-2024-00423,CUST-02238,Fire,5258.14,Settled,26,Low,6,Low,Fast-Track Approval — Routine Processing,63,22,46,DIVERGENT,0
CLM-2024-00424,CUST-08168,Auto,3465.33,Approved,19,Low,28,Low,Fast-Track Approval — Routine Processing,3,0,47,STRONG,0
CLM-2024-00425,CUST-05548,Auto,27586.65,Open,44,Medium,67,Medium,Standard Adjuster Review — Verify Supporting Documentation,1,0,47,STRONG,0
CLM-2024-00426,CUST-00645,Auto,5671.15,Settled,28,Low,42,Low,Fast-Track Approval — Routine Processing,3,0,47,STRONG,0
CLM-2024-00427,CUST-05871,Fire,12995.86,Approved,28,Low,20,Low,Fast-Track Approval — Routine Processing,44,9,46,DIVERGENT,0
CLM-2024-00428,CUST-03653,Auto,1352.04,Open,3,Low,4,Low,Fast-Track Approval — Routine Processing,1,0,47,STRONG,0
CLM-2024-00429,CUST-01745,Auto,2205.85,Settled,10,Low,15,Low,Fast-Track Approval — Routine Processing,1,0,47,STRONG,0
CLM-2024-00430,CUST-05934,Auto,5603.93,Settled,28,Low,42,Low,Fast-Track Approval — Routine Processing,1,0,47,STRONG,0
CLM-2024-00431,CUST-00653,Fire,128999.25,Settled,69,Medium,70,Medium,Standard Adjuster Review — Verify Supporting Documentation,66,22,47,DIVERGENT,0
CLM-2024-00432,CUST-09237,Fire,53335.12,Settled,41,Medium,43,Low,Standard Adjuster Review — Verify Supporting Documentation,37,9,46,DIVERGENT,0
CLM-2024-00433,CUST-00670,Auto,8732.35,Approved,32,Low,49,Low,Fast-Track Approval — Routine Processing,1,0,47,STRONG,0
CLM-2024-00434,CUST-00501,Fire,107226.93,Open,60,Medium,69,Medium,Standard Adjuster Review — Verify Supporting Documentation,44,9,46,DIVERGENT,0
CLM-2024-00435,CUST-02071,Fire,109680.94,Approved,67,Medium,67,Medium,Standard Adjuster Review — Verify Supporting Documentation,65,22,47,DIVERGENT,0
CLM-2024-00436,CUST-03286,Fire,26652.25,Approved,31,Low,31,Low,Fast-Track Approval — Routine Processing,31,7,46,DIVERGENT,0
CLM-2024-00437,CUST-06077,Fire,68670.21,Settled,48,Medium,50,Low,Standard Adjuster Review — Verify Supporting Documentation,44,9,46,DIVERGENT,0
CLM-2024-00438,CUST-05272,Fire,136645.25,Settled,63,Medium,74,Medium,Standard Adjuster Review — Verify Supporting Documentation,44,9,46,DIVERGENT,0
CLM-2024-00439,CUST-05931,Fire,14850.44,Settled,29,Low,21,Low,Fast-Track Approval — Routine Processing,44,9,46,DIVERGENT,0
CLM-2024-00440,CUST-04755,Auto,6723.12,Settled,30,Low,45,Low,Fast-Track Approval — Routine Processing,2,0,47,STRONG,0
CLM-2024-00441,CUST-01370,Fire,5728.2,Under Investigation,20,Low,7,Low,Fast-Track Approval — Routine Processing,44,9,46,DIVERGENT,0
CLM-2024-00442,CUST-03253,Auto,26919.21,Settled,44,Medium,67,Medium,Standard Adjuster Review — Verify Supporting Documentation,1,0,47,STRONG,0
CLM-2024-00443,CUST-07642,Fire,274496.15,Settled,75,High,92,High,Priority Manual Investigation — Consider SIU Referral,44,9,46,DIVERGENT,0
CLM-2024-00444,CUST-08208,Fire,8888.08,Settled,31,Low,14,Low,Fast-Track Approval — Routine Processing,63,22,47,DIVERGENT,0
CLM-2024-00445,CUST-06510,Fire,29136.11,Settled,32,Low,32,Low,Fast-Track Approval — Routine Processing,31,7,46,DIVERGENT,0
CLM-2024-00446,CUST-09290,Auto,5744.63,Settled,30,Low,42,Low,Fast-Track Approval — Routine Processing,7,0,47,STRONG,0
CLM-2024-00447,CUST-06987,Auto,4354.27,Settled,49,Medium,34,Low,Standard Adjuster Review — Verify Supporting Documentation,62,19,48,DIVERGENT,0
CLM-2024-00448,CUST-07109,Fire,5530.51,Approved,15,Low,6,Low,Fast-Track Approval — Routine Processing,31,7,46,DIVERGENT,0
CLM-2024-00449,CUST-01387,Fire,14893.27,Settled,36,Low,21,Low,Fast-Track Approval — Routine Processing,64,22,47,DIVERGENT,0
CLM-2024-00450,CUST-04990,Fire,46140.67,Open,40,Medium,38,Low,Standard Adjuster Review — Verify Supporting Documentation,44,9,46,DIVERGENT,0
CLM-2024-00451,CUST-06632,Auto,5186.81,Settled,29,Low,40,Low,Fast-Track Approval — Routine Processing,8,0,47,STRONG,0
CLM-2024-00452,CUST-01219,Fire,21609.93,Approved,33,Low,27,Low,Fast-Track Approval — Routine Processing,44,9,46,DIVERGENT,0
CLM-2024-00453,CUST-09200,Fire,94544.96,Approved,56,Medium,62,Medium,Standard Adjuster Review — Verify Supporting Documentation,44,9,46,DIVERGENT,0
CLM-2024-00454,CUST-01924,Auto,1434.12,Settled,3,Low,4,Low,Fast-Track Approval — Routine Processing,1,0,47,STRONG,0
CLM-2024-00455,CUST-08367,Auto,2341.59,Settled,11,Low,17,Low,Fast-Track Approval — Routine Processing,1,0,47,STRONG,0
CLM-2024-00456,CUST-00873,Auto,8896.35,Settled,35,Low,50,Low,Fast-Track Approval — Routine Processing,8,0,47,STRONG,0
CLM-2024-00457,CUST-05037,Fire,20375.09,Settled,32,Low,25,Low,Fast-Track Approval — Routine Processing,44,9,46,DIVERGENT,0
CLM-2024-00458,CUST-04047,Fire,52047.66,Settled,43,Medium,42,Low,Standard Adjuster Review — Verify Supporting Documentation,44,9,46,DIVERGENT,0
CLM-2024-00459,CUST-02921,Fire,52882.37,Settled,58,Medium,43,Low,Standard Adjuster Review — Verify Supporting Documentation,54,29,49,DIVERGENT,0
CLM-2024-00460,CUST-01827,Auto,16822.17,Open,40,Medium,60,Medium,Standard Adjuster Review — Verify Supporting Documentation,3,0,47,STRONG,0
CLM-2024-00461,CUST-04018,Fire,135000.0,Settled,76,High,77,Medium,Priority Manual Investigation — Consider SIU Referral,67,32,47,DIVERGENT,0
CLM-2024-00462,CUST-08466,Auto,5208.43,Settled,27,Low,40,Low,Fast-Track Approval — Routine Processing,3,0,47,STRONG,0
CLM-2024-00463,CUST-09554,Auto,1232.84,Approved,3,Low,3,Low,Fast-Track Approval — Routine Processing,3,0,47,STRONG,0
CLM-2024-00464,CUST-00263,Auto,10848.37,Open,35,Low,53,Low,Fast-Track Approval — Routine Processing,3,0,47,STRONG,0
CLM-2024-00465,CUST-07788,Fire,17498.98,Settled,28,Low,23,Low,Fast-Track Approval — Routine Processing,37,9,46,DIVERGENT,0
CLM-2024-00466,CUST-08551,Fire,4935.72,Settled,16,Low,5,Low,Fast-Track Approval — Routine Processing,37,9,46,DIVERGENT,0
CLM-2024-00467,CUST-01193,Auto,1937.61,Open,8,Low,11,Low,Fast-Track Approval — Routine Processing,2,0,47,STRONG,0
CLM-2024-00468,CUST-09191,Fire,63641.34,Approved,48,Medium,50,Low,Standard Adjuster Review — Verify Supporting Documentation,44,9,46,DIVERGENT,0
CLM-2024-00469,CUST-04117,Fire,261287.9,Settled,74,High,91,High,Priority Manual Investigation — Consider SIU Referral,44,9,46,DIVERGENT,0
CLM-2024-00470,CUST-01061,Auto,2206.91,Under Investigation,10,Low,15,Low,Fast-Track Approval — Routine Processing,1,0,47,STRONG,0
CLM-2024-00471,CUST-04411,Fire,226214.5,Under Investigation,69,Medium,87,High,Standard Adjuster Review — Verify Supporting Documentation,35,9,47,DIVERGENT,0
CLM-2024-00472,CUST-05858,Fire,8279.13,Settled,19,Low,11,Low,Fast-Track Approval — Routine Processing,35,9,47,DIVERGENT,0
CLM-2024-00473,CUST-00622,Auto,5637.24,Settled,28,Low,42,Low,Fast-Track Approval — Routine Processing,1,0,47,STRONG,0
CLM-2024-00474,CUST-01494,Auto,3689.9,Settled,20,Low,29,Low,Fast-Track Approval — Routine Processing,3,0,47,STRONG,0
CLM-2024-00475,CUST-05326,Auto,2324.52,Settled,11,Low,16,Low,Fast-Track Approval — Routine Processing,1,0,47,STRONG,0
CLM-2024-00476,CUST-01439,Fire,7814.12,Settled,28,Low,11,Low,Fast-Track Approval — Routine Processing,60,20,46,DIVERGENT,0
CLM-2024-00477,CUST-07409,Auto,18131.76,Settled,41,Medium,61,Medium,Standard Adjuster Review — Verify Supporting Documentation,3,0,47,STRONG,0
CLM-2024-00478,CUST-05457,Caravan,7875.0,Approved,65,Medium,86,High,Standard Adjuster Review — Verify Supporting Documentation,26,6,50,DIVERGENT,0
CLM-2024-00479,CUST-02295,Fire,7331.01,Settled,19,Low,10,Low,Fast-Track Approval — Routine Processing,37,9,46,DIVERGENT,0
CLM-2024-00480,CUST-05266,Auto,24452.89,Settled,43,Medium,64,Medium,Standard Adjuster Review — Verify Supporting Documentation,3,0,47,STRONG,0
CLM-2024-00481,CUST-07551,Fire,6079.06,Approved,20,Low,8,Low,Fast-Track Approval — Routine Processing,44,9,46,DIVERGENT,0
CLM-2024-00482,CUST-03393,Fire,43552.9,Settled,49,Medium,40,Low,Standard Adjuster Review — Verify Supporting Documentation,66,22,47,DIVERGENT,0
CLM-2024-00483,CUST-07785,Fire,15503.0,Settled,36,Low,21,Low,Fast-Track Approval — Routine Processing,64,22,47,DIVERGENT,0
CLM-2024-00484,CUST-04505,Fire,80414.28,Approved,52,Medium,57,Medium,Standard Adjuster Review — Verify Supporting Documentation,44,9,46,DIVERGENT,0
CLM-2024-00485,CUST-00174,Fire,12804.02,Settled,27,Low,18,Low,Fast-Track Approval — Routine Processing,44,9,46,DIVERGENT,0
CLM-2024-00486,CUST-01378,Fire,34729.68,Approved,44,Medium,35,Low,Standard Adjuster Review — Verify Supporting Documentation,61,22,47,DIVERGENT,0
CLM-2024-00487,CUST-05535,Fire,35388.83,Settled,37,Low,34,Low,Fast-Track Approval — Routine Processing,44,9,46,DIVERGENT,0
CLM-2024-00488,CUST-08228,Fire,92751.18,Settled,61,Medium,58,Medium,Standard Adjuster Review — Verify Supporting Documentation,66,22,47,DIVERGENT,0
CLM-2024-00489,CUST-06729,Auto,1593.13,Settled,31,Low,7,Low,Fast-Track Approval — Routine Processing,62,19,48,DIVERGENT,0
CLM-2024-00490,CUST-09597,Fire,180000.0,Settled,65,Medium,81,Medium,Standard Adjuster Review — Verify Supporting Documentation,35,9,47,DIVERGENT,0
CLM-2024-00491,CUST-05878,Fire,5826.61,Settled,17,Low,7,Low,Fast-Track Approval — Routine Processing,37,9,46,DIVERGENT,0
CLM-2024-00492,CUST-09791,Auto,3397.69,Approved,19,Low,28,Low,Fast-Track Approval — Routine Processing,1,0,47,STRONG,0
CLM-2024-00493,CUST-00858,Auto,22856.48,Settled,42,Medium,64,Medium,Standard Adjuster Review — Verify Supporting Documentation,2,0,47,STRONG,0
CLM-2024-00494,CUST-06527,Auto,2949.71,Settled,16,Low,24,Low,Fast-Track Approval — Routine Processing,2,0,47,STRONG,0
CLM-2024-00495,CUST-05239,Fire,4018.25,Approved,17,Low,3,Low,Fast-Track Approval — Routine Processing,44,9,46,DIVERGENT,0
CLM-2024-00496,CUST-02874,Fire,52651.19,Settled,43,Medium,43,Low,Standard Adjuster Review — Verify Supporting Documentation,44,9,46,DIVERGENT,0
CLM-2024-00497,CUST-09820,Auto,2766.93,Settled,15,Low,22,Low,Fast-Track Approval — Routine Processing,3,0,47,STRONG,0
CLM-2024-00498,CUST-00718,Auto,4172.45,Settled,23,Low,34,Low,Fast-Track Approval — Routine Processing,1,0,47,STRONG,0
CLM-2024-00499,CUST-04424,Caravan,1425.24,Settled,13,Low,4,Low,Fast-Track Approval — Routine Processing,31,13,51,DIVERGENT,0
CLM-2024-00500,CUST-01490,Auto,11025.52,Settled,36,Low,54,Low,Fast-Track Approval — Routine Processing,3,0,47,STRONG,0
CLM-2024-00501,CUST-05545,Auto,1566.77,Settled,5,Low,7,Low,Fast-Track Approval — Routine Processing,2,0,47,STRONG,0
CLM-2024-00502,CUST-09391,Caravan,5282.2,Settled,35,Low,40,Medium,Fast-Track Approval — Routine Processing,26,6,50,DIVERGENT,0
CLM-2024-00503,CUST-07479,Auto,1970.97,Settled,9,Low,12,Low,Fast-Track Approval — Routine Processing,3,0,47,STRONG,0
CLM-2024-00504,CUST-00632,Fire,46153.25,Approved,41,Medium,40,Low,Standard Adjuster Review — Verify Supporting Documentation,44,9,46,DIVERGENT,0
CLM-2024-00505,CUST-04449,Fire,38126.27,Open,38,Low,35,Low,Fast-Track Approval — Routine Processing,44,9,46,DIVERGENT,0
CLM-2024-00506,CUST-02387,Auto,4040.89,Open,23,Low,32,Low,Fast-Track Approval — Routine Processing,6,0,47,STRONG,0
CLM-2024-00507,CUST-06105,Fire,135000.0,Settled,61,Medium,77,Medium,Standard Adjuster Review — Verify Supporting Documentation,31,7,46,DIVERGENT,0
CLM-2024-00508,CUST-04800,Auto,5338.55,Settled,28,Low,41,Low,Fast-Track Approval — Routine Processing,3,0,47,STRONG,0
CLM-2024-00509,CUST-03557,Caravan,7875.0,Settled,78,High,86,High,Priority Manual Investigation — Consider SIU Referral,63,13,50,DIVERGENT,0
CLM-2024-00510,CUST-08432,Auto,5592.39,Settled,28,Low,42,Low,Fast-Track Approval — Routine Processing,1,0,47,STRONG,0
CLM-2024-00511,CUST-06035,Auto,22459.59,Approved,42,Medium,63,Medium,Standard Adjuster Review — Verify Supporting Documentation,3,0,47,STRONG,0
CLM-2024-00512,CUST-02038,Auto,2923.71,Approved,16,Low,24,Low,Fast-Track Approval — Routine Processing,1,0,47,STRONG,0
CLM-2024-00513,CUST-03328,Fire,5686.11,Settled,20,Low,7,Low,Fast-Track Approval — Routine Processing,44,9,46,DIVERGENT,0
CLM-2024-00514,CUST-00175,Caravan,3854.81,Settled,41,Medium,25,Low,Standard Adjuster Review — Verify Supporting Documentation,71,35,50,DIVERGENT,0
CLM-2024-00515,CUST-03434,Fire,90000.0,Settled,59,Medium,68,Medium,Standard Adjuster Review — Verify Supporting Documentation,44,9,46,DIVERGENT,0
CLM-2024-00516,CUST-01123,Fire,8540.67,Settled,19,Low,12,Low,Fast-Track Approval — Routine Processing,31,7,46,DIVERGENT,0
CLM-2024-00517,CUST-04784,Auto,4122.55,Settled,54,Medium,34,Low,Standard Adjuster Review — Verify Supporting Documentation,63,19,49,DIVERGENT,0
CLM-2024-00518,CUST-08620,Fire,116832.93,Settled,61,Medium,71,Medium,Standard Adjuster Review — Verify Supporting Documentation,44,9,46,DIVERGENT,0
CLM-2024-00519,CUST-05340,Fire,51729.23,Settled,46,Medium,47,Medium,Standard Adjuster Review — Verify Supporting Documentation,44,9,46,DIVERGENT,0
CLM-2024-00520,CUST-05574,Auto,9953.71,Approved,34,Low,52,Low,Fast-Track Approval — Routine Processing,1,0,47,STRONG,0
CLM-2024-00521,CUST-08669,Auto,6523.05,Settled,30,Low,45,Low,Fast-Track Approval — Routine Processing,2,0,47,STRONG,0
CLM-2024-00522,CUST-07844,Fire,90000.0,Settled,59,Medium,68,Medium,Standard Adjuster Review — Verify Supporting Documentation,44,9,46,DIVERGENT,0
CLM-2024-00523,CUST-01532,Auto,1509.27,Under Investigation,27,Low,6,Low,Fast-Track Approval — Routine Processing,60,17,48,DIVERGENT,0
CLM-2024-00524,CUST-03229,Fire,11305.44,Settled,23,Low,17,Low,Fast-Track Approval — Routine Processing,35,9,47,DIVERGENT,0
CLM-2024-00525,CUST-05210,Fire,18374.6,Settled,39,Low,26,Low,Fast-Track Approval — Routine Processing,63,22,46,DIVERGENT,0
CLM-2024-00526,CUST-08009,Caravan,7875.0,Settled,81,High,86,High,Priority Manual Investigation — Consider SIU Referral,71,35,50,DIVERGENT,0
CLM-2024-00527,CUST-04481,Fire,16220.58,Approved,30,Low,22,Low,Fast-Track Approval — Routine Processing,44,9,46,DIVERGENT,0
CLM-2024-00528,CUST-00581,Fire,56250.0,Settled,57,Medium,56,Medium,Standard Adjuster Review — Verify Supporting Documentation,60,20,46,DIVERGENT,0
CLM-2024-00529,CUST-02594,Boat,6517.39,Settled,31,Low,10,Low,Fast-Track Approval — Routine Processing,71,35,50,DIVERGENT,0
CLM-2024-00530,CUST-02378,Auto,1992.72,Approved,11,Low,12,Low,Fast-Track Approval — Routine Processing,8,2,47,STRONG,0
CLM-2024-00531,CUST-09234,Auto,3580.65,Settled,20,Low,29,Low,Fast-Track Approval — Routine Processing,3,0,47,STRONG,0
CLM-2024-00532,CUST-07532,Fire,8900.51,Approved,25,Low,15,Low,Fast-Track Approval — Routine Processing,44,9,46,DIVERGENT,0
CLM-2024-00533,CUST-05170,Auto,6140.77,Settled,29,Low,44,Low,Fast-Track Approval — Routine Processing,1,0,47,STRONG,0
CLM-2024-00534,CUST-05483,Fire,59166.01,Settled,54,Medium,48,Low,Standard Adjuster Review — Verify Supporting Documentation,64,22,47,DIVERGENT,0
CLM-2024-00535,CUST-07109,Fire,135000.0,Settled,61,Medium,77,Medium,Standard Adjuster Review — Verify Supporting Documentation,31,7,46,DIVERGENT,0
CLM-2024-00536,CUST-00432,Auto,20718.11,Settled,41,Medium,62,Medium,Standard Adjuster Review — Verify Supporting Documentation,2,0,47,STRONG,0
CLM-2024-00537,CUST-05982,Auto,2174.07,Settled,10,Low,14,Low,Fast-Track Approval — Routine Processing,2,0,47,STRONG,0
CLM-2024-00538,CUST-06163,Auto,6119.97,Open,29,Low,44,Low,Fast-Track Approval — Routine Processing,1,0,47,STRONG,0
CLM-2024-00539,CUST-05382,Fire,4596.47,Settled,25,Low,4,Low,Fast-Track Approval — Routine Processing,64,22,47,DIVERGENT,0
CLM-2024-00540,CUST-06732,Fire,136214.42,Approved,63,Medium,73,Medium,Standard Adjuster Review — Verify Supporting Documentation,44,9,46,DIVERGENT,0
CLM-2024-00541,CUST-06100,Fire,12133.18,Approved,27,Low,18,Low,Fast-Track Approval — Routine Processing,44,9,46,DIVERGENT,0
CLM-2024-00542,CUST-07751,Auto,1143.34,Settled,2,Low,2,Low,Fast-Track Approval — Routine Processing,2,0,47,STRONG,0
CLM-2024-00543,CUST-02775,Fire,27832.08,Approved,30,Low,30,Low,Fast-Track Approval — Routine Processing,31,7,46,DIVERGENT,0
CLM-2024-00544,CUST-04468,Fire,16411.9,Settled,26,Low,23,Low,Fast-Track Approval — Routine Processing,31,7,46,DIVERGENT,0
CLM-2024-00545,CUST-01147,Fire,27795.52,Settled,40,Medium,30,Low,Standard Adjuster Review — Verify Supporting Documentation,60,20,46,DIVERGENT,0
CLM-2024-00546,CUST-02615,Auto,6226.96,Settled,29,Low,44,Low,Fast-Track Approval — Routine Processing,1,0,47,STRONG,0
CLM-2024-00547,CUST-00043,Fire,9452.8,Settled,37,Low,13,Low,Fast-Track Approval — Routine Processing,56,29,48,DIVERGENT,0
CLM-2024-00548,CUST-04963,Auto,6121.11,Settled,30,Low,44,Low,Fast-Track Approval — Routine Processing,3,0,47,STRONG,0
CLM-2024-00549,CUST-01740,Auto,4056.75,Open,22,Low,33,Low,Fast-Track Approval — Routine Processing,3,0,47,STRONG,0
CLM-2024-00550,CUST-02331,Auto,3972.37,Settled,22,Low,32,Low,Fast-Track Approval — Routine Processing,3,0,47,STRONG,0
CLM-2024-00551,CUST-07457,Auto,2342.52,Settled,12,Low,17,Low,Fast-Track Approval — Routine Processing,3,0,47,STRONG,0
CLM-2024-00552,CUST-08237,Auto,3505.87,Approved,19,Low,28,Low,Fast-Track Approval — Routine Processing,3,0,47,STRONG,0
CLM-2024-00553,CUST-00129,Auto,12649.95,Approved,37,Low,55,Low,Fast-Track Approval — Routine Processing,3,0,47,STRONG,0
CLM-2024-00554,CUST-05328,Auto,7046.92,Open,30,Low,46,Low,Fast-Track Approval — Routine Processing,2,0,47,STRONG,0
CLM-2024-00555,CUST-07461,Fire,29354.29,Approved,37,Low,34,Low,Fast-Track Approval — Routine Processing,44,9,46,DIVERGENT,0
CLM-2024-00556,CUST-08466,Auto,3364.25,Settled,18,Low,27,Low,Fast-Track Approval — Routine Processing,2,0,47,STRONG,0
CLM-2024-00557,CUST-05059,Fire,4350.34,Open,17,Low,3,Low,Fast-Track Approval — Routine Processing,44,9,46,DIVERGENT,0
CLM-2024-00558,CUST-06114,Auto,1747.73,Approved,6,Low,9,Low,Fast-Track Approval — Routine Processing,1,0,47,STRONG,0
CLM-2024-00559,CUST-07525,Caravan,6539.77,Settled,40,Medium,48,Medium,Standard Adjuster Review — Verify Supporting Documentation,26,6,50,DIVERGENT,0
CLM-2024-00560,CUST-03707,Fire,13763.21,Settled,42,Medium,20,Low,Standard Adjuster Review — Verify Supporting Documentation,66,29,48,DIVERGENT,0
CLM-2024-00561,CUST-01329,Fire,132947.48,Settled,61,Medium,71,Medium,Standard Adjuster Review — Verify Supporting Documentation,44,9,46,DIVERGENT,0
CLM-2024-00562,CUST-00483,Auto,3067.39,Settled,17,Low,25,Low,Fast-Track Approval — Routine Processing,3,0,47,STRONG,0
CLM-2024-00563,CUST-01325,Fire,180000.0,Settled,68,Medium,81,Medium,Standard Adjuster Review — Verify Supporting Documentation,44,9,46,DIVERGENT,0
CLM-2024-00564,CUST-01686,Auto,38657.48,Settled,49,Medium,74,Medium,Standard Adjuster Review — Verify Supporting Documentation,3,0,47,STRONG,0
CLM-2024-00565,CUST-09442,Fire,134974.98,Settled,68,Medium,71,Medium,Standard Adjuster Review — Verify Supporting Documentation,63,22,46,DIVERGENT,0
CLM-2024-00566,CUST-02634,Caravan,7875.0,Approved,66,Medium,86,High,Standard Adjuster Review — Verify Supporting Documentation,30,15,51,STRONG,0
CLM-2024-00567,CUST-05348,Fire,6871.6,Settled,19,Low,9,Low,Fast-Track Approval — Routine Processing,37,9,46,DIVERGENT,0
CLM-2024-00568,CUST-06892,Auto,3329.3,Settled,18,Low,27,Low,Fast-Track Approval — Routine Processing,1,0,47,STRONG,0
CLM-2024-00569,CUST-06105,Fire,14226.75,Settled,27,Low,21,Low,Fast-Track Approval — Routine Processing,37,9,46,DIVERGENT,0
CLM-2024-00570,CUST-08700,Auto,13603.91,Open,37,Low,56,Low,Fast-Track Approval — Routine Processing,3,0,47,STRONG,0
CLM-2024-00571,CUST-03686,Fire,10357.62,Settled,26,Low,16,Low,Fast-Track Approval — Routine Processing,44,9,46,DIVERGENT,0
CLM-2024-00572,CUST-07326,Fire,13899.02,Settled,28,Low,19,Low,Fast-Track Approval — Routine Processing,44,9,46,DIVERGENT,0
CLM-2024-00573,CUST-02233,Auto,3361.26,Settled,20,Low,27,Low,Fast-Track Approval — Routine Processing,7,0,47,STRONG,0
CLM-2024-00574,CUST-06094,Fire,4826.62,Settled,15,Low,4,Low,Fast-Track Approval — Routine Processing,35,9,47,DIVERGENT,0
CLM-2024-00575,CUST-07044,Fire,10975.92,Under Investigation,26,Low,17,Low,Fast-Track Approval — Routine Processing,44,9,46,DIVERGENT,0
CLM-2024-00576,CUST-01436,Auto,4670.17,Approved,27,Low,37,Low,Fast-Track Approval — Routine Processing,8,2,47,STRONG,0
CLM-2024-00577,CUST-00690,Auto,3702.86,Settled,20,Low,30,Low,Fast-Track Approval — Routine Processing,3,0,47,STRONG,0
CLM-2024-00578,CUST-04682,Auto,28690.83,Settled,46,Medium,69,Medium,Standard Adjuster Review — Verify Supporting Documentation,3,0,47,STRONG,0
CLM-2024-00579,CUST-05308,Caravan,7875.0,Settled,66,Medium,86,High,Standard Adjuster Review — Verify Supporting Documentation,28,6,51,DIVERGENT,0
CLM-2024-00580,CUST-06095,Auto,6812.52,Approved,30,Low,46,Low,Fast-Track Approval — Routine Processing,1,0,47,STRONG,0
CLM-2024-00581,CUST-06179,Fire,27687.69,Approved,31,Low,29,Low,Fast-Track Approval — Routine Processing,35,9,47,DIVERGENT,0
CLM-2024-00582,CUST-06319,Auto,4745.16,Approved,25,Low,37,Low,Fast-Track Approval — Routine Processing,2,0,47,STRONG,0
CLM-2024-00583,CUST-02886,Fire,12956.37,Settled,35,Low,20,Low,Fast-Track Approval — Routine Processing,63,22,46,DIVERGENT,0
CLM-2024-00584,CUST-07915,Auto,1140.58,Settled,35,Low,2,Low,Fast-Track Approval — Routine Processing,63,19,49,DIVERGENT,0
CLM-2024-00585,CUST-00987,Fire,41579.31,Settled,36,Low,39,Low,Fast-Track Approval — Routine Processing,31,7,46,DIVERGENT,0
CLM-2024-00586,CUST-02907,Fire,23010.45,Settled,52,Medium,27,Low,Standard Adjuster Review — Verify Supporting Documentation,62,30,49,DIVERGENT,0
CLM-2024-00587,CUST-00144,Fire,135000.0,Settled,62,Medium,77,Medium,Standard Adjuster Review — Verify Supporting Documentation,35,9,47,DIVERGENT,0
CLM-2024-00588,CUST-08051,Auto,88203.95,Under Investigation,100,High,95,High,Priority Manual Investigation — Consider SIU Referral,76,33,49,DIVERGENT,0
CLM-2024-00589,CUST-04761,Auto,5230.05,Open,29,Low,40,Low,Fast-Track Approval — Routine Processing,8,2,47,STRONG,0
CLM-2024-00590,CUST-06632,Auto,5619.55,Approved,28,Low,42,Low,Fast-Track Approval — Routine Processing,3,0,47,STRONG,0
CLM-2024-00591,CUST-08572,Fire,21825.9,Settled,32,Low,26,Low,Fast-Track Approval — Routine Processing,44,9,46,DIVERGENT,0
CLM-2024-00592,CUST-06052,Auto,7000.1,Open,31,Low,46,Low,Fast-Track Approval — Routine Processing,3,0,47,STRONG,0
CLM-2024-00593,CUST-03124,Auto,2620.9,Settled,14,Low,21,Low,Fast-Track Approval — Routine Processing,1,0,47,STRONG,0
CLM-2024-00594,CUST-09401,Caravan,7875.0,Approved,66,Medium,86,High,Standard Adjuster Review — Verify Supporting Documentation,28,6,51,DIVERGENT,0
CLM-2024-00595,CUST-06077,Caravan,5979.67,Settled,38,Low,44,Medium,Fast-Track Approval — Routine Processing,26,6,50,DIVERGENT,0
CLM-2024-00596,CUST-06529,Auto,12453.31,Settled,37,Low,55,Low,Fast-Track Approval — Routine Processing,3,0,47,STRONG,0
CLM-2024-00597,CUST-07127,Fire,31474.71,Settled,42,Medium,32,Low,Standard Adjuster Review — Verify Supporting Documentation,60,20,46,DIVERGENT,0
CLM-2024-00598,CUST-08784,Auto,5946.82,Approved,28,Low,43,Low,Fast-Track Approval — Routine Processing,1,0,47,STRONG,0
CLM-2024-00599,CUST-00172,Auto,1705.22,Settled,6,Low,8,Low,Fast-Track Approval — Routine Processing,1,0,47,STRONG,0
CLM-2024-00600,CUST-00215,Fire,25017.35,Approved,34,Low,28,Low,Fast-Track Approval — Routine Processing,44,9,46,DIVERGENT,0
CLM-2024-00601,CUST-06658,Fire,40018.03,Approved,39,Low,37,Low,Fast-Track Approval — Routine Processing,44,9,46,DIVERGENT,0
CLM-2024-00602,CUST-05370,Auto,1534.4,Settled,4,Low,6,Low,Fast-Track Approval — Routine Processing,1,0,47,STRONG,0
CLM-2024-00603,CUST-05786,Fire,12084.22,Settled,23,Low,17,Low,Fast-Track Approval — Routine Processing,35,9,47,DIVERGENT,0
CLM-2024-00604,CUST-00574,Auto,4086.75,Settled,22,Low,33,Low,Fast-Track Approval — Routine Processing,3,0,47,STRONG,0
CLM-2024-00605,CUST-07395,Caravan,7875.0,Settled,80,High,86,High,Priority Manual Investigation — Consider SIU Referral,70,33,50,DIVERGENT,0
CLM-2024-00606,CUST-05574,Auto,1488.0,Settled,4,Low,5,Low,Fast-Track Approval — Routine Processing,3,0,47,STRONG,0
CLM-2024-00607,CUST-02568,Auto,4755.02,Settled,25,Low,37,Low,Fast-Track Approval — Routine Processing,3,0,47,STRONG,0
CLM-2024-00608,CUST-06243,Fire,13354.28,Settled,28,Low,19,Low,Fast-Track Approval — Routine Processing,44,9,46,DIVERGENT,0
CLM-2024-00609,CUST-03670,Auto,2751.86,Settled,15,Low,22,Low,Fast-Track Approval — Routine Processing,1,0,47,STRONG,0
CLM-2024-00610,CUST-07332,Auto,4497.27,Settled,23,Low,35,Low,Fast-Track Approval — Routine Processing,2,0,47,STRONG,0
CLM-2024-00611,CUST-03816,Auto,5037.6,Settled,26,Low,39,Low,Fast-Track Approval — Routine Processing,2,0,47,STRONG,0
CLM-2024-00612,CUST-06872,Fire,43438.59,Settled,40,Medium,42,Low,Standard Adjuster Review — Verify Supporting Documentation,37,9,46,DIVERGENT,0
CLM-2024-00613,CUST-07983,Fire,145004.01,Settled,60,Medium,75,Medium,Standard Adjuster Review — Verify Supporting Documentation,31,7,46,DIVERGENT,0
CLM-2024-00614,CUST-05713,Auto,2369.68,Settled,12,Low,18,Low,Fast-Track Approval — Routine Processing,1,0,47,STRONG,0
CLM-2024-00615,CUST-06812,Fire,135000.0,Settled,63,Medium,77,Medium,Standard Adjuster Review — Verify Supporting Documentation,37,9,46,DIVERGENT,0
CLM-2024-00616,CUST-00701,Fire,90000.0,Settled,57,Medium,68,Medium,Standard Adjuster Review — Verify Supporting Documentation,37,9,46,DIVERGENT,0
CLM-2024-00617,CUST-03436,Auto,5052.5,Settled,26,Low,39,Low,Fast-Track Approval — Routine Processing,3,0,47,STRONG,0
CLM-2024-00618,CUST-04032,Fire,17074.56,Settled,31,Low,24,Low,Fast-Track Approval — Routine Processing,44,9,46,DIVERGENT,0
CLM-2024-00619,CUST-01466,Auto,1417.23,Settled,4,Low,4,Low,Fast-Track Approval — Routine Processing,3,0,47,STRONG,0
CLM-2024-00620,CUST-07581,Auto,20420.45,Settled,43,Medium,62,Medium,Standard Adjuster Review — Verify Supporting Documentation,7,0,47,STRONG,0
CLM-2024-00621,CUST-08416,Fire,5003.54,Settled,14,Low,5,Low,Fast-Track Approval — Routine Processing,31,7,46,DIVERGENT,0
CLM-2024-00622,CUST-08091,Fire,16810.02,Settled,30,Low,23,Low,Fast-Track Approval — Routine Processing,44,9,46,DIVERGENT,0
CLM-2024-00623,CUST-05072,Fire,39356.62,Settled,37,Low,37,Low,Fast-Track Approval — Routine Processing,37,9,46,DIVERGENT,0
CLM-2024-00624,CUST-06836,Auto,1439.08,Settled,27,Low,4,Low,Fast-Track Approval — Routine Processing,61,17,48,DIVERGENT,0
CLM-2024-00625,CUST-09565,Auto,26766.19,Open,44,Medium,66,Medium,Standard Adjuster Review — Verify Supporting Documentation,3,0,47,STRONG,0
CLM-2024-00626,CUST-08081,Fire,3462.71,Approved,12,Low,1,Low,Fast-Track Approval — Routine Processing,31,7,46,DIVERGENT,0
CLM-2024-00627,CUST-09047,Fire,57887.66,Settled,39,Low,44,Low,Fast-Track Approval — Routine Processing,31,7,46,DIVERGENT,0
CLM-2024-00628,CUST-02932,Fire,16424.4,Open,26,Low,23,Low,Fast-Track Approval — Routine Processing,31,7,46,DIVERGENT,0
CLM-2024-00629,CUST-00888,Fire,18726.02,Settled,32,Low,25,Low,Fast-Track Approval — Routine Processing,44,9,46,DIVERGENT,0
CLM-2024-00630,CUST-09418,Auto,1544.82,Approved,5,Low,6,Low,Fast-Track Approval — Routine Processing,3,0,47,STRONG,0
CLM-2024-00631,CUST-03292,Fire,10174.83,Settled,25,Low,15,Low,Fast-Track Approval — Routine Processing,44,9,46,DIVERGENT,0
CLM-2024-00632,CUST-06869,Auto,54000.0,Settled,54,Medium,82,Medium,Standard Adjuster Review — Verify Supporting Documentation,2,0,47,STRONG,0
CLM-2024-00633,CUST-01815,Auto,3314.92,Settled,20,Low,27,Low,Fast-Track Approval — Routine Processing,8,0,47,STRONG,0
CLM-2024-00634,CUST-04636,Fire,4433.76,Settled,30,Low,4,Low,Fast-Track Approval — Routine Processing,69,32,47,DIVERGENT,0
CLM-2024-00635,CUST-05721,Caravan,7644.12,Open,47,Medium,59,Medium,Standard Adjuster Review — Verify Supporting Documentation,26,6,50,DIVERGENT,0
CLM-2024-00636,CUST-04182,Fire,9204.04,Settled,24,Low,13,Low,Fast-Track Approval — Routine Processing,44,9,46,DIVERGENT,0
CLM-2024-00637,CUST-00419,Auto,1493.6,Settled,4,Low,5,Low,Fast-Track Approval — Routine Processing,3,0,47,STRONG,0
CLM-2024-00638,CUST-07362,Fire,49662.69,Approved,45,Medium,46,Low,Standard Adjuster Review — Verify Supporting Documentation,44,9,46,DIVERGENT,0
CLM-2024-00639,CUST-06004,Auto,1133.84,Approved,2,Low,2,Low,Fast-Track Approval — Routine Processing,3,0,47,STRONG,0
CLM-2024-00640,CUST-08960,Auto,4557.19,Approved,24,Low,36,Low,Fast-Track Approval — Routine Processing,1,0,47,STRONG,0
CLM-2024-00641,CUST-04372,Auto,2723.26,Under Investigation,17,Low,22,Low,Fast-Track Approval — Routine Processing,8,0,47,STRONG,0
CLM-2024-00642,CUST-03897,Fire,93392.01,Settled,53,Medium,61,Medium,Standard Adjuster Review — Verify Supporting Documentation,37,9,46,DIVERGENT,0
CLM-2024-00643,CUST-01606,Auto,4706.76,Settled,27,Low,37,Low,Fast-Track Approval — Routine Processing,8,0,47,STRONG,0
CLM-2024-00644,CUST-05386,Fire,23792.2,Under Investigation,54,Medium,28,Low,Standard Adjuster Review — Verify Supporting Documentation,62,30,49,DIVERGENT,0
CLM-2024-00645,CUST-07830,Fire,38259.87,Open,39,Low,37,Low,Fast-Track Approval — Routine Processing,44,9,46,DIVERGENT,0
CLM-2024-00646,CUST-04441,Fire,118329.27,Approved,67,Medium,79,Medium,Standard Adjuster Review — Verify Supporting Documentation,44,9,46,DIVERGENT,0
CLM-2024-00647,CUST-05384,Fire,18227.03,Settled,31,Low,24,Low,Fast-Track Approval — Routine Processing,44,9,46,DIVERGENT,0
CLM-2024-00648,CUST-02958,Auto,2815.24,Settled,17,Low,23,Low,Fast-Track Approval — Routine Processing,7,0,47,STRONG,0
CLM-2024-00649,CUST-03426,Auto,18741.47,Settled,40,Medium,60,Medium,Standard Adjuster Review — Verify Supporting Documentation,2,0,47,STRONG,0
CLM-2024-00650,CUST-09128,Fire,90000.0,Approved,60,Medium,68,Medium,Standard Adjuster Review — Verify Supporting Documentation,44,9,46,DIVERGENT,0
CLM-2024-00651,CUST-03731,Auto,1859.13,Settled,7,Low,10,Low,Fast-Track Approval — Routine Processing,2,0,47,STRONG,0
CLM-2024-00652,CUST-07218,Fire,4331.75,Settled,44,Medium,4,Low,Standard Adjuster Review — Verify Supporting Documentation,67,47,49,DIVERGENT,0
CLM-2024-00653,CUST-03723,Fire,52485.02,Settled,52,Medium,48,Medium,Standard Adjuster Review — Verify Supporting Documentation,60,20,46,DIVERGENT,0
CLM-2024-00654,CUST-09705,Fire,70380.92,Settled,50,Medium,53,Low,Standard Adjuster Review — Verify Supporting Documentation,44,9,46,DIVERGENT,0
CLM-2024-00655,CUST-03837,Fire,30211.1,Approved,31,Low,31,Low,Fast-Track Approval — Routine Processing,31,7,46,DIVERGENT,0
CLM-2024-00656,CUST-03115,Auto,2648.51,Approved,15,Low,21,Low,Fast-Track Approval — Routine Processing,3,0,47,STRONG,0
CLM-2024-00657,CUST-03835,Auto,1549.5,Settled,6,Low,6,Low,Fast-Track Approval — Routine Processing,7,0,47,STRONG,0
CLM-2024-00658,CUST-05749,Fire,56326.92,Settled,42,Medium,45,Low,Standard Adjuster Review — Verify Supporting Documentation,37,9,46,DIVERGENT,0
CLM-2024-00659,CUST-08898,Fire,160386.98,Settled,64,Medium,78,Medium,Standard Adjuster Review — Verify Supporting Documentation,37,9,46,DIVERGENT,0
CLM-2024-00660,CUST-02486,Auto,5005.42,Approved,26,Low,39,Low,Fast-Track Approval — Routine Processing,3,0,47,STRONG,0
CLM-2024-00661,CUST-03921,Auto,17595.27,Settled,39,Low,59,Medium,Fast-Track Approval — Routine Processing,3,0,47,STRONG,0
CLM-2024-00662,CUST-08248,Auto,2615.26,Open,16,Low,21,Low,Fast-Track Approval — Routine Processing,6,0,47,STRONG,0
CLM-2024-00663,CUST-05077,Auto,41982.02,Settled,50,Medium,76,Medium,Standard Adjuster Review — Verify Supporting Documentation,3,0,47,STRONG,0
CLM-2024-00664,CUST-07721,Auto,14102.74,Settled,37,Low,56,Low,Fast-Track Approval — Routine Processing,2,0,47,STRONG,0
CLM-2024-00665,CUST-03056,Caravan,4999.65,Settled,49,Medium,37,Medium,Standard Adjuster Review — Verify Supporting Documentation,71,35,50,DIVERGENT,0
CLM-2024-00666,CUST-08494,Fire,73229.83,Settled,53,Medium,58,Medium,Standard Adjuster Review — Verify Supporting Documentation,44,9,46,DIVERGENT,0
CLM-2024-00667,CUST-06939,Auto,2039.01,Settled,9,Low,13,Low,Fast-Track Approval — Routine Processing,3,0,47,STRONG,0
CLM-2024-00668,CUST-04931,Fire,26393.35,Settled,34,Low,29,Low,Fast-Track Approval — Routine Processing,44,9,46,DIVERGENT,0
CLM-2024-00669,CUST-06020,Fire,5465.58,Settled,16,Low,6,Low,Fast-Track Approval — Routine Processing,35,9,47,DIVERGENT,0
CLM-2024-00670,CUST-08918,Fire,7360.06,Settled,22,Low,10,Low,Fast-Track Approval — Routine Processing,44,9,46,DIVERGENT,0
CLM-2024-00671,CUST-09528,Fire,17903.61,Settled,31,Low,24,Low,Fast-Track Approval — Routine Processing,44,9,46,DIVERGENT,0
CLM-2024-00672,CUST-06293,Fire,22101.96,Settled,40,Medium,27,Low,Standard Adjuster Review — Verify Supporting Documentation,63,22,47,DIVERGENT,0
CLM-2024-00673,CUST-08042,Auto,1819.23,Settled,27,Low,10,Low,Fast-Track Approval — Routine Processing,57,17,48,DIVERGENT,0
CLM-2024-00674,CUST-05712,Fire,6000.9,Settled,15,Low,7,Low,Fast-Track Approval — Routine Processing,31,7,46,DIVERGENT,0
CLM-2024-00675,CUST-08274,Auto,2349.11,Settled,11,Low,17,Low,Fast-Track Approval — Routine Processing,1,0,47,STRONG,0
CLM-2024-00676,CUST-01224,Fire,267641.17,Settled,75,High,92,High,Priority Manual Investigation — Consider SIU Referral,44,9,46,DIVERGENT,0
CLM-2024-00677,CUST-07249,Fire,55041.0,Approved,45,Medium,45,Low,Standard Adjuster Review — Verify Supporting Documentation,44,9,46,DIVERGENT,0
CLM-2024-00678,CUST-02089,Fire,40074.52,Settled,40,Medium,38,Low,Standard Adjuster Review — Verify Supporting Documentation,44,9,46,DIVERGENT,0
CLM-2024-00679,CUST-02657,Auto,1494.82,Approved,6,Low,5,Low,Fast-Track Approval — Routine Processing,7,0,47,STRONG,0
CLM-2024-00680,CUST-07926,Fire,33477.52,Settled,34,Low,33,Low,Fast-Track Approval — Routine Processing,35,9,47,DIVERGENT,0
CLM-2024-00681,CUST-00418,Fire,48405.38,Approved,41,Medium,45,Low,Standard Adjuster Review — Verify Supporting Documentation,35,9,47,DIVERGENT,0
CLM-2024-00682,CUST-09180,Fire,8442.07,Settled,21,Low,13,Low,Fast-Track Approval — Routine Processing,37,9,46,DIVERGENT,0
CLM-2024-00683,CUST-08722,Auto,8244.73,Settled,33,Low,49,Low,Fast-Track Approval — Routine Processing,3,0,47,STRONG,0
CLM-2024-00684,CUST-08938,Fire,4424.76,Settled,13,Low,4,Low,Fast-Track Approval — Routine Processing,31,7,46,DIVERGENT,0
CLM-2024-00685,CUST-06338,Auto,3231.79,Open,17,Low,26,Low,Fast-Track Approval — Routine Processing,1,0,47,STRONG,0
CLM-2024-00686,CUST-06404,Auto,4653.65,Approved,24,Low,36,Low,Fast-Track Approval — Routine Processing,2,0,47,STRONG,0
CLM-2024-00687,CUST-03684,Fire,56250.0,Settled,52,Medium,56,Medium,Standard Adjuster Review — Verify Supporting Documentation,44,9,46,DIVERGENT,0
CLM-2024-00688,CUST-03122,Auto,2271.02,Settled,11,Low,16,Low,Fast-Track Approval — Routine Processing,3,0,47,STRONG,0
CLM-2024-00689,CUST-00323,Auto,24990.57,Settled,46,Medium,66,Medium,Standard Adjuster Review — Verify Supporting Documentation,8,0,47,STRONG,0
CLM-2024-00690,CUST-06946,Auto,1313.47,Settled,3,Low,3,Low,Fast-Track Approval — Routine Processing,3,0,47,STRONG,0
CLM-2024-00691,CUST-02486,Auto,746.19,Settled,0,Low,0,Low,Fast-Track Approval — Routine Processing,1,0,47,STRONG,0
CLM-2024-00692,CUST-04653,Auto,5051.18,Settled,26,Low,39,Low,Fast-Track Approval — Routine Processing,3,0,47,STRONG,0
CLM-2024-00693,CUST-04110,Fire,5315.93,Settled,16,Low,6,Low,Fast-Track Approval — Routine Processing,35,9,47,DIVERGENT,0
CLM-2024-00694,CUST-08779,Auto,36746.5,Settled,54,Medium,75,Medium,Standard Adjuster Review — Verify Supporting Documentation,15,7,47,STRONG,0
CLM-2024-00695,CUST-09492,Auto,14970.82,Settled,38,Low,57,Medium,Fast-Track Approval — Routine Processing,1,0,47,STRONG,0
CLM-2024-00696,CUST-01041,Auto,4189.12,Approved,23,Low,34,Low,Fast-Track Approval — Routine Processing,1,0,47,STRONG,0
CLM-2024-00697,CUST-07417,Fire,39260.82,Settled,41,Medium,39,Low,Standard Adjuster Review — Verify Supporting Documentation,44,9,46,DIVERGENT,0
CLM-2024-00698,CUST-05217,Caravan,7875.0,Approved,75,High,86,High,Priority Manual Investigation — Consider SIU Referral,26,15,53,STRONG,0
CLM-2024-00699,CUST-05749,Auto,1151.55,Approved,2,Low,2,Low,Fast-Track Approval — Routine Processing,3,0,47,STRONG,0
CLM-2024-00700,CUST-00364,Fire,21232.55,Approved,38,Low,25,Low,Fast-Track Approval — Routine Processing,61,22,47,DIVERGENT,0
CLM-2024-00701,CUST-00513,Fire,55126.05,Settled,51,Medium,55,Medium,Standard Adjuster Review — Verify Supporting Documentation,44,9,46,DIVERGENT,0
CLM-2024-00702,CUST-06139,Auto,19516.45,Settled,41,Medium,62,Medium,Standard Adjuster Review — Verify Supporting Documentation,3,0,47,STRONG,0
CLM-2024-00703,CUST-07845,Fire,31122.16,Settled,51,Medium,33,Low,Standard Adjuster Review — Verify Supporting Documentation,63,30,48,DIVERGENT,0
CLM-2024-00704,CUST-06054,Caravan,7155.37,Settled,61,Medium,55,Medium,Standard Adjuster Review — Verify Supporting Documentation,71,35,50,DIVERGENT,0
CLM-2024-00705,CUST-07247,Fire,180000.0,Settled,65,Medium,81,Medium,Standard Adjuster Review — Verify Supporting Documentation,35,9,47,DIVERGENT,0
CLM-2024-00706,CUST-05353,Auto,32928.04,Settled,50,Medium,73,Medium,Standard Adjuster Review — Verify Supporting Documentation,8,0,47,STRONG,0
CLM-2024-00707,CUST-08763,Auto,36218.29,Settled,49,Medium,74,Medium,Standard Adjuster Review — Verify Supporting Documentation,1,0,47,STRONG,0
CLM-2024-00708,CUST-07285,Fire,7456.4,Settled,29,Low,11,Low,Fast-Track Approval — Routine Processing,63,22,47,DIVERGENT,0
CLM-2024-00709,CUST-05015,Fire,4042.67,Under Investigation,23,Low,2,Low,Fast-Track Approval — Routine Processing,63,22,46,DIVERGENT,0
CLM-2024-00710,CUST-03761,Auto,2457.27,Settled,13,Low,19,Low,Fast-Track Approval — Routine Processing,2,0,47,STRONG,0
CLM-2024-00711,CUST-04334,Fire,59349.03,Approved,40,Medium,45,Low,Standard Adjuster Review — Verify Supporting Documentation,31,7,46,DIVERGENT,0
CLM-2024-00712,CUST-04634,Fire,57829.19,Settled,51,Medium,45,Low,Standard Adjuster Review — Verify Supporting Documentation,61,22,47,DIVERGENT,0
CLM-2024-00713,CUST-00099,Caravan,7875.0,Settled,80,High,86,High,Priority Manual Investigation — Consider SIU Referral,69,29,50,DIVERGENT,0
CLM-2024-00714,CUST-07223,Fire,7394.94,Approved,17,Low,10,Low,Fast-Track Approval — Routine Processing,31,7,46,DIVERGENT,0
CLM-2024-00715,CUST-04228,Fire,17268.54,Approved,30,Low,23,Low,Fast-Track Approval — Routine Processing,44,9,46,DIVERGENT,0
CLM-2024-00716,CUST-02640,Fire,21660.94,Settled,41,Medium,26,Low,Standard Adjuster Review — Verify Supporting Documentation,65,22,47,DIVERGENT,0
CLM-2024-00717,CUST-02917,Auto,2598.48,Settled,15,Low,21,Low,Fast-Track Approval — Routine Processing,3,0,47,STRONG,0
CLM-2024-00718,CUST-09285,Auto,3997.94,Settled,21,Low,32,Low,Fast-Track Approval — Routine Processing,1,0,47,STRONG,0
CLM-2024-00719,CUST-07289,Auto,2921.45,Settled,15,Low,23,Low,Fast-Track Approval — Routine Processing,1,0,47,STRONG,0
CLM-2024-00720,CUST-02558,Fire,5983.58,Approved,33,Low,7,Low,Fast-Track Approval — Routine Processing,56,29,48,DIVERGENT,0
CLM-2024-00721,CUST-08301,Fire,8985.05,Settled,24,Low,13,Low,Fast-Track Approval — Routine Processing,44,9,46,DIVERGENT,0
CLM-2024-00722,CUST-03049,Auto,15615.46,Under Investigation,38,Low,57,Medium,Fast-Track Approval — Routine Processing,3,0,47,STRONG,0
CLM-2024-00723,CUST-07267,Caravan,3368.52,Approved,23,Low,19,Low,Fast-Track Approval — Routine Processing,31,13,51,DIVERGENT,0
CLM-2024-00724,CUST-09515,Auto,5466.64,Settled,28,Low,41,Low,Fast-Track Approval — Routine Processing,3,0,47,STRONG,0
CLM-2024-00725,CUST-03577,Auto,2949.3,Approved,17,Low,24,Low,Fast-Track Approval — Routine Processing,3,0,47,STRONG,0
CLM-2024-00726,CUST-03159,Auto,3295.7,Settled,18,Low,27,Low,Fast-Track Approval — Routine Processing,3,0,47,STRONG,0
CLM-2024-00727,CUST-04658,Fire,180000.0,Settled,68,Medium,81,Medium,Standard Adjuster Review — Verify Supporting Documentation,44,9,46,DIVERGENT,0
CLM-2024-00728,CUST-06545,Auto,3142.65,Settled,17,Low,25,Low,Fast-Track Approval — Routine Processing,3,0,47,STRONG,0
CLM-2024-00729,CUST-01335,Fire,11893.35,Open,26,Low,17,Low,Fast-Track Approval — Routine Processing,44,9,46,DIVERGENT,0
CLM-2024-00730,CUST-05895,Fire,74149.82,Settled,49,Medium,59,Medium,Standard Adjuster Review — Verify Supporting Documentation,31,7,46,DIVERGENT,0
CLM-2024-00731,CUST-06802,Auto,2780.71,Settled,17,Low,22,Low,Fast-Track Approval — Routine Processing,8,0,47,STRONG,0
CLM-2024-00732,CUST-07295,Auto,53610.11,Settled,54,Medium,81,Medium,Standard Adjuster Review — Verify Supporting Documentation,3,0,47,STRONG,0
CLM-2024-00733,CUST-02340,Auto,54000.0,Settled,54,Medium,82,Medium,Standard Adjuster Review — Verify Supporting Documentation,3,0,47,STRONG,0
CLM-2024-00734,CUST-08445,Auto,2105.2,Under Investigation,9,Low,13,Low,Fast-Track Approval — Routine Processing,3,0,47,STRONG,0
CLM-2024-00735,CUST-07224,Auto,8116.31,Settled,32,Low,48,Low,Fast-Track Approval — Routine Processing,3,0,47,STRONG,0
CLM-2024-00736,CUST-00809,Fire,16272.77,Settled,36,Low,22,Low,Fast-Track Approval — Routine Processing,61,22,47,DIVERGENT,0
CLM-2024-00737,CUST-01343,Fire,103137.37,Settled,57,Medium,64,Medium,Standard Adjuster Review — Verify Supporting Documentation,44,9,46,DIVERGENT,0
CLM-2024-00738,CUST-01119,Caravan,4751.77,Settled,47,Medium,34,Medium,Standard Adjuster Review — Verify Supporting Documentation,70,33,50,DIVERGENT,0
CLM-2024-00739,CUST-00435,Auto,3425.01,Approved,19,Low,28,Low,Fast-Track Approval — Routine Processing,1,0,47,STRONG,0
CLM-2024-00740,CUST-05816,Fire,97239.46,Open,70,High,66,Medium,Priority Manual Investigation — Consider SIU Referral,69,32,47,DIVERGENT,0
CLM-2024-00741,CUST-00092,Auto,5290.13,Approved,26,Low,40,Low,Fast-Track Approval — Routine Processing,1,0,47,STRONG,0
CLM-2024-00742,CUST-03542,Auto,1196.88,Settled,5,Low,3,Low,Fast-Track Approval — Routine Processing,8,0,47,STRONG,0
CLM-2024-00743,CUST-03655,Auto,11020.68,Settled,36,Low,54,Low,Fast-Track Approval — Routine Processing,3,0,47,STRONG,0
CLM-2024-00744,CUST-07461,Fire,16837.2,Settled,28,Low,24,Low,Fast-Track Approval — Routine Processing,37,9,46,DIVERGENT,0
CLM-2024-00745,CUST-06665,Auto,7211.46,Approved,31,Low,47,Low,Fast-Track Approval — Routine Processing,3,0,47,STRONG,0
CLM-2024-00746,CUST-04431,Auto,4407.61,Open,23,Low,35,Low,Fast-Track Approval — Routine Processing,1,0,47,STRONG,0
CLM-2024-00747,CUST-04732,Auto,15626.65,Approved,39,Low,58,Medium,Fast-Track Approval — Routine Processing,3,0,47,STRONG,0
CLM-2024-00748,CUST-05949,Fire,30565.06,Approved,49,Medium,32,Low,Standard Adjuster Review — Verify Supporting Documentation,69,29,48,DIVERGENT,0
CLM-2024-00749,CUST-06537,Fire,164922.01,Approved,66,Medium,78,Medium,Standard Adjuster Review — Verify Supporting Documentation,44,9,46,DIVERGENT,0
CLM-2024-00750,CUST-00043,Fire,8377.81,Approved,19,Low,11,Low,Fast-Track Approval — Routine Processing,35,9,47,DIVERGENT,0
CLM-2024-00751,CUST-03959,Fire,135000.0,Open,62,Medium,77,Medium,Standard Adjuster Review — Verify Supporting Documentation,35,9,47,DIVERGENT,0
CLM-2024-00752,CUST-04160,Caravan,2048.91,Under Investigation,31,Low,9,Low,Fast-Track Approval — Routine Processing,71,35,50,DIVERGENT,0
CLM-2024-00753,CUST-08873,Auto,3343.01,Settled,18,Low,27,Low,Fast-Track Approval — Routine Processing,1,0,47,STRONG,0
CLM-2024-00754,CUST-00397,Fire,8664.64,Open,32,Low,12,Low,Fast-Track Approval — Routine Processing,65,22,47,DIVERGENT,0
CLM-2024-00755,CUST-08843,Caravan,7875.0,Under Investigation,74,High,86,High,Priority Manual Investigation — Consider SIU Referral,27,15,53,STRONG,0
CLM-2024-00756,CUST-04114,Auto,12625.07,Settled,38,Low,55,Low,Fast-Track Approval — Routine Processing,7,0,47,STRONG,0
CLM-2024-00757,CUST-08514,Auto,2488.69,Approved,13,Low,19,Low,Fast-Track Approval — Routine Processing,3,0,47,STRONG,0
CLM-2024-00758,CUST-08929,Fire,69298.89,Settled,45,Medium,50,Low,Standard Adjuster Review — Verify Supporting Documentation,37,9,46,DIVERGENT,0
CLM-2024-00759,CUST-03953,Auto,3914.48,Settled,21,Low,31,Low,Fast-Track Approval — Routine Processing,3,0,47,STRONG,0
CLM-2024-00760,CUST-05933,Auto,4772.49,Settled,26,Low,38,Low,Fast-Track Approval — Routine Processing,3,0,47,STRONG,0
CLM-2024-00761,CUST-04003,Caravan,7875.0,Settled,80,High,86,High,Priority Manual Investigation — Consider SIU Referral,70,33,50,DIVERGENT,0
CLM-2024-00762,CUST-04844,Caravan,4129.82,Settled,27,Low,27,Low,Fast-Track Approval — Routine Processing,26,6,50,DIVERGENT,0
CLM-2024-00763,CUST-04962,Auto,2548.72,Settled,13,Low,20,Low,Fast-Track Approval — Routine Processing,1,0,47,STRONG,0
CLM-2024-00764,CUST-03646,Fire,3683.87,Under Investigation,17,Low,2,Low,Fast-Track Approval — Routine Processing,44,9,46,DIVERGENT,0
CLM-2024-00765,CUST-09304,Fire,158469.9,Under Investigation,77,High,82,Medium,Priority Manual Investigation — Consider SIU Referral,65,22,47,DIVERGENT,0
CLM-2024-00766,CUST-01381,Fire,30329.62,Approved,35,Low,31,Low,Fast-Track Approval — Routine Processing,44,9,46,DIVERGENT,0
CLM-2024-00767,CUST-02851,Auto,2795.07,Under Investigation,41,Medium,22,Low,Standard Adjuster Review — Verify Supporting Documentation,62,19,48,DIVERGENT,0
CLM-2024-00768,CUST-07318,Auto,4571.73,Open,24,Low,36,Low,Fast-Track Approval — Routine Processing,3,0,47,STRONG,0
CLM-2024-00769,CUST-08636,Auto,3600.32,Settled,19,Low,29,Low,Fast-Track Approval — Routine Processing,1,0,47,STRONG,0
CLM-2024-00770,CUST-04470,Fire,158028.37,Settled,72,High,77,Medium,Priority Manual Investigation — Consider SIU Referral,64,22,47,DIVERGENT,0
CLM-2024-00771,CUST-07483,Fire,13478.79,Settled,37,Low,20,Low,Fast-Track Approval — Routine Processing,65,22,47,DIVERGENT,0
CLM-2024-00772,CUST-02645,Auto,8539.59,Settled,32,Low,49,Low,Fast-Track Approval — Routine Processing,1,0,47,STRONG,0
CLM-2024-00773,CUST-04950,Fire,53599.04,Open,40,Medium,43,Low,Standard Adjuster Review — Verify Supporting Documentation,35,9,47,DIVERGENT,0
CLM-2024-00774,CUST-01506,Fire,9585.44,Settled,24,Low,14,Low,Fast-Track Approval — Routine Processing,44,9,46,DIVERGENT,0
CLM-2024-00775,CUST-01353,Fire,126537.36,Settled,58,Medium,70,Medium,Standard Adjuster Review — Verify Supporting Documentation,35,9,47,DIVERGENT,0
CLM-2024-00776,CUST-02693,Fire,39510.93,Settled,39,Low,44,Medium,Fast-Track Approval — Routine Processing,31,7,46,DIVERGENT,0
CLM-2024-00777,CUST-01985,Auto,5105.06,Settled,26,Low,39,Low,Fast-Track Approval — Routine Processing,2,0,47,STRONG,0
CLM-2024-00778,CUST-02015,Auto,3701.91,Settled,44,Medium,29,Low,Standard Adjuster Review — Verify Supporting Documentation,61,18,48,DIVERGENT,0
CLM-2024-00779,CUST-01858,Auto,3957.45,Approved,21,Low,32,Low,Fast-Track Approval — Routine Processing,1,0,47,STRONG,0
CLM-2024-00780,CUST-03950,Fire,147107.39,Settled,64,Medium,75,Medium,Standard Adjuster Review — Verify Supporting Documentation,44,9,46,DIVERGENT,0
CLM-2024-00781,CUST-06061,Auto,32048.15,Settled,46,Medium,70,Medium,Standard Adjuster Review — Verify Supporting Documentation,3,0,47,STRONG,0
CLM-2024-00782,CUST-01586,Fire,57790.86,Approved,51,Medium,45,Low,Standard Adjuster Review — Verify Supporting Documentation,63,22,47,DIVERGENT,0
CLM-2024-00783,CUST-06212,Auto,2534.07,Approved,14,Low,20,Low,Fast-Track Approval — Routine Processing,3,0,47,STRONG,0
CLM-2024-00784,CUST-02317,Fire,38877.88,Settled,37,Low,37,Low,Fast-Track Approval — Routine Processing,37,9,46,DIVERGENT,0
CLM-2024-00785,CUST-08179,Auto,54000.0,Settled,54,Medium,82,Medium,Standard Adjuster Review — Verify Supporting Documentation,3,0,47,STRONG,0
CLM-2024-00786,CUST-07840,Fire,21366.0,Settled,30,Low,26,Low,Fast-Track Approval — Routine Processing,37,9,46,DIVERGENT,0
CLM-2024-00787,CUST-04876,Fire,5907.95,Approved,20,Low,7,Low,Fast-Track Approval — Routine Processing,44,9,46,DIVERGENT,0
CLM-2024-00788,CUST-09212,Auto,1934.24,Approved,8,Low,11,Low,Fast-Track Approval — Routine Processing,1,0,47,STRONG,0
CLM-2024-00789,CUST-08476,Auto,4637.33,Settled,25,Low,36,Low,Fast-Track Approval — Routine Processing,6,0,47,STRONG,0
CLM-2024-00790,CUST-01882,Auto,1555.56,Settled,5,Low,7,Low,Fast-Track Approval — Routine Processing,3,0,47,STRONG,0
CLM-2024-00791,CUST-05155,Fire,52253.35,Approved,44,Medium,44,Low,Standard Adjuster Review — Verify Supporting Documentation,44,9,46,DIVERGENT,0
CLM-2024-00792,CUST-05935,Fire,8926.17,Settled,19,Low,13,Low,Fast-Track Approval — Routine Processing,31,7,46,DIVERGENT,0
CLM-2024-00793,CUST-06634,Fire,65371.15,Approved,44,Medium,49,Low,Standard Adjuster Review — Verify Supporting Documentation,35,9,47,DIVERGENT,0
CLM-2024-00794,CUST-08954,Auto,2614.82,Approved,14,Low,21,Low,Fast-Track Approval — Routine Processing,2,0,47,STRONG,0
CLM-2024-00795,CUST-08528,Auto,1545.21,Settled,5,Low,6,Low,Fast-Track Approval — Routine Processing,3,0,47,STRONG,0
CLM-2024-00796,CUST-01644,Fire,8598.26,Settled,30,Low,12,Low,Fast-Track Approval — Routine Processing,64,22,47,DIVERGENT,0
CLM-2024-00797,CUST-03517,Fire,90000.0,Approved,57,Medium,68,Medium,Standard Adjuster Review — Verify Supporting Documentation,37,9,46,DIVERGENT,0
CLM-2024-00798,CUST-04696,Auto,33546.26,Approved,49,Medium,71,Medium,Standard Adjuster Review — Verify Supporting Documentation,8,0,47,STRONG,0
CLM-2024-00799,CUST-03462,Auto,2162.76,Settled,10,Low,14,Low,Fast-Track Approval — Routine Processing,3,0,47,STRONG,0
CLM-2024-00800,CUST-06301,Fire,49580.63,Open,42,Medium,41,Low,Standard Adjuster Review — Verify Supporting Documentation,44,9,46,DIVERGENT,0
CLM-2024-00801,CUST-09052,Fire,248738.92,Under Investigation,74,High,97,High,Priority Manual Investigation — Consider SIU Referral,31,7,46,DIVERGENT,0
CLM-2024-00802,CUST-05072,Fire,135000.0,Settled,63,Medium,77,Medium,Standard Adjuster Review — Verify Supporting Documentation,37,9,46,DIVERGENT,0
CLM-2024-00803,CUST-05003,Fire,3516.57,Approved,14,Low,2,Low,Fast-Track Approval — Routine Processing,37,9,46,DIVERGENT,0
CLM-2024-00804,CUST-03082,Auto,2461.81,Approved,13,Low,19,Low,Fast-Track Approval — Routine Processing,3,0,47,STRONG,0
CLM-2024-00805,CUST-01619,Caravan,7875.0,Open,66,Medium,86,High,Standard Adjuster Review — Verify Supporting Documentation,28,6,51,DIVERGENT,0
CLM-2024-00806,CUST-05591,Fire,94961.6,Approved,56,Medium,62,Medium,Standard Adjuster Review — Verify Supporting Documentation,44,9,46,DIVERGENT,0
CLM-2024-00807,CUST-05883,Fire,5756.35,Approved,20,Low,7,Low,Fast-Track Approval — Routine Processing,44,9,46,DIVERGENT,0
CLM-2024-00808,CUST-08487,Auto,9129.44,Under Investigation,34,Low,51,Low,Fast-Track Approval — Routine Processing,3,0,47,STRONG,0
CLM-2024-00809,CUST-01940,Fire,6964.04,Approved,17,Low,9,Low,Fast-Track Approval — Routine Processing,31,7,46,DIVERGENT,0
CLM-2024-00810,CUST-01123,Fire,91768.62,Settled,52,Medium,63,Medium,Standard Adjuster Review — Verify Supporting Documentation,31,7,46,DIVERGENT,0
CLM-2024-00811,CUST-06103,Auto,11877.33,Settled,37,Low,55,Low,Fast-Track Approval — Routine Processing,3,0,47,STRONG,0
CLM-2024-00812,CUST-02338,Fire,75575.97,Approved,50,Medium,53,Low,Standard Adjuster Review — Verify Supporting Documentation,44,9,46,DIVERGENT,0
CLM-2024-00813,CUST-08292,Private Accident,6459.86,Settled,28,Low,28,Low,Fast-Track Approval — Routine Processing,28,6,51,DIVERGENT,0
CLM-2024-00814,CUST-09082,Caravan,2735.42,Approved,20,Low,14,Low,Fast-Track Approval — Routine Processing,31,13,51,DIVERGENT,0
CLM-2024-00815,CUST-09119,Auto,48530.86,Open,52,Medium,78,Medium,Standard Adjuster Review — Verify Supporting Documentation,3,0,47,STRONG,0
CLM-2024-00816,CUST-09603,Fire,10762.5,Settled,26,Low,16,Low,Fast-Track Approval — Routine Processing,44,9,46,DIVERGENT,0
CLM-2024-00817,CUST-04877,Fire,104763.93,Settled,53,Medium,65,Medium,Standard Adjuster Review — Verify Supporting Documentation,31,7,46,DIVERGENT,0
CLM-2024-00818,CUST-05000,Auto,1119.58,Approved,2,Low,1,Low,Fast-Track Approval — Routine Processing,3,0,47,STRONG,0
CLM-2024-00819,CUST-08591,Auto,70386.06,Approved,59,Medium,87,Medium,Standard Adjuster Review — Verify Supporting Documentation,6,0,47,STRONG,0
CLM-2024-00820,CUST-02285,Fire,8142.14,Settled,19,Low,12,Low,Fast-Track Approval — Routine Processing,31,7,46,DIVERGENT,0
CLM-2024-00821,CUST-01658,Auto,2557.87,Settled,16,Low,20,Low,Fast-Track Approval — Routine Processing,8,0,47,STRONG,0
CLM-2024-00822,CUST-07781,Fire,6484.28,Settled,27,Low,8,Low,Fast-Track Approval — Routine Processing,63,22,47,DIVERGENT,0
CLM-2024-00823,CUST-00653,Fire,96347.89,Approved,61,Medium,62,Medium,Standard Adjuster Review — Verify Supporting Documentation,60,20,46,DIVERGENT,0
CLM-2024-00824,CUST-03611,Auto,18773.09,Settled,39,Low,60,Medium,Fast-Track Approval — Routine Processing,1,0,47,STRONG,0
CLM-2024-00825,CUST-07259,Fire,135000.0,Open,72,High,77,Medium,Priority Manual Investigation — Consider SIU Referral,63,22,46,DIVERGENT,0
CLM-2024-00826,CUST-00057,Auto,45000.0,Approved,52,Medium,80,Medium,Standard Adjuster Review — Verify Supporting Documentation,1,0,47,STRONG,0
CLM-2024-00827,CUST-01522,Auto,1972.96,Open,9,Low,12,Low,Fast-Track Approval — Routine Processing,3,0,47,STRONG,0
CLM-2024-00828,CUST-08400,Auto,9095.72,Settled,34,Low,51,Low,Fast-Track Approval — Routine Processing,1,0,47,STRONG,0
CLM-2024-00829,CUST-08884,Fire,92438.78,Settled,65,Medium,64,Medium,Standard Adjuster Review — Verify Supporting Documentation,66,22,47,DIVERGENT,0
CLM-2024-00830,CUST-09326,Boat,31909.67,Open,29,Low,23,Low,Fast-Track Approval — Routine Processing,40,13,50,DIVERGENT,0
CLM-2024-00831,CUST-05535,Auto,2515.77,Settled,13,Low,19,Low,Fast-Track Approval — Routine Processing,3,0,47,STRONG,0
CLM-2024-00832,CUST-07859,Auto,4812.99,Settled,27,Low,38,Low,Fast-Track Approval — Routine Processing,7,0,47,STRONG,0
CLM-2024-00833,CUST-01132,Fire,11750.69,Settled,56,Medium,17,Low,Standard Adjuster Review — Verify Supporting Documentation,70,47,50,DIVERGENT,0
CLM-2024-00834,CUST-02711,Fire,6330.25,Approved,20,Low,8,Low,Fast-Track Approval — Routine Processing,44,9,46,DIVERGENT,0
CLM-2024-00835,CUST-04034,Auto,8063.12,Settled,32,Low,48,Low,Fast-Track Approval — Routine Processing,1,0,47,STRONG,0
CLM-2024-00836,CUST-02513,Fire,135000.0,Settled,61,Medium,77,Medium,Standard Adjuster Review — Verify Supporting Documentation,31,7,46,DIVERGENT,0
CLM-2024-00837,CUST-02119,Auto,19646.73,Open,43,Medium,61,Medium,Standard Adjuster Review — Verify Supporting Documentation,8,2,47,STRONG,0
CLM-2024-00838,CUST-09586,Auto,1441.61,Settled,6,Low,5,Low,Fast-Track Approval — Routine Processing,8,0,47,STRONG,0
CLM-2024-00839,CUST-02202,Fire,44113.34,Settled,40,Medium,38,Low,Standard Adjuster Review — Verify Supporting Documentation,44,9,46,DIVERGENT,0
CLM-2024-00840,CUST-01722,Fire,84584.84,Settled,49,Medium,59,Medium,Standard Adjuster Review — Verify Supporting Documentation,31,7,46,DIVERGENT,0
CLM-2024-00841,CUST-01385,Auto,1651.23,Settled,6,Low,8,Low,Fast-Track Approval — Routine Processing,3,0,47,STRONG,0
CLM-2024-00842,CUST-06167,Fire,42180.91,Settled,36,Low,39,Low,Fast-Track Approval — Routine Processing,31,7,46,DIVERGENT,0
CLM-2024-00843,CUST-06107,Fire,58884.03,Settled,45,Medium,46,Low,Standard Adjuster Review — Verify Supporting Documentation,44,9,46,DIVERGENT,0
CLM-2024-00844,CUST-04146,Auto,2743.45,Approved,15,Low,22,Low,Fast-Track Approval — Routine Processing,1,0,47,STRONG,0
CLM-2024-00845,CUST-09402,Auto,28939.58,Settled,46,Medium,70,Medium,Standard Adjuster Review — Verify Supporting Documentation,1,0,47,STRONG,0
CLM-2024-00846,CUST-02798,Boat,7967.32,Settled,32,Low,12,Low,Fast-Track Approval — Routine Processing,70,33,50,DIVERGENT,0
CLM-2024-00847,CUST-01913,Fire,135000.0,Settled,74,High,77,Medium,Priority Manual Investigation — Consider SIU Referral,65,22,47,DIVERGENT,0
CLM-2024-00848,CUST-00830,Fire,123306.06,Settled,58,Medium,73,Medium,Standard Adjuster Review — Verify Supporting Documentation,31,7,46,DIVERGENT,0
CLM-2024-00849,CUST-08223,Auto,2167.98,Settled,10,Low,14,Low,Fast-Track Approval — Routine Processing,3,0,47,STRONG,0
CLM-2024-00850,CUST-01340,Auto,9636.58,Open,35,Low,52,Low,Fast-Track Approval — Routine Processing,3,0,47,STRONG,0
CLM-2024-00851,CUST-06181,Auto,2887.91,Settled,18,Low,23,Low,Fast-Track Approval — Routine Processing,8,0,47,STRONG,0
CLM-2024-00852,CUST-03027,Fire,7507.91,Settled,22,Low,11,Low,Fast-Track Approval — Routine Processing,44,9,46,DIVERGENT,0
CLM-2024-00853,CUST-03088,Fire,5923.18,Settled,20,Low,7,Low,Fast-Track Approval — Routine Processing,44,9,46,DIVERGENT,0
CLM-2024-00854,CUST-02645,Fire,88263.34,Settled,47,Medium,55,Low,Standard Adjuster Review — Verify Supporting Documentation,31,7,46,DIVERGENT,0
CLM-2024-00855,CUST-09152,Auto,4094.47,Approved,22,Low,33,Low,Fast-Track Approval — Routine Processing,2,0,47,STRONG,0
CLM-2024-00856,CUST-06000,Auto,17337.4,Approved,69,Medium,59,Medium,Standard Adjuster Review — Verify Supporting Documentation,67,19,48,DIVERGENT,0
CLM-2024-00857,CUST-09539,Fire,15827.46,Settled,27,Low,21,Low,Fast-Track Approval — Routine Processing,37,9,46,DIVERGENT,0
CLM-2024-00858,CUST-05318,Auto,1740.37,Open,7,Low,9,Low,Fast-Track Approval — Routine Processing,3,0,47,STRONG,0
CLM-2024-00859,CUST-00483,Auto,2016.6,Approved,9,Low,12,Low,Fast-Track Approval — Routine Processing,3,0,47,STRONG,0
CLM-2024-00860,CUST-09053,Auto,1934.15,Approved,10,Low,11,Low,Fast-Track Approval — Routine Processing,8,0,47,STRONG,0
CLM-2024-00861,CUST-05308,Caravan,6800.96,Settled,57,Medium,50,Medium,Standard Adjuster Review — Verify Supporting Documentation,70,33,50,DIVERGENT,0
CLM-2024-00862,CUST-06946,Auto,31319.64,Open,73,High,70,Medium,Priority Manual Investigation — Consider SIU Referral,62,19,48,DIVERGENT,0
CLM-2024-00863,CUST-07207,Auto,2391.93,Approved,12,Low,18,Low,Fast-Track Approval — Routine Processing,1,0,47,STRONG,0
CLM-2024-00864,CUST-04297,Auto,12957.19,Settled,37,Low,56,Low,Fast-Track Approval — Routine Processing,3,0,47,STRONG,0
CLM-2024-00865,CUST-06527,Auto,5195.43,Settled,28,Low,40,Low,Fast-Track Approval — Routine Processing,6,0,47,STRONG,0
CLM-2024-00866,CUST-03426,Fire,6618.2,Approved,21,Low,9,Low,Fast-Track Approval — Routine Processing,44,9,46,DIVERGENT,0
CLM-2024-00867,CUST-05815,Fire,14813.1,Under Investigation,28,Low,20,Low,Fast-Track Approval — Routine Processing,44,9,46,DIVERGENT,0
CLM-2024-00868,CUST-00081,Fire,128625.08,Approved,56,Medium,70,Medium,Standard Adjuster Review — Verify Supporting Documentation,31,7,46,DIVERGENT,0
CLM-2024-00869,CUST-02081,Fire,6650.59,Settled,21,Low,9,Low,Fast-Track Approval — Routine Processing,44,9,46,DIVERGENT,0
CLM-2024-00870,CUST-00336,Caravan,2723.86,Settled,31,Low,14,Low,Fast-Track Approval — Routine Processing,63,13,50,DIVERGENT,0
CLM-2024-00871,CUST-04333,Auto,20983.4,Settled,43,Medium,62,Medium,Standard Adjuster Review — Verify Supporting Documentation,8,0,47,STRONG,0
CLM-2024-00872,CUST-04139,Auto,2364.75,Settled,14,Low,18,Low,Fast-Track Approval — Routine Processing,6,0,47,STRONG,0
CLM-2024-00873,CUST-02408,Auto,10908.14,Under Investigation,61,Medium,53,Low,Standard Adjuster Review — Verify Supporting Documentation,62,19,48,DIVERGENT,0
CLM-2024-00874,CUST-03312,Auto,2953.11,Open,16,Low,24,Low,Fast-Track Approval — Routine Processing,1,0,47,STRONG,0
CLM-2024-00875,CUST-07233,Fire,12801.2,Settled,23,Low,18,Low,Fast-Track Approval — Routine Processing,31,7,46,DIVERGENT,0
CLM-2024-00876,CUST-07173,Fire,69949.29,Settled,45,Medium,51,Low,Standard Adjuster Review — Verify Supporting Documentation,35,9,47,DIVERGENT,0
CLM-2024-00877,CUST-04506,Auto,5331.19,Settled,27,Low,41,Low,Fast-Track Approval — Routine Processing,1,0,47,STRONG,0
CLM-2024-00878,CUST-05925,Fire,31973.48,Approved,48,Medium,33,Low,Standard Adjuster Review — Verify Supporting Documentation,69,32,47,DIVERGENT,0
CLM-2024-00879,CUST-07805,Fire,5428.3,Settled,19,Low,6,Low,Fast-Track Approval — Routine Processing,44,9,46,DIVERGENT,0
CLM-2024-00880,CUST-01891,Fire,2252.66,Settled,22,Low,0,Low,Fast-Track Approval — Routine Processing,64,22,47,DIVERGENT,0
CLM-2024-00881,CUST-08432,Auto,14387.4,Settled,38,Low,57,Low,Fast-Track Approval — Routine Processing,3,0,47,STRONG,0
CLM-2024-00882,CUST-08211,Fire,14481.87,Open,28,Low,20,Low,Fast-Track Approval — Routine Processing,44,9,46,DIVERGENT,0
CLM-2024-00883,CUST-08303,Auto,3903.91,Open,23,Low,31,Low,Fast-Track Approval — Routine Processing,7,0,47,STRONG,0
CLM-2024-00884,CUST-06101,Auto,1575.83,Settled,6,Low,7,Low,Fast-Track Approval — Routine Processing,3,0,47,STRONG,0
CLM-2024-00885,CUST-00896,Fire,18916.09,Settled,28,Low,25,Low,Fast-Track Approval — Routine Processing,35,9,47,DIVERGENT,0
CLM-2024-00886,CUST-00172,Auto,1248.19,Open,5,Low,3,Low,Fast-Track Approval — Routine Processing,8,2,47,STRONG,0
CLM-2024-00887,CUST-03605,Fire,4337.8,Settled,25,Low,4,Low,Fast-Track Approval — Routine Processing,63,22,46,DIVERGENT,0
CLM-2024-00888,CUST-09122,Fire,41985.02,Approved,48,Medium,41,Low,Standard Adjuster Review — Verify Supporting Documentation,61,22,47,DIVERGENT,0
CLM-2024-00889,CUST-03570,Fire,10245.27,Settled,25,Low,15,Low,Fast-Track Approval — Routine Processing,44,9,46,DIVERGENT,0
CLM-2024-00890,CUST-02274,Fire,58054.39,Settled,43,Medium,47,Low,Standard Adjuster Review — Verify Supporting Documentation,35,9,47,DIVERGENT,0
CLM-2024-00891,CUST-03492,Auto,1962.19,Approved,8,Low,12,Low,Fast-Track Approval — Routine Processing,1,0,47,STRONG,0
CLM-2024-00892,CUST-03754,Caravan,3223.79,Settled,36,Low,17,Low,Fast-Track Approval — Routine Processing,70,33,50,DIVERGENT,0
CLM-2024-00893,CUST-04265,Auto,3941.4,Settled,22,Low,32,Low,Fast-Track Approval — Routine Processing,3,0,47,STRONG,0
CLM-2024-00894,CUST-06209,Fire,9919.51,Settled,37,Low,15,Low,Fast-Track Approval — Routine Processing,69,32,47,DIVERGENT,0
CLM-2024-00895,CUST-01086,Fire,4916.66,Settled,19,Low,5,Low,Fast-Track Approval — Routine Processing,44,9,46,DIVERGENT,0
CLM-2024-00896,CUST-02268,Fire,37142.44,Under Investigation,40,Medium,42,Medium,Standard Adjuster Review — Verify Supporting Documentation,35,9,47,DIVERGENT,0
CLM-2024-00897,CUST-02390,Auto,6026.31,Approved,29,Low,43,Low,Fast-Track Approval — Routine Processing,3,0,47,STRONG,0
CLM-2024-00898,CUST-03917,Auto,3006.72,Settled,16,Low,24,Low,Fast-Track Approval — Routine Processing,1,0,47,STRONG,0
CLM-2024-00899,CUST-03964,Fire,21712.06,Settled,32,Low,26,Low,Fast-Track Approval — Routine Processing,44,9,46,DIVERGENT,0
CLM-2024-00900,CUST-04273,Auto,2174.41,Settled,10,Low,14,Low,Fast-Track Approval — Routine Processing,3,0,47,STRONG,0
CLM-2024-00901,CUST-09685,Auto,3773.23,Settled,20,Low,30,Low,Fast-Track Approval — Routine Processing,2,0,47,STRONG,0
CLM-2024-00902,CUST-06633,Auto,1734.57,Settled,6,Low,8,Low,Fast-Track Approval — Routine Processing,1,0,47,STRONG,0
CLM-2024-00903,CUST-00931,Auto,1055.67,Settled,4,Low,1,Low,Fast-Track Approval — Routine Processing,8,2,47,STRONG,0
CLM-2024-00904,CUST-09786,Fire,49395.99,Settled,45,Medium,45,Low,Standard Adjuster Review — Verify Supporting Documentation,44,9,46,DIVERGENT,0
CLM-2024-00905,CUST-08859,Fire,26781.2,Settled,35,Low,30,Low,Fast-Track Approval — Routine Processing,44,9,46,DIVERGENT,0
CLM-2024-00906,CUST-07157,Auto,54000.0,Settled,54,Medium,82,Medium,Standard Adjuster Review — Verify Supporting Documentation,1,0,47,STRONG,0
CLM-2024-00907,CUST-07641,Fire,10935.62,Open,24,Low,17,Low,Fast-Track Approval — Routine Processing,37,9,46,DIVERGENT,0
CLM-2024-00908,CUST-05855,Auto,2396.34,Settled,13,Low,18,Low,Fast-Track Approval — Routine Processing,3,0,47,STRONG,0
CLM-2024-00909,CUST-04696,Auto,2255.4,Settled,11,Low,15,Low,Fast-Track Approval — Routine Processing,3,0,47,STRONG,0
CLM-2024-00910,CUST-07035,Auto,2394.11,Settled,12,Low,18,Low,Fast-Track Approval — Routine Processing,2,0,47,STRONG,0
CLM-2024-00911,CUST-02789,Fire,222848.07,Settled,73,High,93,High,Priority Manual Investigation — Consider SIU Referral,35,9,47,DIVERGENT,0
CLM-2024-00912,CUST-03008,Fire,54226.21,Settled,44,Medium,44,Low,Standard Adjuster Review — Verify Supporting Documentation,44,9,46,DIVERGENT,0
CLM-2024-00913,CUST-07551,Fire,82467.08,Approved,53,Medium,63,Medium,Standard Adjuster Review — Verify Supporting Documentation,35,9,47,DIVERGENT,0
CLM-2024-00914,CUST-03705,Auto,9156.21,Open,34,Low,51,Low,Fast-Track Approval — Routine Processing,1,0,47,STRONG,0
CLM-2024-00915,CUST-08091,Auto,3153.07,Open,40,Medium,26,Low,Standard Adjuster Review — Verify Supporting Documentation,60,17,48,DIVERGENT,0
CLM-2024-00916,CUST-05379,Caravan,3833.73,Settled,40,Medium,24,Low,Standard Adjuster Review — Verify Supporting Documentation,70,33,50,DIVERGENT,0
CLM-2024-00917,CUST-04164,Auto,9170.83,Approved,34,Low,52,Low,Fast-Track Approval — Routine Processing,2,0,47,STRONG,0
CLM-2024-00918,CUST-05159,Fire,3128.39,Settled,16,Low,1,Low,Fast-Track Approval — Routine Processing,44,9,46,DIVERGENT,0
CLM-2024-00919,CUST-02648,Fire,87537.86,Open,54,Medium,60,Medium,Standard Adjuster Review — Verify Supporting Documentation,44,9,46,DIVERGENT,0
CLM-2024-00920,CUST-04648,Auto,3395.68,Approved,18,Low,27,Low,Fast-Track Approval — Routine Processing,3,0,47,STRONG,0
CLM-2024-00921,CUST-05648,Fire,151282.02,Settled,65,Medium,76,Medium,Standard Adjuster Review — Verify Supporting Documentation,44,9,46,DIVERGENT,0
CLM-2024-00922,CUST-02864,Fire,28744.31,Settled,32,Low,30,Low,Fast-Track Approval — Routine Processing,37,9,46,DIVERGENT,0
CLM-2024-00923,CUST-01662,Auto,5298.33,Settled,27,Low,40,Low,Fast-Track Approval — Routine Processing,3,0,47,STRONG,0
CLM-2024-00924,CUST-06813,Auto,5429.61,Settled,28,Low,41,Low,Fast-Track Approval — Routine Processing,3,0,47,STRONG,0
CLM-2024-00925,CUST-09391,Caravan,7875.0,Settled,67,Medium,86,High,Standard Adjuster Review — Verify Supporting Documentation,32,15,51,DIVERGENT,0
CLM-2024-00926,CUST-00409,Auto,9691.58,Approved,35,Low,53,Low,Fast-Track Approval — Routine Processing,1,0,47,STRONG,0
CLM-2024-00927,CUST-05396,Caravan,7875.0,Settled,65,Medium,86,High,Standard Adjuster Review — Verify Supporting Documentation,26,6,50,DIVERGENT,0
CLM-2024-00928,CUST-04481,Auto,4646.31,Settled,24,Low,36,Low,Fast-Track Approval — Routine Processing,3,0,47,STRONG,0
CLM-2024-00929,CUST-02052,Fire,73292.42,Settled,49,Medium,52,Low,Standard Adjuster Review — Verify Supporting Documentation,44,9,46,DIVERGENT,0
CLM-2024-00930,CUST-03866,Auto,5508.21,Settled,28,Low,42,Low,Fast-Track Approval — Routine Processing,1,0,47,STRONG,0
CLM-2024-00931,CUST-08115,Auto,1084.21,Settled,2,Low,1,Low,Fast-Track Approval — Routine Processing,3,0,47,STRONG,0
CLM-2024-00932,CUST-03081,Fire,245849.16,Approved,85,High,96,High,Priority Manual Investigation — Consider SIU Referral,63,22,47,DIVERGENT,0
CLM-2024-00933,CUST-03322,Fire,4140.35,Open,14,Low,2,Low,Fast-Track Approval — Routine Processing,37,9,46,DIVERGENT,0
CLM-2024-00934,CUST-01091,Fire,66936.53,Settled,51,Medium,55,Medium,Standard Adjuster Review — Verify Supporting Documentation,44,9,46,DIVERGENT,0
CLM-2024-00935,CUST-03624,Fire,8786.36,Settled,37,Low,13,Low,Fast-Track Approval — Routine Processing,69,29,48,DIVERGENT,0
CLM-2024-00936,CUST-03466,Auto,1770.43,Approved,8,Low,9,Low,Fast-Track Approval — Routine Processing,6,0,47,STRONG,0
CLM-2024-00937,CUST-00373,Auto,2413.66,Open,12,Low,18,Low,Fast-Track Approval — Routine Processing,1,0,47,STRONG,0
CLM-2024-00938,CUST-04437,Fire,6173.73,Settled,21,Low,8,Low,Fast-Track Approval — Routine Processing,44,9,46,DIVERGENT,0
CLM-2024-00939,CUST-05848,Fire,72150.95,Settled,53,Medium,58,Medium,Standard Adjuster Review — Verify Supporting Documentation,44,9,46,DIVERGENT,0
CLM-2024-00940,CUST-00551,Auto,2681.31,Approved,16,Low,21,Low,Fast-Track Approval — Routine Processing,6,0,47,STRONG,0
CLM-2024-00941,CUST-02068,Fire,50025.44,Settled,45,Medium,51,Medium,Standard Adjuster Review — Verify Supporting Documentation,35,9,47,DIVERGENT,0
CLM-2024-00942,CUST-01869,Fire,128791.09,Under Investigation,58,Medium,70,Medium,Standard Adjuster Review — Verify Supporting Documentation,35,9,47,DIVERGENT,0
CLM-2024-00943,CUST-05196,Fire,124835.23,Approved,67,Medium,69,Medium,Standard Adjuster Review — Verify Supporting Documentation,64,22,47,DIVERGENT,0
CLM-2024-00944,CUST-00653,Fire,34180.04,Open,33,Low,34,Low,Fast-Track Approval — Routine Processing,31,7,46,DIVERGENT,0
CLM-2024-00945,CUST-06261,Fire,12770.07,Settled,27,Low,18,Low,Fast-Track Approval — Routine Processing,44,9,46,DIVERGENT,0
CLM-2024-00946,CUST-02737,Fire,8406.46,Open,23,Low,12,Low,Fast-Track Approval — Routine Processing,44,9,46,DIVERGENT,0
CLM-2024-00947,CUST-05164,Caravan,7875.0,Settled,68,Medium,86,High,Standard Adjuster Review — Verify Supporting Documentation,35,15,52,DIVERGENT,0
CLM-2024-00948,CUST-04797,Auto,1564.52,Settled,5,Low,7,Low,Fast-Track Approval — Routine Processing,3,0,47,STRONG,0
CLM-2024-00949,CUST-02328,Fire,7344.05,Settled,19,Low,10,Low,Fast-Track Approval — Routine Processing,37,9,46,DIVERGENT,0
CLM-2024-00950,CUST-06804,Auto,2911.65,Settled,38,Low,23,Low,Fast-Track Approval — Routine Processing,60,17,48,DIVERGENT,0
CLM-2024-00951,CUST-09126,Auto,9214.28,Approved,34,Low,51,Low,Fast-Track Approval — Routine Processing,1,0,47,STRONG,0
CLM-2024-00952,CUST-04687,Fire,32027.7,Under Investigation,37,Low,33,Low,Fast-Track Approval — Routine Processing,44,9,46,DIVERGENT,0
CLM-2024-00953,CUST-03012,Auto,5680.66,Settled,29,Low,43,Low,Fast-Track Approval — Routine Processing,3,0,47,STRONG,0
CLM-2024-00954,CUST-00180,Boat,3023.43,Open,29,Low,7,Low,Fast-Track Approval — Routine Processing,69,29,50,DIVERGENT,0
CLM-2024-00955,CUST-09598,Caravan,3890.78,Settled,41,Medium,25,Low,Standard Adjuster Review — Verify Supporting Documentation,70,33,50,DIVERGENT,0
CLM-2024-00956,CUST-00553,Caravan,3689.78,Settled,39,Low,22,Low,Fast-Track Approval — Routine Processing,70,33,50,DIVERGENT,0
CLM-2024-00957,CUST-02479,Fire,142699.67,Open,60,Medium,75,Medium,Standard Adjuster Review — Verify Supporting Documentation,31,7,46,DIVERGENT,0
CLM-2024-00958,CUST-01102,Fire,23810.66,Approved,45,Medium,30,Low,Standard Adjuster Review — Verify Supporting Documentation,67,32,47,DIVERGENT,0
CLM-2024-00959,CUST-03393,Fire,78406.08,Settled,47,Medium,56,Medium,Standard Adjuster Review — Verify Supporting Documentation,31,7,46,DIVERGENT,0
CLM-2024-00960,CUST-00298,Caravan,7875.0,Approved,81,High,86,High,Priority Manual Investigation — Consider SIU Referral,71,35,50,DIVERGENT,0
CLM-2024-00961,CUST-04389,Auto,29227.77,Approved,45,Medium,68,Medium,Standard Adjuster Review — Verify Supporting Documentation,3,0,47,STRONG,0
CLM-2024-00962,CUST-03917,Auto,1639.04,Settled,6,Low,8,Low,Fast-Track Approval — Routine Processing,3,0,47,STRONG,0
CLM-2024-00963,CUST-02582,Fire,36258.05,Settled,36,Low,36,Low,Fast-Track Approval — Routine Processing,37,9,46,DIVERGENT,0
CLM-2024-00964,CUST-04397,Auto,2534.19,Settled,14,Low,20,Low,Fast-Track Approval — Routine Processing,3,0,47,STRONG,0
CLM-2024-00965,CUST-03931,Auto,4546.13,Settled,58,Medium,36,Low,Standard Adjuster Review — Verify Supporting Documentation,63,19,49,DIVERGENT,0
CLM-2024-00966,CUST-04965,Fire,9626.93,Settled,26,Low,16,Low,Fast-Track Approval — Routine Processing,44,9,46,DIVERGENT,0
CLM-2024-00967,CUST-07290,Fire,41574.52,Open,35,Low,37,Low,Fast-Track Approval — Routine Processing,31,7,46,DIVERGENT,0
CLM-2024-00968,CUST-04262,Fire,72804.66,Settled,45,Medium,52,Low,Standard Adjuster Review — Verify Supporting Documentation,31,7,46,DIVERGENT,0
CLM-2024-00969,CUST-00976,Fire,3954.36,Settled,12,Low,2,Low,Fast-Track Approval — Routine Processing,31,7,46,DIVERGENT,0
CLM-2024-00970,CUST-03907,Fire,29882.77,Approved,37,Low,34,Low,Fast-Track Approval — Routine Processing,44,9,46,DIVERGENT,0
CLM-2024-00971,CUST-04687,Auto,2293.79,Open,11,Low,16,Low,Fast-Track Approval — Routine Processing,3,0,47,STRONG,0
CLM-2024-00972,CUST-07157,Caravan,7875.0,Settled,65,Medium,86,High,Standard Adjuster Review — Verify Supporting Documentation,26,6,50,DIVERGENT,0
CLM-2024-00973,CUST-05707,Auto,2136.0,Open,10,Low,14,Low,Fast-Track Approval — Routine Processing,1,0,47,STRONG,0
CLM-2024-00974,CUST-09736,Auto,1150.9,Settled,32,Low,2,Low,Fast-Track Approval — Routine Processing,67,19,48,DIVERGENT,0
CLM-2024-00975,CUST-01184,Fire,91054.88,Approved,54,Medium,60,Low,Standard Adjuster Review — Verify Supporting Documentation,44,9,46,DIVERGENT,0
CLM-2024-00976,CUST-04801,Fire,199363.5,Settled,73,High,89,High,Priority Manual Investigation — Consider SIU Referral,44,9,46,DIVERGENT,0
CLM-2024-00977,CUST-02774,Auto,92532.94,Settled,100,High,96,High,Priority Manual Investigation — Consider SIU Referral,83,37,50,DIVERGENT,0
CLM-2024-00978,CUST-03093,Fire,8678.92,Open,21,Low,13,Low,Fast-Track Approval — Routine Processing,35,9,47,DIVERGENT,0
CLM-2024-00979,CUST-08903,Caravan,5381.93,Approved,49,Medium,41,Medium,Standard Adjuster Review — Verify Supporting Documentation,63,13,50,DIVERGENT,0
CLM-2024-00980,CUST-03226,Auto,4437.7,Settled,24,Low,35,Low,Fast-Track Approval — Routine Processing,3,0,47,STRONG,0
CLM-2024-00981,CUST-04620,Auto,10276.12,Approved,34,Low,52,Low,Fast-Track Approval — Routine Processing,1,0,47,STRONG,0
CLM-2024-00982,CUST-09307,Fire,26160.71,Settled,30,Low,29,Low,Fast-Track Approval — Routine Processing,31,7,46,DIVERGENT,0
CLM-2024-00983,CUST-00558,Fire,5672.86,Approved,15,Low,7,Low,Fast-Track Approval — Routine Processing,31,7,46,DIVERGENT,0
CLM-2024-00984,CUST-02565,Auto,2758.89,Settled,15,Low,22,Low,Fast-Track Approval — Routine Processing,3,0,47,STRONG,0
CLM-2024-00985,CUST-03050,Auto,5003.19,Settled,26,Low,38,Low,Fast-Track Approval — Routine Processing,3,0,47,STRONG,0
CLM-2024-00986,CUST-06107,Auto,5109.39,Settled,28,Low,39,Low,Fast-Track Approval — Routine Processing,8,0,47,STRONG,0
CLM-2024-00987,CUST-07260,Fire,9309.88,Settled,20,Low,14,Low,Fast-Track Approval — Routine Processing,31,7,46,DIVERGENT,0
CLM-2024-00988,CUST-06728,Auto,10898.38,Approved,37,Low,53,Low,Fast-Track Approval — Routine Processing,8,2,47,STRONG,0
CLM-2024-00989,CUST-05712,Fire,55232.4,Settled,92,High,43,Low,Priority Manual Investigation — Consider SIU Referral,75,50,51,DIVERGENT,0
CLM-2024-00990,CUST-04779,Auto,10855.67,Approved,35,Low,53,Low,Fast-Track Approval — Routine Processing,3,0,47,STRONG,0
CLM-2024-00991,CUST-06661,Auto,4056.17,Settled,22,Low,33,Low,Fast-Track Approval — Routine Processing,3,0,47,STRONG,0
CLM-2024-00992,CUST-07377,Auto,1733.21,Settled,6,Low,8,Low,Fast-Track Approval — Routine Processing,3,0,47,STRONG,0
CLM-2024-00993,CUST-00977,Fire,90000.0,Settled,59,Medium,68,Medium,Standard Adjuster Review — Verify Supporting Documentation,44,9,46,DIVERGENT,0
CLM-2024-00994,CUST-00805,Auto,2188.1,Settled,11,Low,15,Low,Fast-Track Approval — Routine Processing,3,0,47,STRONG,0
CLM-2024-00995,CUST-04995,Auto,6647.41,Settled,32,Low,45,Low,Fast-Track Approval — Routine Processing,8,0,47,STRONG,0
CLM-2024-00996,CUST-02869,Fire,112357.85,Settled,54,Medium,65,Medium,Standard Adjuster Review — Verify Supporting Documentation,35,9,47,DIVERGENT,0
CLM-2024-00997,CUST-00327,Fire,6599.82,Settled,20,Low,8,Low,Fast-Track Approval — Routine Processing,44,9,46,DIVERGENT,0
CLM-2024-00998,CUST-07655,Fire,6699.12,Settled,17,Low,9,Low,Fast-Track Approval — Routine Processing,31,7,46,DIVERGENT,0
CLM-2024-00999,CUST-03061,Fire,2792.98,Settled,23,Low,1,Low,Fast-Track Approval — Routine Processing,63,22,46,DIVERGENT,0
CLM-2024-01000,CUST-00357,Caravan,4215.3,Settled,43,Medium,29,Low,Standard Adjuster Review — Verify Supporting Documentation,69,29,50,DIVERGENT,0
CLM-2024-01001,CUST-04191,Fire,12664.32,Approved,24,Low,18,Low,Fast-Track Approval — Routine Processing,35,9,47,DIVERGENT,0
CLM-2024-01002,CUST-04874,Fire,42193.26,Open,46,Medium,38,Low,Standard Adjuster Review — Verify Supporting Documentation,60,20,46,DIVERGENT,0
CLM-2024-01003,CUST-02595,Fire,135000.0,Settled,65,Medium,77,Medium,Standard Adjuster Review — Verify Supporting Documentation,44,9,46,DIVERGENT,0
CLM-2024-01004,CUST-05465,Fire,75237.77,Approved,50,Medium,53,Low,Standard Adjuster Review — Verify Supporting Documentation,44,9,46,DIVERGENT,0
CLM-2024-01005,CUST-02787,Auto,37774.92,Settled,48,Medium,73,Medium,Standard Adjuster Review — Verify Supporting Documentation,3,0,47,STRONG,0
CLM-2024-01006,CUST-02153,Caravan,7875.0,Settled,70,High,86,High,Priority Manual Investigation — Consider SIU Referral,40,13,50,DIVERGENT,0
CLM-2024-01007,CUST-07091,Fire,27305.04,Settled,34,Low,29,Low,Fast-Track Approval — Routine Processing,44,9,46,DIVERGENT,0
CLM-2024-01008,CUST-09322,Auto,2295.23,Approved,13,Low,16,Low,Fast-Track Approval — Routine Processing,8,0,47,STRONG,0
CLM-2024-01009,CUST-01521,Auto,4042.12,Approved,22,Low,33,Low,Fast-Track Approval — Routine Processing,1,0,47,STRONG,0
CLM-2024-01010,CUST-02427,Fire,8110.54,Approved,20,Low,11,Low,Fast-Track Approval — Routine Processing,37,9,46,DIVERGENT,0
CLM-2024-01011,CUST-05223,Auto,17138.61,Approved,39,Low,59,Medium,Fast-Track Approval — Routine Processing,3,0,47,STRONG,0
CLM-2024-01012,CUST-02271,Boat,1982.06,Approved,26,Low,3,Low,Fast-Track Approval — Routine Processing,70,33,50,DIVERGENT,0
CLM-2024-01013,CUST-04473,Fire,17239.51,Settled,30,Low,23,Low,Fast-Track Approval — Routine Processing,44,9,46,DIVERGENT,0
CLM-2024-01014,CUST-02580,Auto,3951.23,Settled,21,Low,32,Low,Fast-Track Approval — Routine Processing,1,0,47,STRONG,0
CLM-2024-01015,CUST-01885,Fire,13178.09,Approved,35,Low,20,Low,Fast-Track Approval — Routine Processing,63,22,46,DIVERGENT,0
CLM-2024-01016,CUST-07475,Auto,15185.37,Settled,38,Low,57,Medium,Fast-Track Approval — Routine Processing,1,0,47,STRONG,0
CLM-2024-01017,CUST-09437,Auto,54000.0,Open,54,Medium,82,Medium,Standard Adjuster Review — Verify Supporting Documentation,1,0,47,STRONG,0
CLM-2024-01018,CUST-00610,Fire,4309.77,Settled,17,Low,3,Low,Fast-Track Approval — Routine Processing,44,9,46,DIVERGENT,0
CLM-2024-01019,CUST-05901,Auto,35420.13,Settled,49,Medium,74,Medium,Standard Adjuster Review — Verify Supporting Documentation,2,0,47,STRONG,0
CLM-2024-01020,CUST-04487,Auto,1751.3,Settled,6,Low,9,Low,Fast-Track Approval — Routine Processing,2,0,47,STRONG,0
CLM-2024-01021,CUST-04718,Fire,3643.49,Settled,17,Low,2,Low,Fast-Track Approval — Routine Processing,44,9,46,DIVERGENT,0
CLM-2024-01022,CUST-02879,Caravan,1486.5,Settled,12,Low,4,Low,Fast-Track Approval — Routine Processing,28,6,51,DIVERGENT,0
CLM-2024-01023,CUST-09254,Fire,47556.03,Settled,41,Medium,40,Low,Standard Adjuster Review — Verify Supporting Documentation,44,9,46,DIVERGENT,0
CLM-2024-01024,CUST-06042,Auto,4343.77,Settled,25,Low,34,Low,Fast-Track Approval — Routine Processing,8,0,47,STRONG,0
CLM-2024-01025,CUST-09201,Auto,73520.2,Open,58,Medium,89,High,Standard Adjuster Review — Verify Supporting Documentation,1,0,47,STRONG,0
CLM-2024-01026,CUST-08918,Fire,6835.11,Approved,27,Low,9,Low,Fast-Track Approval — Routine Processing,60,20,46,DIVERGENT,0
CLM-2024-01027,CUST-07003,Fire,7258.33,Settled,22,Low,10,Low,Fast-Track Approval — Routine Processing,44,9,46,DIVERGENT,0
CLM-2024-01028,CUST-07648,Auto,3475.03,Settled,21,Low,28,Low,Fast-Track Approval — Routine Processing,7,0,47,STRONG,0
CLM-2024-01029,CUST-02351,Fire,162754.18,Settled,66,Medium,78,Medium,Standard Adjuster Review — Verify Supporting Documentation,44,9,46,DIVERGENT,0
CLM-2024-01030,CUST-02325,Auto,3085.52,Approved,17,Low,25,Low,Fast-Track Approval — Routine Processing,3,0,47,STRONG,0
CLM-2024-01031,CUST-00630,Fire,11399.6,Approved,25,Low,18,Low,Fast-Track Approval — Routine Processing,37,9,46,DIVERGENT,0
CLM-2024-01032,CUST-07541,Auto,6305.84,Approved,29,Low,44,Low,Fast-Track Approval — Routine Processing,1,0,47,STRONG,0
CLM-2024-01033,CUST-06245,Fire,11056.11,Settled,24,Low,17,Low,Fast-Track Approval — Routine Processing,37,9,46,DIVERGENT,0
CLM-2024-01034,CUST-02470,Fire,14951.65,Open,29,Low,21,Low,Fast-Track Approval — Routine Processing,44,9,46,DIVERGENT,0
CLM-2024-01035,CUST-06018,Auto,84389.81,Open,61,Medium,93,High,Standard Adjuster Review — Verify Supporting Documentation,1,0,47,STRONG,0
CLM-2024-01036,CUST-03051,Fire,26271.13,Settled,34,Low,29,Low,Fast-Track Approval — Routine Processing,44,9,46,DIVERGENT,0
CLM-2024-01037,CUST-08652,Fire,5207.34,Settled,16,Low,5,Low,Fast-Track Approval — Routine Processing,37,9,46,DIVERGENT,0
CLM-2024-01038,CUST-09718,Fire,36437.39,Settled,34,Low,35,Low,Fast-Track Approval — Routine Processing,31,7,46,DIVERGENT,0
CLM-2024-01039,CUST-08711,Fire,4843.8,Open,16,Low,5,Low,Fast-Track Approval — Routine Processing,37,9,46,DIVERGENT,0
CLM-2024-01040,CUST-08444,Caravan,1550.28,Settled,14,Low,5,Low,Fast-Track Approval — Routine Processing,31,13,51,DIVERGENT,0
CLM-2024-01041,CUST-09438,Fire,158665.45,Settled,65,Medium,77,Medium,Standard Adjuster Review — Verify Supporting Documentation,44,9,46,DIVERGENT,0
CLM-2024-01042,CUST-00117,Auto,2381.5,Settled,13,Low,18,Low,Fast-Track Approval — Routine Processing,3,0,47,STRONG,0
CLM-2024-01043,CUST-07798,Auto,2386.29,Settled,13,Low,18,Low,Fast-Track Approval — Routine Processing,3,0,47,STRONG,0
CLM-2024-01044,CUST-02784,Auto,3537.89,Open,19,Low,28,Low,Fast-Track Approval — Routine Processing,1,0,47,STRONG,0
CLM-2024-01045,CUST-04451,Fire,124011.71,Settled,63,Medium,73,Medium,Standard Adjuster Review — Verify Supporting Documentation,44,9,46,DIVERGENT,0
CLM-2024-01046,CUST-07648,Fire,34709.67,Under Investigation,44,Medium,35,Low,Standard Adjuster Review — Verify Supporting Documentation,60,20,46,DIVERGENT,0
CLM-2024-01047,CUST-02401,Auto,7674.55,Settled,34,Low,48,Low,Fast-Track Approval — Routine Processing,8,0,47,STRONG,0
CLM-2024-01048,CUST-04135,Auto,6277.99,Settled,30,Low,44,Low,Fast-Track Approval — Routine Processing,3,0,47,STRONG,0
CLM-2024-01049,CUST-03864,Fire,9825.42,Open,21,Low,15,Low,Fast-Track Approval — Routine Processing,31,7,46,DIVERGENT,0
CLM-2024-01050,CUST-00228,Auto,3661.55,Settled,22,Low,29,Low,Fast-Track Approval — Routine Processing,8,0,47,STRONG,0
CLM-2024-01051,CUST-03148,Fire,74640.2,Settled,47,Medium,55,Low,Standard Adjuster Review — Verify Supporting Documentation,31,7,46,DIVERGENT,0
CLM-2024-01052,CUST-08972,Fire,32878.75,Settled,37,Low,34,Low,Fast-Track Approval — Routine Processing,44,9,46,DIVERGENT,0
CLM-2024-01053,CUST-05571,Fire,13154.61,Settled,25,Low,19,Low,Fast-Track Approval — Routine Processing,35,9,47,DIVERGENT,0
CLM-2024-01054,CUST-01788,Fire,61936.08,Approved,44,Medium,49,Low,Standard Adjuster Review — Verify Supporting Documentation,35,9,47,DIVERGENT,0
CLM-2024-01055,CUST-05844,Fire,62841.4,Settled,47,Medium,49,Low,Standard Adjuster Review — Verify Supporting Documentation,44,9,46,DIVERGENT,0
CLM-2024-01056,CUST-04648,Fire,116907.83,Approved,67,Medium,68,Medium,Standard Adjuster Review — Verify Supporting Documentation,66,22,47,DIVERGENT,0
CLM-2024-01057,CUST-08414,Auto,2433.83,Approved,13,Low,19,Low,Fast-Track Approval — Routine Processing,3,0,47,STRONG,0
CLM-2024-01058,CUST-06572,Auto,24231.4,Settled,41,Medium,63,Medium,Standard Adjuster Review — Verify Supporting Documentation,1,0,47,STRONG,0
CLM-2024-01059,CUST-04271,Fire,167438.62,Settled,76,High,93,High,Priority Manual Investigation — Consider SIU Referral,44,9,46,DIVERGENT,0
CLM-2024-01060,CUST-09593,Fire,6680.19,Approved,21,Low,9,Low,Fast-Track Approval — Routine Processing,44,9,46,DIVERGENT,0
CLM-2024-01061,CUST-02684,Auto,18467.56,Approved,40,Medium,60,Medium,Standard Adjuster Review — Verify Supporting Documentation,2,0,47,STRONG,0
CLM-2024-01062,CUST-08937,Fire,4049.87,Approved,17,Low,2,Low,Fast-Track Approval — Routine Processing,44,9,46,DIVERGENT,0
CLM-2024-01063,CUST-08040,Auto,41003.25,Approved,49,Medium,75,Medium,Standard Adjuster Review — Verify Supporting Documentation,1,0,47,STRONG,0
CLM-2024-01064,CUST-07532,Fire,47591.06,Settled,45,Medium,50,Medium,Standard Adjuster Review — Verify Supporting Documentation,37,9,46,DIVERGENT,0
CLM-2024-01065,CUST-04106,Fire,18144.2,Settled,28,Low,24,Low,Fast-Track Approval — Routine Processing,37,9,46,DIVERGENT,0
CLM-2024-01066,CUST-06764,Auto,2119.14,Settled,9,Low,13,Low,Fast-Track Approval — Routine Processing,1,0,47,STRONG,0
CLM-2024-01067,CUST-05042,Fire,9612.27,Settled,20,Low,14,Low,Fast-Track Approval — Routine Processing,31,7,46,DIVERGENT,0
CLM-2024-01068,CUST-09643,Auto,2559.29,Approved,14,Low,20,Low,Fast-Track Approval — Routine Processing,3,0,47,STRONG,0
CLM-2024-01069,CUST-01154,Auto,1463.9,Approved,4,Low,5,Low,Fast-Track Approval — Routine Processing,3,0,47,STRONG,0
CLM-2024-01070,CUST-03272,Fire,95906.63,Open,56,Medium,62,Medium,Standard Adjuster Review — Verify Supporting Documentation,44,9,46,DIVERGENT,0
CLM-2024-01071,CUST-07271,Fire,39956.96,Settled,37,Low,38,Low,Fast-Track Approval — Routine Processing,35,9,47,DIVERGENT,0
CLM-2024-01072,CUST-01329,Fire,3745.47,Settled,39,Low,2,Low,Fast-Track Approval — Routine Processing,62,33,49,DIVERGENT,0
CLM-2024-01073,CUST-08829,Fire,90000.0,Settled,60,Medium,68,Medium,Standard Adjuster Review — Verify Supporting Documentation,44,9,46,DIVERGENT,0
CLM-2024-01074,CUST-00269,Auto,2370.09,Approved,13,Low,18,Low,Fast-Track Approval — Routine Processing,3,0,47,STRONG,0
CLM-2024-01075,CUST-05114,Fire,135000.0,Settled,63,Medium,77,Medium,Standard Adjuster Review — Verify Supporting Documentation,37,9,46,DIVERGENT,0
CLM-2024-01076,CUST-02898,Auto,4486.88,Settled,24,Low,35,Low,Fast-Track Approval — Routine Processing,3,0,47,STRONG,0
CLM-2024-01077,CUST-07855,Fire,180000.0,Settled,68,Medium,81,Medium,Standard Adjuster Review — Verify Supporting Documentation,44,9,46,DIVERGENT,0
CLM-2024-01078,CUST-00362,Auto,8769.26,Settled,34,Low,50,Low,Fast-Track Approval — Routine Processing,3,0,47,STRONG,0
CLM-2024-01079,CUST-06619,Auto,4157.07,Approved,23,Low,34,Low,Fast-Track Approval — Routine Processing,1,0,47,STRONG,0
CLM-2024-01080,CUST-04157,Fire,135000.0,Settled,65,Medium,77,Medium,Standard Adjuster Review — Verify Supporting Documentation,44,9,46,DIVERGENT,0
CLM-2024-01081,CUST-00273,Auto,16078.53,Settled,38,Low,58,Medium,Fast-Track Approval — Routine Processing,2,0,47,STRONG,0
CLM-2024-01082,CUST-01386,Fire,6437.11,Settled,20,Low,8,Low,Fast-Track Approval — Routine Processing,44,9,46,DIVERGENT,0
CLM-2024-01083,CUST-00622,Fire,90000.0,Settled,59,Medium,68,Medium,Standard Adjuster Review — Verify Supporting Documentation,44,9,46,DIVERGENT,0
CLM-2024-01084,CUST-08539,Fire,391917.38,Settled,78,High,97,High,Priority Manual Investigation — Consider SIU Referral,44,9,46,DIVERGENT,0
CLM-2024-01085,CUST-08151,Fire,90000.0,Settled,68,Medium,68,Medium,Standard Adjuster Review — Verify Supporting Documentation,65,22,47,DIVERGENT,0
CLM-2024-01086,CUST-02091,Fire,156137.75,Settled,72,High,91,High,Priority Manual Investigation — Consider SIU Referral,37,9,46,DIVERGENT,0
CLM-2024-01087,CUST-05038,Auto,1414.23,Settled,4,Low,4,Low,Fast-Track Approval — Routine Processing,3,0,47,STRONG,0
CLM-2024-01088,CUST-03059,Fire,7086.29,Open,22,Low,10,Low,Fast-Track Approval — Routine Processing,44,9,46,DIVERGENT,0
CLM-2024-01089,CUST-06116,Auto,1506.21,Settled,5,Low,6,Low,Fast-Track Approval — Routine Processing,3,0,47,STRONG,0
CLM-2024-01090,CUST-01033,Auto,5917.63,Settled,28,Low,43,Low,Fast-Track Approval — Routine Processing,2,0,47,STRONG,0
CLM-2024-01091,CUST-06558,Auto,5799.96,Settled,28,Low,43,Low,Fast-Track Approval — Routine Processing,1,0,47,STRONG,0
CLM-2024-01092,CUST-02092,Auto,1878.36,Open,10,Low,11,Low,Fast-Track Approval — Routine Processing,8,0,47,STRONG,0
CLM-2024-01093,CUST-03193,Auto,2206.46,Settled,10,Low,15,Low,Fast-Track Approval — Routine Processing,1,0,47,STRONG,0
CLM-2024-01094,CUST-01018,Auto,4626.23,Settled,24,Low,36,Low,Fast-Track Approval — Routine Processing,3,0,47,STRONG,0
CLM-2024-01095,CUST-06769,Auto,7407.99,Settled,54,Medium,47,Low,Standard Adjuster Review — Verify Supporting Documentation,60,17,48,DIVERGENT,0
CLM-2024-01096,CUST-01118,Auto,1076.14,Open,1,Low,1,Low,Fast-Track Approval — Routine Processing,1,0,47,STRONG,0
CLM-2024-01097,CUST-01001,Auto,4643.2,Settled,24,Low,36,Low,Fast-Track Approval — Routine Processing,3,0,47,STRONG,0
CLM-2024-01098,CUST-03941,Fire,151671.97,Settled,71,High,76,Medium,Priority Manual Investigation — Consider SIU Referral,63,22,46,DIVERGENT,0
CLM-2024-01099,CUST-06033,Auto,37212.57,Open,48,Medium,73,Medium,Standard Adjuster Review — Verify Supporting Documentation,1,0,47,STRONG,0
CLM-2024-01100,CUST-09242,Fire,103879.13,Approved,55,Medium,65,Medium,Standard Adjuster Review — Verify Supporting Documentation,37,9,46,DIVERGENT,0
CLM-2024-01101,CUST-03270,Caravan,6705.39,Settled,42,Medium,49,Medium,Standard Adjuster Review — Verify Supporting Documentation,28,6,51,DIVERGENT,0
CLM-2024-01102,CUST-09124,Auto,53259.97,Under Investigation,83,High,80,Medium,Priority Manual Investigation — Consider SIU Referral,65,19,49,DIVERGENT,0
CLM-2024-01103,CUST-08508,Fire,90000.0,Settled,60,Medium,68,Medium,Standard Adjuster Review — Verify Supporting Documentation,44,9,46,DIVERGENT,0
CLM-2024-01104,CUST-01667,Auto,50749.65,Approved,52,Medium,79,Medium,Standard Adjuster Review — Verify Supporting Documentation,3,0,47,STRONG,0
CLM-2024-01105,CUST-07083,Auto,1893.25,Settled,8,Low,11,Low,Fast-Track Approval — Routine Processing,2,0,47,STRONG,0
CLM-2024-01106,CUST-07985,Fire,65137.23,Settled,45,Medium,50,Low,Standard Adjuster Review — Verify Supporting Documentation,35,9,47,DIVERGENT,0
CLM-2024-01107,CUST-08925,Fire,102705.47,Settled,54,Medium,67,Medium,Standard Adjuster Review — Verify Supporting Documentation,31,7,46,DIVERGENT,0
CLM-2024-01108,CUST-08252,Auto,2149.55,Settled,10,Low,14,Low,Fast-Track Approval — Routine Processing,2,0,47,STRONG,0
CLM-2024-01109,CUST-06269,Auto,1585.58,Approved,35,Low,7,Low,Fast-Track Approval — Routine Processing,65,19,49,DIVERGENT,0
CLM-2024-01110,CUST-07793,Auto,7580.46,Settled,32,Low,48,Low,Fast-Track Approval — Routine Processing,3,0,47,STRONG,0
CLM-2024-01111,CUST-00205,Fire,64627.13,Settled,48,Medium,50,Low,Standard Adjuster Review — Verify Supporting Documentation,44,9,46,DIVERGENT,0
CLM-2024-01112,CUST-06250,Fire,6689.87,Under Investigation,17,Low,9,Low,Fast-Track Approval — Routine Processing,31,7,46,DIVERGENT,0
CLM-2024-01113,CUST-04473,Fire,51425.1,Settled,55,Medium,42,Low,Standard Adjuster Review — Verify Supporting Documentation,66,29,48,DIVERGENT,0
CLM-2024-01114,CUST-03410,Fire,22100.83,Settled,33,Low,27,Low,Fast-Track Approval — Routine Processing,44,9,46,DIVERGENT,0
CLM-2024-01115,CUST-00313,Fire,9821.19,Settled,22,Low,14,Low,Fast-Track Approval — Routine Processing,37,9,46,DIVERGENT,0
CLM-2024-01116,CUST-09138,Auto,2132.95,Approved,29,Low,13,Low,Fast-Track Approval — Routine Processing,57,17,48,DIVERGENT,0
CLM-2024-01117,CUST-06972,Fire,41535.03,Settled,35,Low,37,Low,Fast-Track Approval — Routine Processing,31,7,46,DIVERGENT,0
CLM-2024-01118,CUST-00284,Fire,46839.99,Approved,38,Low,40,Low,Fast-Track Approval — Routine Processing,35,9,47,DIVERGENT,0
CLM-2024-01119,CUST-02293,Caravan,1781.1,Open,15,Low,7,Low,Fast-Track Approval — Routine Processing,31,13,51,DIVERGENT,0
CLM-2024-01120,CUST-01018,Auto,1065.19,Approved,1,Low,1,Low,Fast-Track Approval — Routine Processing,1,0,47,STRONG,0
CLM-2024-01121,CUST-09582,Auto,5564.9,Settled,27,Low,41,Low,Fast-Track Approval — Routine Processing,1,0,47,STRONG,0
CLM-2024-01122,CUST-05519,Auto,1582.22,Open,35,Low,7,Low,Fast-Track Approval — Routine Processing,63,19,49,DIVERGENT,0
CLM-2024-01123,CUST-08927,Fire,64942.66,Approved,42,Medium,48,Low,Standard Adjuster Review — Verify Supporting Documentation,31,7,46,DIVERGENT,0
CLM-2024-01124,CUST-08656,Fire,10456.59,Settled,26,Low,16,Low,Fast-Track Approval — Routine Processing,44,9,46,DIVERGENT,0
CLM-2024-01125,CUST-03644,Auto,6401.94,Approved,30,Low,45,Low,Fast-Track Approval — Routine Processing,1,0,47,STRONG,0
CLM-2024-01126,CUST-06430,Fire,192654.62,Approved,81,High,89,High,Priority Manual Investigation — Consider SIU Referral,66,22,47,DIVERGENT,0
CLM-2024-01127,CUST-08337,Fire,7084.95,Approved,17,Low,10,Low,Fast-Track Approval — Routine Processing,31,7,46,DIVERGENT,0
CLM-2024-01128,CUST-09503,Fire,55668.04,Settled,51,Medium,44,Low,Standard Adjuster Review — Verify Supporting Documentation,63,22,46,DIVERGENT,0
CLM-2024-01129,CUST-08738,Fire,90000.0,Approved,59,Medium,68,Medium,Standard Adjuster Review — Verify Supporting Documentation,44,9,46,DIVERGENT,0
CLM-2024-01130,CUST-06197,Auto,1771.0,Approved,8,Low,9,Low,Fast-Track Approval — Routine Processing,6,0,47,STRONG,0
CLM-2024-01131,CUST-08911,Auto,38781.01,Settled,50,Medium,76,Medium,Standard Adjuster Review — Verify Supporting Documentation,3,0,47,STRONG,0
CLM-2024-01132,CUST-03202,Fire,16802.23,Under Investigation,30,Low,26,Low,Fast-Track Approval — Routine Processing,37,9,46,DIVERGENT,0
CLM-2024-01133,CUST-00790,Fire,180000.0,Settled,68,Medium,81,Medium,Standard Adjuster Review — Verify Supporting Documentation,44,9,46,DIVERGENT,0
CLM-2024-01134,CUST-04266,Auto,5051.66,Settled,26,Low,39,Low,Fast-Track Approval — Routine Processing,3,0,47,STRONG,0
CLM-2024-01135,CUST-00946,Auto,4924.96,Open,25,Low,38,Low,Fast-Track Approval — Routine Processing,2,0,47,STRONG,0
CLM-2024-01136,CUST-07841,Caravan,5429.75,Approved,52,Medium,42,Medium,Standard Adjuster Review — Verify Supporting Documentation,70,33,50,DIVERGENT,0
CLM-2024-01137,CUST-03526,Auto,1520.94,Settled,4,Low,6,Low,Fast-Track Approval — Routine Processing,2,0,47,STRONG,0
CLM-2024-01138,CUST-00431,Auto,6372.72,Approved,31,Low,45,Low,Fast-Track Approval — Routine Processing,6,0,47,STRONG,0
CLM-2024-01139,CUST-03139,Fire,58675.47,Approved,54,Medium,46,Low,Standard Adjuster Review — Verify Supporting Documentation,65,22,47,DIVERGENT,0
CLM-2024-01140,CUST-04648,Fire,8100.34,Settled,22,Low,11,Low,Fast-Track Approval — Routine Processing,44,9,46,DIVERGENT,0
CLM-2024-01141,CUST-06067,Fire,43891.97,Approved,43,Medium,43,Low,Standard Adjuster Review — Verify Supporting Documentation,44,9,46,DIVERGENT,0
CLM-2024-01142,CUST-03358,Fire,42261.29,Settled,36,Low,38,Low,Fast-Track Approval — Routine Processing,31,7,46,DIVERGENT,0
CLM-2024-01143,CUST-04582,Auto,3778.29,Settled,20,Low,30,Low,Fast-Track Approval — Routine Processing,3,0,47,STRONG,0
CLM-2024-01144,CUST-00055,Auto,4056.2,Under Investigation,22,Low,33,Low,Fast-Track Approval — Routine Processing,3,0,47,STRONG,0
CLM-2024-01145,CUST-04821,Fire,18617.38,Settled,29,Low,25,Low,Fast-Track Approval — Routine Processing,37,9,46,DIVERGENT,0
CLM-2024-01146,CUST-04589,Auto,8102.9,Approved,35,Low,49,Low,Fast-Track Approval — Routine Processing,8,0,47,STRONG,0
CLM-2024-01147,CUST-05811,Auto,2494.61,Open,13,Low,19,Low,Fast-Track Approval — Routine Processing,3,0,47,STRONG,0
CLM-2024-01148,CUST-01149,Auto,31564.06,Settled,46,Medium,70,Medium,Standard Adjuster Review — Verify Supporting Documentation,3,0,47,STRONG,0
CLM-2024-01149,CUST-02088,Auto,3252.99,Settled,18,Low,27,Low,Fast-Track Approval — Routine Processing,1,0,47,STRONG,0
CLM-2024-01150,CUST-01788,Fire,12816.38,Approved,28,Low,19,Low,Fast-Track Approval — Routine Processing,44,9,46,DIVERGENT,0
CLM-2024-01151,CUST-06201,Auto,1644.58,Approved,6,Low,8,Low,Fast-Track Approval — Routine Processing,1,0,47,STRONG,0
CLM-2024-01152,CUST-07916,Caravan,4683.34,Approved,31,Low,34,Medium,Fast-Track Approval — Routine Processing,26,6,50,DIVERGENT,0
CLM-2024-01153,CUST-01574,Fire,6710.08,Approved,21,Low,9,Low,Fast-Track Approval — Routine Processing,44,9,46,DIVERGENT,0
CLM-2024-01154,CUST-07533,Auto,1935.45,Settled,8,Low,11,Low,Fast-Track Approval — Routine Processing,1,0,47,STRONG,0
CLM-2024-01155,CUST-09665,Fire,4718.25,Settled,15,Low,4,Low,Fast-Track Approval — Routine Processing,37,9,46,DIVERGENT,0
CLM-2024-01156,CUST-07895,Auto,2784.56,Settled,15,Low,22,Low,Fast-Track Approval — Routine Processing,3,0,47,STRONG,0
CLM-2024-01157,CUST-05696,Fire,5134.86,Under Investigation,19,Low,5,Low,Fast-Track Approval — Routine Processing,44,9,46,DIVERGENT,0
CLM-2024-01158,CUST-08184,Private Accident,20727.31,Settled,66,Medium,85,High,Standard Adjuster Review — Verify Supporting Documentation,30,15,51,STRONG,0
CLM-2024-01159,CUST-06505,Auto,2181.77,Settled,11,Low,14,Low,Fast-Track Approval — Routine Processing,7,0,47,STRONG,0
CLM-2024-01160,CUST-04132,Auto,3249.9,Approved,17,Low,26,Low,Fast-Track Approval — Routine Processing,1,0,47,STRONG,0
CLM-2024-01161,CUST-09486,Caravan,7875.0,Approved,78,High,86,High,Priority Manual Investigation — Consider SIU Referral,63,13,50,DIVERGENT,0
CLM-2024-01162,CUST-06721,Fire,135000.0,Under Investigation,73,High,77,Medium,Priority Manual Investigation — Consider SIU Referral,66,22,47,DIVERGENT,0
CLM-2024-01163,CUST-08902,Auto,2236.55,Settled,10,Low,15,Low,Fast-Track Approval — Routine Processing,2,0,47,STRONG,0
CLM-2024-01164,CUST-08729,Auto,1434.13,Settled,3,Low,4,Low,Fast-Track Approval — Routine Processing,1,0,47,STRONG,0
CLM-2024-01165,CUST-04962,Caravan,7192.3,Open,61,Medium,56,Medium,Standard Adjuster Review — Verify Supporting Documentation,70,33,50,DIVERGENT,0
CLM-2024-01166,CUST-06670,Auto,11647.51,Settled,100,High,54,Low,Priority Manual Investigation — Consider SIU Referral,86,37,51,DIVERGENT,0
CLM-2024-01167,CUST-06873,Auto,26622.92,Settled,44,Medium,66,Medium,Standard Adjuster Review — Verify Supporting Documentation,3,0,47,STRONG,0
CLM-2024-01168,CUST-00042,Caravan,7288.47,Settled,48,Medium,57,Medium,Standard Adjuster Review — Verify Supporting Documentation,31,13,51,DIVERGENT,0
CLM-2024-01169,CUST-09531,Fire,90000.0,Settled,72,High,68,Medium,Priority Manual Investigation — Consider SIU Referral,66,29,48,DIVERGENT,0
CLM-2024-01170,CUST-05698,Fire,85309.58,Settled,54,Medium,59,Medium,Standard Adjuster Review — Verify Supporting Documentation,44,9,46,DIVERGENT,0
CLM-2024-01171,CUST-08210,Fire,85181.15,Settled,51,Medium,55,Low,Standard Adjuster Review — Verify Supporting Documentation,44,9,46,DIVERGENT,0
CLM-2024-01172,CUST-05634,Auto,1485.11,Settled,4,Low,5,Low,Fast-Track Approval — Routine Processing,1,0,47,STRONG,0
CLM-2024-01173,CUST-04943,Caravan,7875.0,Under Investigation,65,Medium,86,High,Standard Adjuster Review — Verify Supporting Documentation,26,6,50,DIVERGENT,0
CLM-2024-01174,CUST-00133,Auto,10602.91,Settled,36,Low,54,Low,Fast-Track Approval — Routine Processing,3,0,47,STRONG,0
CLM-2024-01175,CUST-03860,Auto,815.96,Approved,24,Low,0,Low,Fast-Track Approval — Routine Processing,61,17,48,DIVERGENT,0
CLM-2024-01176,CUST-05196,Caravan,7875.0,Settled,70,High,86,High,Priority Manual Investigation — Consider SIU Referral,40,13,50,DIVERGENT,0
CLM-2024-01177,CUST-04533,Auto,25788.47,Settled,43,Medium,65,Medium,Standard Adjuster Review — Verify Supporting Documentation,1,0,47,STRONG,0
CLM-2024-01178,CUST-07350,Fire,111788.8,Settled,65,Medium,67,Medium,Standard Adjuster Review — Verify Supporting Documentation,60,20,46,DIVERGENT,0
CLM-2024-01179,CUST-00421,Fire,5015.7,Settled,19,Low,5,Low,Fast-Track Approval — Routine Processing,44,9,46,DIVERGENT,0
CLM-2024-01180,CUST-04023,Auto,45407.35,Settled,50,Medium,77,Medium,Standard Adjuster Review — Verify Supporting Documentation,1,0,47,STRONG,0
CLM-2024-01181,CUST-03216,Fire,56605.17,Settled,43,Medium,43,Low,Standard Adjuster Review — Verify Supporting Documentation,44,9,46,DIVERGENT,0
CLM-2024-01182,CUST-05626,Auto,3065.47,Approved,17,Low,25,Low,Fast-Track Approval — Routine Processing,3,0,47,STRONG,0
CLM-2024-01183,CUST-03172,Auto,1622.16,Settled,6,Low,8,Low,Fast-Track Approval — Routine Processing,1,0,47,STRONG,0
CLM-2024-01184,CUST-07282,Fire,135000.0,Settled,65,Medium,77,Medium,Standard Adjuster Review — Verify Supporting Documentation,44,9,46,DIVERGENT,0
CLM-2024-01185,CUST-03945,Fire,12112.36,Open,23,Low,18,Low,Fast-Track Approval — Routine Processing,31,7,46,DIVERGENT,0
CLM-2024-01186,CUST-07363,Fire,48968.41,Settled,50,Medium,42,Low,Standard Adjuster Review — Verify Supporting Documentation,64,22,47,DIVERGENT,0
CLM-2024-01187,CUST-08191,Auto,1754.65,Settled,6,Low,9,Low,Fast-Track Approval — Routine Processing,1,0,47,STRONG,0
CLM-2024-01188,CUST-02588,Fire,3790.61,Settled,12,Low,2,Low,Fast-Track Approval — Routine Processing,31,7,46,DIVERGENT,0
CLM-2024-01189,CUST-08047,Fire,7236.53,Settled,22,Low,10,Low,Fast-Track Approval — Routine Processing,44,9,46,DIVERGENT,0
CLM-2024-01190,CUST-08153,Fire,20095.52,Settled,30,Low,27,Low,Fast-Track Approval — Routine Processing,35,9,47,DIVERGENT,0
CLM-2024-01191,CUST-04938,Auto,8842.32,Settled,33,Low,50,Low,Fast-Track Approval — Routine Processing,3,0,47,STRONG,0
CLM-2024-01192,CUST-05026,Fire,59941.31,Settled,46,Medium,48,Low,Standard Adjuster Review — Verify Supporting Documentation,44,9,46,DIVERGENT,0
CLM-2024-01193,CUST-05120,Fire,3458.88,Open,16,Low,1,Low,Fast-Track Approval — Routine Processing,44,9,46,DIVERGENT,0
CLM-2024-01194,CUST-05927,Auto,79493.94,Settled,60,Medium,91,High,Standard Adjuster Review — Verify Supporting Documentation,2,0,47,STRONG,0
CLM-2024-01195,CUST-03888,Auto,1247.4,Settled,2,Low,3,Low,Fast-Track Approval — Routine Processing,2,0,47,STRONG,0
CLM-2024-01196,CUST-08763,Auto,45000.0,Settled,52,Medium,80,Medium,Standard Adjuster Review — Verify Supporting Documentation,1,0,47,STRONG,0
CLM-2024-01197,CUST-05722,Fire,46523.93,Open,38,Low,41,Low,Fast-Track Approval — Routine Processing,31,7,46,DIVERGENT,0
CLM-2024-01198,CUST-09136,Fire,70594.7,Settled,50,Medium,57,Medium,Standard Adjuster Review — Verify Supporting Documentation,37,9,46,DIVERGENT,0
CLM-2024-01199,CUST-05721,Fire,5458.12,Approved,19,Low,6,Low,Fast-Track Approval — Routine Processing,44,9,46,DIVERGENT,0
CLM-2024-01200,CUST-06268,Auto,4468.94,Settled,24,Low,35,Low,Fast-Track Approval — Routine Processing,3,0,47,STRONG,0
CLM-2024-01201,CUST-06351,Fire,35121.73,Settled,44,Medium,33,Low,Standard Adjuster Review — Verify Supporting Documentation,64,22,47,DIVERGENT,0
CLM-2024-01202,CUST-05868,Fire,65580.46,Settled,47,Medium,55,Medium,Standard Adjuster Review — Verify Supporting Documentation,31,7,46,DIVERGENT,0
CLM-2024-01203,CUST-05786,Fire,340403.48,Settled,69,Medium,89,High,Standard Adjuster Review — Verify Supporting Documentation,31,7,46,DIVERGENT,0
CLM-2024-01204,CUST-05668,Caravan,3472.37,Settled,37,Low,20,Low,Fast-Track Approval — Routine Processing,69,29,50,DIVERGENT,0
CLM-2024-01205,CUST-00730,Auto,3700.23,Settled,19,Low,29,Low,Fast-Track Approval — Routine Processing,1,0,47,STRONG,0
CLM-2024-01206,CUST-03436,Fire,56250.0,Settled,52,Medium,56,Medium,Standard Adjuster Review — Verify Supporting Documentation,44,9,46,DIVERGENT,0
CLM-2024-01207,CUST-07600,Fire,5926.94,Settled,17,Low,7,Low,Fast-Track Approval — Routine Processing,37,9,46,DIVERGENT,0
CLM-2024-01208,CUST-07416,Fire,68072.8,Open,45,Medium,50,Low,Standard Adjuster Review — Verify Supporting Documentation,37,9,46,DIVERGENT,0
CLM-2024-01209,CUST-00238,Fire,45736.84,Settled,47,Medium,39,Low,Standard Adjuster Review — Verify Supporting Documentation,63,22,46,DIVERGENT,0
CLM-2024-01210,CUST-02523,Auto,5564.68,Under Investigation,28,Low,42,Low,Fast-Track Approval — Routine Processing,1,0,47,STRONG,0
CLM-2024-01211,CUST-08776,Auto,1320.82,Settled,2,Low,3,Low,Fast-Track Approval — Routine Processing,1,0,47,STRONG,0
CLM-2024-01212,CUST-07581,Fire,64640.11,Settled,47,Medium,54,Medium,Standard Adjuster Review — Verify Supporting Documentation,35,9,47,DIVERGENT,0
CLM-2024-01213,CUST-07580,Fire,10021.2,Settled,23,Low,15,Low,Fast-Track Approval — Routine Processing,37,9,46,DIVERGENT,0
CLM-2024-01214,CUST-08620,Auto,3059.07,Settled,17,Low,25,Low,Fast-Track Approval — Routine Processing,3,0,47,STRONG,0
CLM-2024-01215,CUST-08002,Auto,2384.01,Settled,13,Low,18,Low,Fast-Track Approval — Routine Processing,3,0,47,STRONG,0
CLM-2024-01216,CUST-06308,Fire,19759.81,Settled,33,Low,27,Low,Fast-Track Approval — Routine Processing,44,9,46,DIVERGENT,0
CLM-2024-01217,CUST-03390,Fire,49331.35,Settled,48,Medium,41,Low,Standard Adjuster Review — Verify Supporting Documentation,61,22,47,DIVERGENT,0
CLM-2024-01218,CUST-04270,Fire,50230.28,Settled,48,Medium,42,Low,Standard Adjuster Review — Verify Supporting Documentation,60,20,46,DIVERGENT,0
CLM-2024-01219,CUST-04979,Auto,1190.42,Under Investigation,2,Low,2,Low,Fast-Track Approval — Routine Processing,1,0,47,STRONG,0
CLM-2024-01220,CUST-01082,Fire,84214.13,Approved,60,Medium,56,Low,Standard Adjuster Review — Verify Supporting Documentation,65,22,47,DIVERGENT,0
CLM-2024-01221,CUST-02539,Fire,26513.41,Settled,33,Low,31,Low,Fast-Track Approval — Routine Processing,37,9,46,DIVERGENT,0
CLM-2024-01222,CUST-04479,Fire,75669.18,Under Investigation,52,Medium,56,Medium,Standard Adjuster Review — Verify Supporting Documentation,44,9,46,DIVERGENT,0
CLM-2024-01223,CUST-02434,Auto,3421.25,Settled,18,Low,27,Low,Fast-Track Approval — Routine Processing,3,0,47,STRONG,0
CLM-2024-01224,CUST-02147,Auto,6745.99,Approved,30,Low,46,Low,Fast-Track Approval — Routine Processing,2,0,47,STRONG,0
CLM-2024-01225,CUST-04348,Auto,3931.48,Settled,23,Low,31,Low,Fast-Track Approval — Routine Processing,8,0,47,STRONG,0
CLM-2024-01226,CUST-01574,Auto,5163.21,Settled,26,Low,39,Low,Fast-Track Approval — Routine Processing,3,0,47,STRONG,0
CLM-2024-01227,CUST-00790,Auto,14437.77,Settled,39,Low,58,Low,Fast-Track Approval — Routine Processing,3,0,47,STRONG,0
CLM-2024-01228,CUST-06274,Fire,106743.17,Open,60,Medium,69,Medium,Standard Adjuster Review — Verify Supporting Documentation,44,9,46,DIVERGENT,0
CLM-2024-01229,CUST-00391,Fire,17310.54,Settled,27,Low,25,Low,Fast-Track Approval — Routine Processing,31,7,46,DIVERGENT,0
CLM-2024-01230,CUST-07629,Fire,9124.56,Settled,21,Low,13,Low,Fast-Track Approval — Routine Processing,37,9,46,DIVERGENT,0
CLM-2024-01231,CUST-01908,Auto,1025.04,Approved,2,Low,1,Low,Fast-Track Approval — Routine Processing,3,0,47,STRONG,0
CLM-2024-01232,CUST-01667,Auto,3643.29,Open,19,Low,29,Low,Fast-Track Approval — Routine Processing,1,0,47,STRONG,0
CLM-2024-01233,CUST-00459,Auto,2149.82,Approved,11,Low,14,Low,Fast-Track Approval — Routine Processing,6,0,47,STRONG,0
CLM-2024-01234,CUST-02297,Fire,204693.5,Settled,67,Medium,84,Medium,Standard Adjuster Review — Verify Supporting Documentation,35,9,47,DIVERGENT,0
CLM-2024-01235,CUST-01854,Fire,96114.7,Approved,68,Medium,62,Medium,Standard Adjuster Review — Verify Supporting Documentation,69,29,48,DIVERGENT,0
CLM-2024-01236,CUST-07988,Auto,1836.54,Settled,7,Low,10,Low,Fast-Track Approval — Routine Processing,2,0,47,STRONG,0
CLM-2024-01237,CUST-03028,Fire,5315.55,Under Investigation,14,Low,5,Low,Fast-Track Approval — Routine Processing,31,7,46,DIVERGENT,0
CLM-2024-01238,CUST-01660,Auto,4238.31,Under Investigation,23,Low,34,Low,Fast-Track Approval — Routine Processing,3,0,47,STRONG,0
CLM-2024-01239,CUST-03689,Auto,2709.16,Approved,14,Low,21,Low,Fast-Track Approval — Routine Processing,1,0,47,STRONG,0
CLM-2024-01240,CUST-02784,Auto,4836.19,Under Investigation,25,Low,38,Low,Fast-Track Approval — Routine Processing,1,0,47,STRONG,0
CLM-2024-01241,CUST-07988,Auto,7089.77,Settled,31,Low,46,Low,Fast-Track Approval — Routine Processing,3,0,47,STRONG,0
CLM-2024-01242,CUST-00207,Auto,72000.0,Settled,54,Medium,82,High,Standard Adjuster Review — Verify Supporting Documentation,3,0,47,STRONG,0
CLM-2024-01243,CUST-03139,Fire,7647.51,Settled,18,Low,11,Low,Fast-Track Approval — Routine Processing,31,7,46,DIVERGENT,0
CLM-2024-01244,CUST-05527,Fire,180000.0,Settled,68,Medium,81,Medium,Standard Adjuster Review — Verify Supporting Documentation,44,9,46,DIVERGENT,0
CLM-2024-01245,CUST-04796,Fire,15638.77,Open,30,Low,22,Low,Fast-Track Approval — Routine Processing,44,9,46,DIVERGENT,0
CLM-2024-01246,CUST-01589,Auto,2997.37,Settled,17,Low,24,Low,Fast-Track Approval — Routine Processing,3,0,47,STRONG,0
CLM-2024-01247,CUST-06589,Fire,13400.54,Settled,33,Low,19,Low,Fast-Track Approval — Routine Processing,60,20,46,DIVERGENT,0
CLM-2024-01248,CUST-06450,Fire,2971.45,Settled,14,Low,1,Low,Fast-Track Approval — Routine Processing,37,9,46,DIVERGENT,0
CLM-2024-01249,CUST-01271,Fire,123583.44,Under Investigation,60,Medium,69,Medium,Standard Adjuster Review — Verify Supporting Documentation,44,9,46,DIVERGENT,0
CLM-2024-01250,CUST-08115,Auto,38270.89,Settled,51,Medium,74,Medium,Standard Adjuster Review — Verify Supporting Documentation,8,0,47,STRONG,0
CLM-2024-01251,CUST-06754,Fire,4311.44,Approved,15,Low,3,Low,Fast-Track Approval — Routine Processing,37,9,46,DIVERGENT,0
CLM-2024-01252,CUST-02453,Fire,109661.08,Settled,58,Medium,65,Medium,Standard Adjuster Review — Verify Supporting Documentation,44,9,46,DIVERGENT,0
CLM-2024-01253,CUST-08068,Fire,54542.51,Approved,43,Medium,42,Low,Standard Adjuster Review — Verify Supporting Documentation,44,9,46,DIVERGENT,0
CLM-2024-01254,CUST-05414,Fire,3308.91,Approved,13,Low,1,Low,Fast-Track Approval — Routine Processing,35,9,47,DIVERGENT,0
CLM-2024-01255,CUST-06412,Auto,4797.13,Settled,24,Low,37,Low,Fast-Track Approval — Routine Processing,1,0,47,STRONG,0
CLM-2024-01256,CUST-02248,Auto,17234.18,Approved,69,Medium,59,Medium,Standard Adjuster Review — Verify Supporting Documentation,65,19,49,DIVERGENT,0
CLM-2024-01257,CUST-04189,Auto,9460.32,Settled,34,Low,52,Low,Fast-Track Approval — Routine Processing,1,0,47,STRONG,0
CLM-2024-01258,CUST-08046,Auto,32819.01,Settled,47,Medium,71,Medium,Standard Adjuster Review — Verify Supporting Documentation,1,0,47,STRONG,0
CLM-2024-01259,CUST-00593,Auto,1358.01,Open,4,Low,4,Low,Fast-Track Approval — Routine Processing,3,0,47,STRONG,0
CLM-2024-01260,CUST-06709,Fire,45480.0,Settled,47,Medium,48,Medium,Standard Adjuster Review — Verify Supporting Documentation,44,9,46,DIVERGENT,0
CLM-2024-01261,CUST-07494,Auto,3622.27,Open,19,Low,29,Low,Fast-Track Approval — Routine Processing,1,0,47,STRONG,0
CLM-2024-01262,CUST-06382,Auto,1884.53,Settled,8,Low,11,Low,Fast-Track Approval — Routine Processing,2,0,47,STRONG,0
CLM-2024-01263,CUST-04662,Fire,150023.66,Settled,65,Medium,76,Medium,Standard Adjuster Review — Verify Supporting Documentation,44,9,46,DIVERGENT,0
CLM-2024-01264,CUST-06515,Fire,52080.01,Settled,42,Medium,41,Low,Standard Adjuster Review — Verify Supporting Documentation,44,9,46,DIVERGENT,0
CLM-2024-01265,CUST-03889,Auto,54000.0,Settled,54,Medium,82,Medium,Standard Adjuster Review — Verify Supporting Documentation,3,0,47,STRONG,0
CLM-2024-01266,CUST-05545,Fire,11054.38,Approved,22,Low,17,Low,Fast-Track Approval — Routine Processing,31,7,46,DIVERGENT,0
CLM-2024-01267,CUST-01089,Auto,2896.09,Settled,15,Low,23,Low,Fast-Track Approval — Routine Processing,1,0,47,STRONG,0
CLM-2024-01268,CUST-01031,Auto,32145.19,Settled,100,High,72,Medium,Priority Manual Investigation — Consider SIU Referral,86,37,51,DIVERGENT,0
CLM-2024-01269,CUST-06035,Auto,21241.58,Settled,41,Medium,63,Medium,Standard Adjuster Review — Verify Supporting Documentation,2,0,47,STRONG,0
CLM-2024-01270,CUST-09181,Auto,2480.34,Settled,13,Low,19,Low,Fast-Track Approval — Routine Processing,3,0,47,STRONG,0
CLM-2024-01271,CUST-01506,Fire,14196.34,Settled,28,Low,20,Low,Fast-Track Approval — Routine Processing,44,9,46,DIVERGENT,0
CLM-2024-01272,CUST-06957,Auto,2344.18,Settled,12,Low,17,Low,Fast-Track Approval — Routine Processing,3,0,47,STRONG,0
CLM-2024-01273,CUST-06684,Auto,39264.81,Settled,51,Medium,77,Medium,Standard Adjuster Review — Verify Supporting Documentation,3,0,47,STRONG,0
CLM-2024-01274,CUST-02046,Fire,61335.92,Open,46,Medium,47,Low,Standard Adjuster Review — Verify Supporting Documentation,44,9,46,DIVERGENT,0
CLM-2024-01275,CUST-06287,Auto,2965.72,Open,17,Low,24,Low,Fast-Track Approval — Routine Processing,3,0,47,STRONG,0
CLM-2024-01276,CUST-03053,Fire,67629.34,Approved,49,Medium,52,Low,Standard Adjuster Review — Verify Supporting Documentation,44,9,46,DIVERGENT,0
CLM-2024-01277,CUST-03407,Auto,4469.46,Approved,25,Low,35,Low,Fast-Track Approval — Routine Processing,6,0,47,STRONG,0
CLM-2024-01278,CUST-05668,Auto,3899.06,Settled,21,Low,31,Low,Fast-Track Approval — Routine Processing,3,0,47,STRONG,0
CLM-2024-01279,CUST-03319,Fire,12728.67,Approved,40,Medium,18,Low,Standard Adjuster Review — Verify Supporting Documentation,56,29,48,DIVERGENT,0
CLM-2024-01280,CUST-06928,Auto,1657.9,Approved,6,Low,8,Low,Fast-Track Approval — Routine Processing,3,0,47,STRONG,0
CLM-2024-01281,CUST-00106,Auto,21984.2,Approved,42,Medium,63,Medium,Standard Adjuster Review — Verify Supporting Documentation,3,0,47,STRONG,0
CLM-2024-01282,CUST-08233,Fire,10886.98,Settled,23,Low,18,Low,Fast-Track Approval — Routine Processing,31,7,46,DIVERGENT,0
CLM-2024-01283,CUST-01047,Auto,12734.47,Open,38,Low,55,Low,Fast-Track Approval — Routine Processing,7,0,47,STRONG,0
CLM-2024-01284,CUST-03325,Auto,1867.83,Settled,7,Low,10,Low,Fast-Track Approval — Routine Processing,2,0,47,STRONG,0
CLM-2024-01285,CUST-01810,Fire,7949.6,Open,20,Low,11,Low,Fast-Track Approval — Routine Processing,37,9,46,DIVERGENT,0
CLM-2024-01286,CUST-07471,Fire,172625.58,Under Investigation,67,Medium,80,Medium,Standard Adjuster Review — Verify Supporting Documentation,44,9,46,DIVERGENT,0
CLM-2024-01287,CUST-00975,Auto,4932.18,Settled,67,Medium,38,Low,Standard Adjuster Review — Verify Supporting Documentation,76,33,49,DIVERGENT,0
CLM-2024-01288,CUST-07130,Fire,148520.32,Settled,61,Medium,75,Medium,Standard Adjuster Review — Verify Supporting Documentation,35,9,47,DIVERGENT,0
CLM-2024-01289,CUST-07206,Fire,39345.67,Settled,45,Medium,36,Low,Standard Adjuster Review — Verify Supporting Documentation,63,22,46,DIVERGENT,0
CLM-2024-01290,CUST-01420,Auto,2267.93,Approved,15,Low,16,Low,Fast-Track Approval — Routine Processing,13,6,55,STRONG,0
CLM-2024-01291,CUST-04223,Fire,43872.38,Approved,70,High,40,Low,Priority Manual Investigation — Consider SIU Referral,94,78,55,DIVERGENT,0
CLM-2024-01292,CUST-07618,Caravan,7875.0,Open,87,High,86,High,Priority Manual Investigation — Consider SIU Referral,88,67,57,DIVERGENT,0
CLM-2024-01293,CUST-00227,Caravan,5168.28,Settled,35,Low,39,Medium,Fast-Track Approval — Routine Processing,28,6,51,DIVERGENT,0
CLM-2024-01294,CUST-09617,Auto,2092.4,Settled,9,Low,13,Low,Fast-Track Approval — Routine Processing,3,0,47,STRONG,0
CLM-2024-01295,CUST-01902,Auto,2320.41,Settled,11,Low,16,Low,Fast-Track Approval — Routine Processing,1,0,47,STRONG,0
CLM-2024-01296,CUST-02100,Auto,43092.05,Settled,50,Medium,76,Medium,Standard Adjuster Review — Verify Supporting Documentation,1,0,47,STRONG,0
CLM-2024-01297,CUST-01047,Auto,2951.27,Approved,19,Low,24,Low,Fast-Track Approval — Routine Processing,11,6,55,STRONG,0
CLM-2024-01298,CUST-05032,Auto,1965.05,Settled,8,Low,12,Low,Fast-Track Approval — Routine Processing,1,0,47,STRONG,0
CLM-2024-01299,CUST-01202,Auto,15975.48,Approved,44,Medium,59,Medium,Standard Adjuster Review — Verify Supporting Documentation,17,6,54,STRONG,0
CLM-2024-01300,CUST-08542,Fire,3561.42,Settled,17,Low,2,Low,Fast-Track Approval — Routine Processing,44,9,46,DIVERGENT,0
CLM-2024-01301,CUST-07364,Fire,17812.1,Settled,27,Low,25,Low,Fast-Track Approval — Routine Processing,31,7,46,DIVERGENT,0
CLM-2024-01302,CUST-09127,Auto,20837.34,Open,90,High,62,Medium,Priority Manual Investigation — Consider SIU Referral,83,37,50,DIVERGENT,0
CLM-2024-01303,CUST-01132,Auto,3556.76,Settled,24,Low,29,Low,Fast-Track Approval — Routine Processing,15,7,47,STRONG,0
CLM-2024-01304,CUST-03366,Auto,32505.38,Settled,47,Medium,71,Medium,Standard Adjuster Review — Verify Supporting Documentation,3,0,47,STRONG,0
CLM-2024-01305,CUST-01142,Boat,3258.77,Settled,18,Low,7,Low,Fast-Track Approval — Routine Processing,40,13,50,DIVERGENT,0
CLM-2024-01306,CUST-05173,Auto,4781.59,Settled,25,Low,37,Low,Fast-Track Approval — Routine Processing,3,0,47,STRONG,0
CLM-2024-01307,CUST-05747,Auto,49062.1,Settled,54,Medium,79,Medium,Standard Adjuster Review — Verify Supporting Documentation,8,0,47,STRONG,0
CLM-2024-01308,CUST-06734,Fire,6148.07,Settled,17,Low,8,Low,Fast-Track Approval — Routine Processing,35,9,47,DIVERGENT,0
CLM-2024-01309,CUST-02036,Caravan,3420.35,Approved,22,Low,20,Low,Fast-Track Approval — Routine Processing,26,6,50,DIVERGENT,0
CLM-2024-01310,CUST-06918,Auto,1795.62,Settled,9,Low,10,Low,Fast-Track Approval — Routine Processing,8,0,47,STRONG,0
CLM-2024-01311,CUST-05321,Fire,45933.24,Settled,41,Medium,39,Low,Standard Adjuster Review — Verify Supporting Documentation,44,9,46,DIVERGENT,0
CLM-2024-01312,CUST-05788,Auto,15997.74,Settled,40,Medium,58,Medium,Standard Adjuster Review — Verify Supporting Documentation,6,0,47,STRONG,0
CLM-2024-01313,CUST-01270,Fire,65455.82,Settled,43,Medium,49,Low,Standard Adjuster Review — Verify Supporting Documentation,31,7,46,DIVERGENT,0
CLM-2024-01314,CUST-00377,Auto,1794.63,Approved,9,Low,10,Low,Fast-Track Approval — Routine Processing,8,0,47,STRONG,0
CLM-2024-01315,CUST-05137,Auto,4210.0,Settled,23,Low,34,Low,Fast-Track Approval — Routine Processing,2,0,47,STRONG,0
CLM-2024-01316,CUST-08682,Auto,20861.16,Under Investigation,41,Medium,63,Medium,Standard Adjuster Review — Verify Supporting Documentation,1,0,47,STRONG,0
CLM-2024-01317,CUST-08540,Caravan,7875.0,Approved,81,High,86,High,Priority Manual Investigation — Consider SIU Referral,71,35,50,DIVERGENT,0
CLM-2024-01318,CUST-02663,Auto,3846.67,Settled,21,Low,31,Low,Fast-Track Approval — Routine Processing,1,0,47,STRONG,0
CLM-2024-01319,CUST-08827,Auto,2060.2,Settled,10,Low,13,Low,Fast-Track Approval — Routine Processing,6,0,47,STRONG,0
CLM-2024-01320,CUST-01126,Auto,1347.41,Settled,3,Low,3,Low,Fast-Track Approval — Routine Processing,3,0,47,STRONG,0
CLM-2024-01321,CUST-07190,Auto,99055.93,Under Investigation,94,High,98,High,Priority Manual Investigation — Consider SIU Referral,67,19,48,DIVERGENT,1
CLM-2024-01322,CUST-01060,Fire,78063.05,Under Investigation,49,Medium,52,Low,Standard Adjuster Review — Verify Supporting Documentation,44,9,46,DIVERGENT,1
CLM-2024-01323,CUST-09545,Fire,283871.72,Under Investigation,94,High,93,High,Priority Manual Investigation — Consider SIU Referral,96,70,55,DIVERGENT,1
CLM-2024-01324,CUST-07640,Fire,172286.44,Under Investigation,100,High,85,Medium,Priority Manual Investigation — Consider SIU Referral,99,100,57,STRONG,1
CLM-2024-01325,CUST-02506,Fire,306370.76,Under Investigation,73,High,96,High,Priority Manual Investigation — Consider SIU Referral,31,7,46,DIVERGENT,1
CLM-2024-01326,CUST-02594,Boat,96000.0,Under Investigation,73,High,74,High,Priority Manual Investigation — Consider SIU Referral,70,33,50,DIVERGENT,1
CLM-2024-01327,CUST-03704,Boat,40000.0,Under Investigation,60,Medium,54,High,Standard Adjuster Review — Verify Supporting Documentation,70,33,50,DIVERGENT,1
CLM-2024-01328,CUST-00090,Fire,108450.05,Under Investigation,100,High,76,Medium,Priority Manual Investigation — Consider SIU Referral,99,100,57,STRONG,1
CLM-2024-01329,CUST-04427,Fire,78318.84,Under Investigation,50,Medium,54,Low,Standard Adjuster Review — Verify Supporting Documentation,44,9,46,DIVERGENT,1
CLM-2024-01330,CUST-02271,Boat,64000.0,Under Investigation,66,Medium,64,High,Standard Adjuster Review — Verify Supporting Documentation,70,33,50,DIVERGENT,1
CLM-2024-01331,CUST-04382,Fire,250626.22,Under Investigation,71,High,90,High,Priority Manual Investigation — Consider SIU Referral,37,9,46,DIVERGENT,1
CLM-2024-01332,CUST-05059,Caravan,7000.0,Under Investigation,70,High,52,Medium,Priority Manual Investigation — Consider SIU Referral,98,100,56,STRONG,1
CLM-2024-01333,CUST-01750,Auto,71707.92,Under Investigation,100,High,88,Medium,Priority Manual Investigation — Consider SIU Referral,81,35,50,DIVERGENT,1
CLM-2024-01334,CUST-03972,Fire,186690.68,Under Investigation,100,High,88,High,Priority Manual Investigation — Consider SIU Referral,99,100,57,STRONG,1
CLM-2024-01335,CUST-09438,Fire,80432.05,Under Investigation,58,Medium,55,Low,Standard Adjuster Review — Verify Supporting Documentation,63,22,47,DIVERGENT,1
CLM-2024-01336,CUST-05334,Fire,104397.01,Under Investigation,64,Medium,65,Medium,Standard Adjuster Review — Verify Supporting Documentation,63,22,47,DIVERGENT,1
CLM-2024-01337,CUST-07321,Caravan,7000.0,Under Investigation,70,High,52,Medium,Priority Manual Investigation — Consider SIU Referral,98,100,56,STRONG,1
CLM-2024-01338,CUST-00207,Boat,128000.0,Under Investigation,90,High,100,High,Priority Manual Investigation — Consider SIU Referral,70,33,50,DIVERGENT,1
CLM-2024-01339,CUST-05175,Fire,73307.34,Under Investigation,61,Medium,52,Low,Standard Adjuster Review — Verify Supporting Documentation,69,32,47,DIVERGENT,1
CLM-2024-01340,CUST-03820,Fire,85339.3,Under Investigation,58,Medium,55,Low,Standard Adjuster Review — Verify Supporting Documentation,63,22,46,DIVERGENT,1
CLM-2024-01341,CUST-08763,Auto,50815.43,Under Investigation,74,High,82,Medium,Priority Manual Investigation — Consider SIU Referral,57,17,48,DIVERGENT,1
CLM-2024-01342,CUST-06755,Fire,50000.0,Under Investigation,60,Medium,51,Medium,Standard Adjuster Review — Verify Supporting Documentation,69,32,47,DIVERGENT,1
CLM-2024-01343,CUST-07161,Fire,249288.43,Under Investigation,71,High,90,High,Priority Manual Investigation — Consider SIU Referral,37,9,46,DIVERGENT,1
CLM-2024-01344,CUST-08838,Auto,87904.5,Under Investigation,100,High,94,High,Priority Manual Investigation — Consider SIU Referral,86,37,50,DIVERGENT,1
CLM-2024-01345,CUST-07021,Fire,170786.47,Under Investigation,88,High,84,Medium,Priority Manual Investigation — Consider SIU Referral,96,70,55,DIVERGENT,1
CLM-2024-01346,CUST-02954,Boat,128000.0,Under Investigation,90,High,100,High,Priority Manual Investigation — Consider SIU Referral,71,35,50,DIVERGENT,1
CLM-2024-01347,CUST-08431,Fire,319165.75,Under Investigation,76,High,97,High,Priority Manual Investigation — Consider SIU Referral,37,9,46,DIVERGENT,1
CLM-2024-01348,CUST-04620,Fire,97968.72,Under Investigation,56,Medium,63,Medium,Standard Adjuster Review — Verify Supporting Documentation,44,9,46,DIVERGENT,1
CLM-2024-01349,CUST-08685,Boat,128000.0,Under Investigation,90,High,100,High,Priority Manual Investigation — Consider SIU Referral,71,35,50,DIVERGENT,1
CLM-2024-01350,CUST-06114,Fire,330904.25,Under Investigation,75,High,98,High,Priority Manual Investigation — Consider SIU Referral,31,7,46,DIVERGENT,1
CLM-2024-01351,CUST-08508,Fire,80000.0,Under Investigation,56,Medium,62,Medium,Standard Adjuster Review — Verify Supporting Documentation,44,9,46,DIVERGENT,1
CLM-2024-01352,CUST-07056,Fire,83187.3,Under Investigation,57,Medium,56,Low,Standard Adjuster Review — Verify Supporting Documentation,60,20,46,DIVERGENT,1
CLM-2024-01353,CUST-06859,Fire,118888.05,Under Investigation,85,High,79,Medium,Priority Manual Investigation — Consider SIU Referral,96,70,55,DIVERGENT,1
CLM-2024-01354,CUST-06218,Fire,221656.2,Under Investigation,100,High,86,High,Priority Manual Investigation — Consider SIU Referral,99,100,56,STRONG,1
CLM-2024-01355,CUST-07714,Auto,77472.41,Under Investigation,100,High,95,High,Priority Manual Investigation — Consider SIU Referral,76,33,49,DIVERGENT,1
CLM-2024-01356,CUST-07240,Fire,100699.23,Under Investigation,63,Medium,64,Medium,Standard Adjuster Review — Verify Supporting Documentation,60,20,46,DIVERGENT,1
CLM-2024-01357,CUST-05480,Auto,120000.0,Under Investigation,99,High,100,High,Priority Manual Investigation — Consider SIU Referral,98,100,53,STRONG,1
CLM-2024-01358,CUST-07679,Fire,400000.0,Under Investigation,99,High,100,High,Priority Manual Investigation — Consider SIU Referral,99,94,54,STRONG,1
CLM-2024-01359,CUST-00809,Fire,107162.41,Under Investigation,74,High,69,Medium,Priority Manual Investigation — Consider SIU Referral,66,29,48,DIVERGENT,1
CLM-2024-01360,CUST-05610,Fire,92849.08,Under Investigation,63,Medium,61,Medium,Standard Adjuster Review — Verify Supporting Documentation,66,22,47,DIVERGENT,1
CLM-2024-01361,CUST-06061,Auto,72857.41,Under Investigation,97,High,88,High,Priority Manual Investigation — Consider SIU Referral,76,33,49,DIVERGENT,1
CLM-2024-01362,CUST-02271,Boat,64000.0,Under Investigation,66,Medium,64,High,Standard Adjuster Review — Verify Supporting Documentation,70,33,50,DIVERGENT,1
CLM-2024-01363,CUST-00125,Auto,24345.21,Under Investigation,76,High,64,Medium,Priority Manual Investigation — Consider SIU Referral,99,100,54,STRONG,1
CLM-2024-01364,CUST-04635,Boat,128000.0,Under Investigation,89,High,100,High,Priority Manual Investigation — Consider SIU Referral,69,29,50,DIVERGENT,1
CLM-2024-01365,CUST-02251,Auto,21718.2,Under Investigation,75,High,63,Medium,Priority Manual Investigation — Consider SIU Referral,98,100,53,STRONG,1
CLM-2024-01366,CUST-07228,Fire,95457.18,Under Investigation,64,Medium,65,Medium,Standard Adjuster Review — Verify Supporting Documentation,63,22,46,DIVERGENT,1
CLM-2024-01367,CUST-09750,Fire,157201.92,Under Investigation,86,High,82,Medium,Priority Manual Investigation — Consider SIU Referral,95,70,55,DIVERGENT,1
CLM-2024-01368,CUST-01759,Auto,89567.6,Under Investigation,96,High,95,High,Priority Manual Investigation — Consider SIU Referral,97,92,54,STRONG,1
CLM-2024-01369,CUST-09326,Boat,128000.0,Under Investigation,89,High,100,High,Priority Manual Investigation — Consider SIU Referral,70,33,50,DIVERGENT,1
CLM-2024-01370,CUST-08729,Auto,120000.0,Under Investigation,99,High,100,High,Priority Manual Investigation — Consider SIU Referral,97,92,54,STRONG,1
CLM-2024-01371,CUST-01879,Fire,103217.25,Under Investigation,71,High,63,Medium,Priority Manual Investigation — Consider SIU Referral,63,30,48,DIVERGENT,1
CLM-2024-01372,CUST-05382,Fire,75580.69,Under Investigation,51,Medium,55,Medium,Standard Adjuster Review — Verify Supporting Documentation,44,9,46,DIVERGENT,1
CLM-2024-01373,CUST-08284,Fire,97070.67,Under Investigation,58,Medium,65,Medium,Standard Adjuster Review — Verify Supporting Documentation,44,9,46,DIVERGENT,1
CLM-2024-01374,CUST-02784,Auto,97460.11,Under Investigation,87,High,98,High,Priority Manual Investigation — Consider SIU Referral,60,17,48,DIVERGENT,1
CLM-2024-01375,CUST-06061,Auto,26781.93,Under Investigation,77,High,66,Medium,Priority Manual Investigation — Consider SIU Referral,98,100,53,STRONG,1
CLM-2024-01376,CUST-04126,Fire,97107.72,Under Investigation,56,Medium,63,Medium,Standard Adjuster Review — Verify Supporting Documentation,44,9,46,DIVERGENT,1
CLM-2024-01377,CUST-06551,Auto,100352.07,Under Investigation,91,High,99,High,Priority Manual Investigation — Consider SIU Referral,62,19,48,DIVERGENT,1
CLM-2024-01378,CUST-02594,Boat,96000.0,Under Investigation,73,High,74,High,Priority Manual Investigation — Consider SIU Referral,71,35,50,DIVERGENT,1
CLM-2024-01379,CUST-02509,Fire,71760.07,Under Investigation,44,Medium,51,Low,Standard Adjuster Review — Verify Supporting Documentation,31,7,46,DIVERGENT,1
CLM-2024-01380,CUST-08376,Fire,104008.33,Under Investigation,60,Medium,74,Medium,Standard Adjuster Review — Verify Supporting Documentation,35,9,47,DIVERGENT,1
CLM-2024-01381,CUST-00733,Auto,26250.59,Under Investigation,77,High,66,Medium,Priority Manual Investigation — Consider SIU Referral,98,100,54,STRONG,1
CLM-2024-01382,CUST-03367,Fire,96563.97,Under Investigation,64,Medium,65,Medium,Standard Adjuster Review — Verify Supporting Documentation,61,22,47,DIVERGENT,1
CLM-2024-01383,CUST-05762,Fire,241653.12,Under Investigation,75,High,96,High,Priority Manual Investigation — Consider SIU Referral,35,9,47,DIVERGENT,1
CLM-2024-01384,CUST-01807,Fire,84220.09,Under Investigation,52,Medium,56,Low,Standard Adjuster Review — Verify Supporting Documentation,44,9,46,DIVERGENT,1
CLM-2024-01385,CUST-03725,Fire,200000.0,Under Investigation,97,High,96,High,Priority Manual Investigation — Consider SIU Referral,99,92,54,STRONG,1
CLM-2024-01386,CUST-09291,Fire,400000.0,Under Investigation,99,High,100,High,Priority Manual Investigation — Consider SIU Referral,98,92,55,STRONG,1
CLM-2024-01387,CUST-00207,Boat,128000.0,Under Investigation,90,High,100,High,Priority Manual Investigation — Consider SIU Referral,71,35,50,DIVERGENT,1
CLM-2024-01388,CUST-01976,Fire,69254.62,Under Investigation,62,Medium,52,Low,Standard Adjuster Review — Verify Supporting Documentation,69,29,48,DIVERGENT,1
CLM-2024-01389,CUST-01687,Fire,89722.6,Under Investigation,60,Medium,58,Low,Standard Adjuster Review — Verify Supporting Documentation,63,22,46,DIVERGENT,1
CLM-2024-01390,CUST-00365,Auto,95724.01,Under Investigation,100,High,97,High,Priority Manual Investigation — Consider SIU Referral,86,37,51,DIVERGENT,1
CLM-2024-01391,CUST-09044,Fire,102090.25,Under Investigation,57,Medium,64,Medium,Standard Adjuster Review — Verify Supporting Documentation,44,9,46,DIVERGENT,1
CLM-2024-01392,CUST-08835,Auto,76303.02,Under Investigation,100,High,90,High,Priority Manual Investigation — Consider SIU Referral,86,37,51,DIVERGENT,1
CLM-2024-01393,CUST-02600,Fire,68032.79,Under Investigation,49,Medium,52,Low,Standard Adjuster Review — Verify Supporting Documentation,44,9,46,DIVERGENT,1
CLM-2024-01394,CUST-05017,Auto,20057.72,Under Investigation,74,High,61,Medium,Priority Manual Investigation — Consider SIU Referral,99,100,54,STRONG,1
CLM-2024-01395,CUST-07449,Fire,107365.77,Under Investigation,57,Medium,64,Medium,Standard Adjuster Review — Verify Supporting Documentation,44,9,46,DIVERGENT,1
CLM-2024-01396,CUST-04150,Auto,70121.06,Under Investigation,100,High,87,Medium,Priority Manual Investigation — Consider SIU Referral,83,37,50,DIVERGENT,1
CLM-2024-01397,CUST-07622,Fire,218486.55,Under Investigation,92,High,86,Medium,Priority Manual Investigation — Consider SIU Referral,99,100,55,STRONG,1
CLM-2024-01398,CUST-04753,Auto,58548.87,Under Investigation,90,High,87,Medium,Priority Manual Investigation — Consider SIU Referral,97,92,54,STRONG,1
CLM-2024-01399,CUST-01301,Fire,228971.63,Under Investigation,90,High,87,High,Priority Manual Investigation — Consider SIU Referral,96,70,55,DIVERGENT,1
CLM-2024-01400,CUST-04111,Auto,22157.98,Under Investigation,75,High,62,Medium,Priority Manual Investigation — Consider SIU Referral,98,100,53,STRONG,1
CLM-2024-01401,CUST-02619,Fire,243315.92,Under Investigation,71,High,89,High,Priority Manual Investigation — Consider SIU Referral,37,9,46,DIVERGENT,1
CLM-2024-01402,CUST-05792,Auto,24827.4,Under Investigation,77,High,65,Medium,Priority Manual Investigation — Consider SIU Referral,99,100,54,STRONG,1
CLM-2024-01403,CUST-04518,Auto,87759.29,Under Investigation,82,High,94,High,Priority Manual Investigation — Consider SIU Referral,57,17,48,DIVERGENT,1
CLM-2024-01404,CUST-05236,Fire,75076.19,Under Investigation,58,Medium,55,Medium,Standard Adjuster Review — Verify Supporting Documentation,63,22,46,DIVERGENT,1
CLM-2024-01405,CUST-09293,Fire,67330.76,Under Investigation,43,Medium,50,Low,Standard Adjuster Review — Verify Supporting Documentation,31,7,46,DIVERGENT,1
CLM-2024-01406,CUST-01504,Fire,400000.0,Under Investigation,100,High,100,High,Priority Manual Investigation — Consider SIU Referral,99,92,54,STRONG,1
CLM-2024-01407,CUST-03253,Auto,26145.89,Under Investigation,77,High,66,Medium,Priority Manual Investigation — Consider SIU Referral,99,100,54,STRONG,1
CLM-2024-01408,CUST-03980,Fire,107757.53,Under Investigation,61,Medium,70,Medium,Standard Adjuster Review — Verify Supporting Documentation,44,9,46,DIVERGENT,1
CLM-2024-01409,CUST-02783,Fire,103574.83,Under Investigation,67,Medium,68,Medium,Standard Adjuster Review — Verify Supporting Documentation,64,22,47,DIVERGENT,1
CLM-2024-01410,CUST-07740,Fire,83108.81,Under Investigation,59,Medium,56,Low,Standard Adjuster Review — Verify Supporting Documentation,64,22,47,DIVERGENT,1
CLM-2024-01411,CUST-00633,Fire,87960.69,Under Investigation,53,Medium,58,Low,Standard Adjuster Review — Verify Supporting Documentation,44,9,46,DIVERGENT,1
CLM-2024-01412,CUST-00241,Fire,75631.78,Under Investigation,57,Medium,53,Low,Standard Adjuster Review — Verify Supporting Documentation,64,22,47,DIVERGENT,1
CLM-2024-01413,CUST-02271,Boat,64000.0,Under Investigation,66,Medium,64,High,Standard Adjuster Review — Verify Supporting Documentation,71,35,50,DIVERGENT,1
CLM-2024-01414,CUST-06093,Auto,30330.71,Under Investigation,79,High,69,Medium,Priority Manual Investigation — Consider SIU Referral,98,100,54,STRONG,1
CLM-2024-01415,CUST-03612,Auto,31181.17,Under Investigation,79,High,69,Medium,Priority Manual Investigation — Consider SIU Referral,98,100,53,STRONG,1
CLM-2024-01416,CUST-04271,Fire,80000.0,Under Investigation,56,Medium,62,Medium,Standard Adjuster Review — Verify Supporting Documentation,44,9,46,DIVERGENT,1
CLM-2024-01417,CUST-04155,Auto,30756.0,Under Investigation,79,High,69,Medium,Priority Manual Investigation — Consider SIU Referral,97,92,54,STRONG,1
CLM-2024-01418,CUST-07217,Fire,93316.84,Under Investigation,63,Medium,64,Medium,Standard Adjuster Review — Verify Supporting Documentation,60,20,46,DIVERGENT,1
CLM-2024-01419,CUST-07920,Auto,74522.62,Under Investigation,79,High,89,High,Priority Manual Investigation — Consider SIU Referral,57,17,48,DIVERGENT,1
CLM-2024-01420,CUST-06814,Fire,50000.0,Under Investigation,48,Medium,51,Medium,Standard Adjuster Review — Verify Supporting Documentation,44,9,46,DIVERGENT,1
CLM-2024-01421,CUST-01775,Fire,72578.32,Under Investigation,47,Medium,49,Low,Standard Adjuster Review — Verify Supporting Documentation,44,9,46,DIVERGENT,1
CLM-2024-01422,CUST-00313,Fire,400000.0,Under Investigation,100,High,100,High,Priority Manual Investigation — Consider SIU Referral,99,92,54,STRONG,1
CLM-2024-01423,CUST-03073,Fire,82599.42,Under Investigation,59,Medium,56,Low,Standard Adjuster Review — Verify Supporting Documentation,64,22,47,DIVERGENT,1
CLM-2024-01424,CUST-02453,Boat,96000.0,Under Investigation,73,High,74,High,Priority Manual Investigation — Consider SIU Referral,71,35,50,DIVERGENT,1
CLM-2024-01425,CUST-04778,Fire,80911.7,Under Investigation,53,Medium,58,Medium,Standard Adjuster Review — Verify Supporting Documentation,44,9,46,DIVERGENT,1
CLM-2024-01426,CUST-05620,Boat,64000.0,Under Investigation,66,Medium,64,High,Standard Adjuster Review — Verify Supporting Documentation,71,35,50,DIVERGENT,1
CLM-2024-01427,CUST-00802,Fire,225484.41,Under Investigation,73,High,93,High,Priority Manual Investigation — Consider SIU Referral,37,9,46,DIVERGENT,1
CLM-2024-01428,CUST-03444,Fire,105456.85,Under Investigation,58,Medium,66,Medium,Standard Adjuster Review — Verify Supporting Documentation,44,9,46,DIVERGENT,1
CLM-2024-01429,CUST-03704,Boat,40000.0,Under Investigation,59,Medium,54,High,Standard Adjuster Review — Verify Supporting Documentation,69,29,50,DIVERGENT,1
CLM-2024-01430,CUST-08044,Auto,19912.54,Under Investigation,74,High,61,Medium,Priority Manual Investigation — Consider SIU Referral,99,100,54,STRONG,1
CLM-2024-01431,CUST-03409,Auto,27726.72,Under Investigation,79,High,69,Medium,Priority Manual Investigation — Consider SIU Referral,98,100,54,STRONG,1
CLM-2024-01432,CUST-07870,Boat,40000.0,Under Investigation,60,Medium,54,High,Standard Adjuster Review — Verify Supporting Documentation,70,33,50,DIVERGENT,1
CLM-2024-01433,CUST-08363,Fire,309809.32,Under Investigation,75,High,96,High,Priority Manual Investigation — Consider SIU Referral,35,9,47,DIVERGENT,1
CLM-2024-01434,CUST-04015,Auto,87751.16,Under Investigation,100,High,94,High,Priority Manual Investigation — Consider SIU Referral,76,33,49,DIVERGENT,1
CLM-2024-01435,CUST-07870,Boat,40000.0,Under Investigation,60,Medium,54,High,Standard Adjuster Review — Verify Supporting Documentation,70,33,50,DIVERGENT,1
CLM-2024-01436,CUST-06463,Fire,251796.68,Under Investigation,71,High,90,High,Priority Manual Investigation — Consider SIU Referral,37,9,46,DIVERGENT,1
CLM-2024-01437,CUST-02600,Auto,27337.15,Under Investigation,78,High,67,Medium,Priority Manual Investigation — Consider SIU Referral,99,100,54,STRONG,1
CLM-2024-01438,CUST-05987,Fire,90171.08,Under Investigation,50,Medium,60,Low,Standard Adjuster Review — Verify Supporting Documentation,31,7,46,DIVERGENT,1
CLM-2024-01439,CUST-02320,Fire,98258.76,Under Investigation,65,Medium,66,Medium,Standard Adjuster Review — Verify Supporting Documentation,63,22,47,DIVERGENT,1
CLM-2024-01440,CUST-00298,Fire,73495.37,Under Investigation,56,Medium,52,Low,Standard Adjuster Review — Verify Supporting Documentation,64,22,47,DIVERGENT,1
CLM-2024-01441,CUST-03893,Fire,107207.54,Under Investigation,58,Medium,66,Medium,Standard Adjuster Review — Verify Supporting Documentation,44,9,46,DIVERGENT,1
CLM-2024-01442,CUST-04501,Auto,76231.47,Under Investigation,89,High,90,High,Priority Manual Investigation — Consider SIU Referral,67,19,48,DIVERGENT,1
CLM-2024-01443,CUST-05227,Fire,77602.75,Under Investigation,50,Medium,54,Low,Standard Adjuster Review — Verify Supporting Documentation,44,9,46,DIVERGENT,1
CLM-2024-01444,CUST-01838,Fire,104930.58,Under Investigation,60,Medium,68,Medium,Standard Adjuster Review — Verify Supporting Documentation,44,9,46,DIVERGENT,1
CLM-2024-01445,CUST-00629,Fire,94234.97,Under Investigation,63,Medium,64,Medium,Standard Adjuster Review — Verify Supporting Documentation,60,20,46,DIVERGENT,1
CLM-2024-01446,CUST-04361,Fire,279069.95,Under Investigation,94,High,93,High,Priority Manual Investigation — Consider SIU Referral,95,70,55,DIVERGENT,1
CLM-2024-01447,CUST-09374,Fire,91250.18,Under Investigation,65,Medium,58,Low,Standard Adjuster Review — Verify Supporting Documentation,69,32,47,DIVERGENT,1
CLM-2024-01448,CUST-01535,Fire,400000.0,Under Investigation,99,High,100,High,Priority Manual Investigation — Consider SIU Referral,98,77,54,DIVERGENT,1
CLM-2024-01449,CUST-01131,Fire,76692.34,Under Investigation,58,Medium,53,Low,Standard Adjuster Review — Verify Supporting Documentation,66,22,47,DIVERGENT,1
CLM-2024-01450,CUST-07037,Caravan,7000.0,Under Investigation,70,High,52,Medium,Priority Manual Investigation — Consider SIU Referral,99,100,56,STRONG,1
CLM-2024-01451,CUST-02424,Boat,128000.0,Under Investigation,90,High,100,High,Priority Manual Investigation — Consider SIU Referral,71,35,50,DIVERGENT,1
CLM-2024-01452,CUST-00602,Fire,313305.0,Under Investigation,97,High,97,High,Priority Manual Investigation — Consider SIU Referral,96,70,55,DIVERGENT,1
CLM-2024-01453,CUST-09080,Fire,74826.06,Under Investigation,61,Medium,59,Medium,Standard Adjuster Review — Verify Supporting Documentation,64,22,47,DIVERGENT,1
CLM-2024-01454,CUST-00272,Fire,231779.58,Under Investigation,91,High,88,High,Priority Manual Investigation — Consider SIU Referral,96,70,55,DIVERGENT,1
CLM-2024-01455,CUST-01758,Fire,97138.96,Under Investigation,87,High,82,High,Priority Manual Investigation — Consider SIU Referral,96,70,55,DIVERGENT,1
CLM-2024-01456,CUST-09274,Fire,91366.63,Under Investigation,65,Medium,60,Low,Standard Adjuster Review — Verify Supporting Documentation,67,32,47,DIVERGENT,1
CLM-2024-01457,CUST-03608,Fire,80000.0,Under Investigation,62,Medium,62,Medium,Standard Adjuster Review — Verify Supporting Documentation,63,22,46,DIVERGENT,1
CLM-2024-01458,CUST-00594,Fire,186576.72,Under Investigation,91,High,88,High,Priority Manual Investigation — Consider SIU Referral,96,70,55,DIVERGENT,1
CLM-2024-01459,CUST-04488,Auto,31490.62,Under Investigation,80,High,70,Medium,Priority Manual Investigation — Consider SIU Referral,99,100,54,STRONG,1
CLM-2024-01460,CUST-04359,Fire,71567.63,Under Investigation,55,Medium,65,Medium,Standard Adjuster Review — Verify Supporting Documentation,37,9,46,DIVERGENT,1
CLM-2024-01461,CUST-08241,Fire,98353.47,Under Investigation,70,High,63,Medium,Priority Manual Investigation — Consider SIU Referral,56,29,48,DIVERGENT,1
CLM-2024-01462,CUST-06524,Fire,92127.08,Under Investigation,63,Medium,61,Medium,Standard Adjuster Review — Verify Supporting Documentation,66,22,47,DIVERGENT,1
CLM-2024-01463,CUST-03951,Boat,38400.0,Under Investigation,70,High,30,Medium,Priority Manual Investigation — Consider SIU Referral,98,100,56,STRONG,1
CLM-2024-01464,CUST-02835,Auto,120000.0,Under Investigation,99,High,100,High,Priority Manual Investigation — Consider SIU Referral,98,100,53,STRONG,1
CLM-2024-01465,CUST-08816,Auto,20593.47,Under Investigation,76,High,63,Medium,Priority Manual Investigation — Consider SIU Referral,99,100,54,STRONG,1
CLM-2024-01466,CUST-04222,Auto,29236.35,Under Investigation,79,High,68,Medium,Priority Manual Investigation — Consider SIU Referral,98,100,54,STRONG,1
CLM-2024-01467,CUST-02886,Fire,80000.0,Under Investigation,56,Medium,62,Medium,Standard Adjuster Review — Verify Supporting Documentation,44,9,46,DIVERGENT,1
CLM-2024-01468,CUST-04635,Auto,72815.71,Under Investigation,87,High,92,High,Priority Manual Investigation — Consider SIU Referral,62,19,48,DIVERGENT,1
CLM-2024-01469,CUST-02189,Boat,128000.0,Under Investigation,90,High,100,High,Priority Manual Investigation — Consider SIU Referral,71,35,50,DIVERGENT,1
CLM-2024-01470,CUST-01466,Fire,369123.93,Under Investigation,95,High,95,High,Priority Manual Investigation — Consider SIU Referral,96,70,55,DIVERGENT,1
CLM-2024-01471,CUST-02873,Auto,90613.22,Under Investigation,100,High,96,High,Priority Manual Investigation — Consider SIU Referral,86,37,52,DIVERGENT,1
CLM-2024-01472,CUST-00783,Auto,83949.59,Under Investigation,85,High,98,High,Priority Manual Investigation — Consider SIU Referral,57,17,48,DIVERGENT,1
CLM-2024-01473,CUST-03096,Fire,74555.9,Under Investigation,62,Medium,52,Low,Standard Adjuster Review — Verify Supporting Documentation,69,29,48,DIVERGENT,1
CLM-2024-01474,CUST-02045,Fire,322459.51,Under Investigation,93,High,92,High,Priority Manual Investigation — Consider SIU Referral,96,70,55,DIVERGENT,1
CLM-2024-01475,CUST-02594,Boat,96000.0,Under Investigation,72,High,74,High,Priority Manual Investigation — Consider SIU Referral,69,29,50,DIVERGENT,1
CLM-2024-01476,CUST-02956,Boat,128000.0,Under Investigation,89,High,100,High,Priority Manual Investigation — Consider SIU Referral,70,33,50,DIVERGENT,1
CLM-2024-01477,CUST-06612,Boat,128000.0,Under Investigation,89,High,100,High,Priority Manual Investigation — Consider SIU Referral,69,29,50,DIVERGENT,1
CLM-2024-01478,CUST-01112,Fire,137365.44,Under Investigation,89,High,86,High,Priority Manual Investigation — Consider SIU Referral,95,70,55,DIVERGENT,1
CLM-2024-01479,CUST-02531,Fire,80000.0,Under Investigation,62,Medium,62,Medium,Standard Adjuster Review — Verify Supporting Documentation,63,22,46,DIVERGENT,1
CLM-2024-01480,CUST-02798,Boat,128000.0,Under Investigation,90,High,100,High,Priority Manual Investigation — Consider SIU Referral,71,35,50,DIVERGENT,1
CLM-2024-01481,CUST-02271,Boat,64000.0,Under Investigation,66,Medium,64,High,Standard Adjuster Review — Verify Supporting Documentation,70,33,50,DIVERGENT,1
CLM-2024-01482,CUST-09249,Auto,81346.73,Under Investigation,94,High,92,High,Priority Manual Investigation — Consider SIU Referral,99,100,59,STRONG,1
CLM-2024-01483,CUST-07173,Fire,78525.65,Under Investigation,46,Medium,54,Low,Standard Adjuster Review — Verify Supporting Documentation,31,7,46,DIVERGENT,1
CLM-2024-01484,CUST-03263,Fire,104592.14,Under Investigation,82,High,74,Medium,Priority Manual Investigation — Consider SIU Referral,96,70,55,DIVERGENT,1
CLM-2024-01485,CUST-08519,Auto,120000.0,Under Investigation,99,High,100,High,Priority Manual Investigation — Consider SIU Referral,98,100,53,STRONG,1
CLM-2024-01486,CUST-02189,Boat,128000.0,Under Investigation,90,High,100,High,Priority Manual Investigation — Consider SIU Referral,70,33,50,DIVERGENT,1
CLM-2024-01487,CUST-02057,Fire,105440.93,Under Investigation,63,Medium,64,Medium,Standard Adjuster Review — Verify Supporting Documentation,60,20,46,DIVERGENT,1
CLM-2024-01488,CUST-02198,Fire,98324.21,Under Investigation,53,Medium,62,Medium,Standard Adjuster Review — Verify Supporting Documentation,37,9,46,DIVERGENT,1
CLM-2024-01489,CUST-02470,Fire,300000.0,Under Investigation,99,High,99,High,Priority Manual Investigation — Consider SIU Referral,99,94,54,STRONG,1
CLM-2024-01490,CUST-04679,Auto,80583.49,Under Investigation,100,High,91,High,Priority Manual Investigation — Consider SIU Referral,83,37,50,DIVERGENT,1
CLM-2024-01491,CUST-02367,Auto,100902.69,Under Investigation,100,High,99,High,Priority Manual Investigation — Consider SIU Referral,86,37,51,DIVERGENT,1
CLM-2024-01492,CUST-08967,Auto,31265.6,Under Investigation,80,High,71,Medium,Priority Manual Investigation — Consider SIU Referral,98,100,53,STRONG,1
CLM-2024-01493,CUST-07201,Auto,27609.17,Under Investigation,79,High,69,Medium,Priority Manual Investigation — Consider SIU Referral,98,100,54,STRONG,1
CLM-2024-01494,CUST-01750,Fire,292282.71,Under Investigation,95,High,94,High,Priority Manual Investigation — Consider SIU Referral,96,70,55,DIVERGENT,1
CLM-2024-01495,CUST-03390,Fire,228013.66,Under Investigation,100,High,87,High,Priority Manual Investigation — Consider SIU Referral,99,100,58,STRONG,1
CLM-2024-01496,CUST-06974,Fire,76946.01,Under Investigation,48,Medium,51,Low,Standard Adjuster Review — Verify Supporting Documentation,44,9,46,DIVERGENT,1
CLM-2024-01497,CUST-08444,Boat,96000.0,Under Investigation,73,High,74,High,Priority Manual Investigation — Consider SIU Referral,71,35,50,DIVERGENT,1
CLM-2024-01498,CUST-00131,Boat,128000.0,Under Investigation,90,High,100,High,Priority Manual Investigation — Consider SIU Referral,70,33,50,DIVERGENT,1
CLM-2024-01499,CUST-02739,Fire,88251.72,Under Investigation,53,Medium,58,Low,Standard Adjuster Review — Verify Supporting Documentation,44,9,46,DIVERGENT,1
CLM-2024-01500,CUST-01034,Auto,80192.43,Under Investigation,100,High,91,High,Priority Manual Investigation — Consider SIU Referral,86,37,52,DIVERGENT,1
CLM-NEW-C7A169,CUST-NEW-C7A169,Auto Insurance,4500.0,Under Review,88,High,41,Low,Priority Manual Investigation — Consider SIU Referral,44,24,54,DIVERGENT,0
CLM-NEW-F4C41E,CUST-NEW-F4C41E,Auto Insurance,4500.0,Under Review,75,High,41,Low,Priority Manual Investigation — Consider SIU Referral,49,22,52,DIVERGENT,0
CLM-NEW-8115FE,CUST-NEW-8115FE,Auto Insurance,450000.0,Under Review,63,Medium,59,Medium,Standard Adjuster Review — Verify Supporting Documentation,70,22,51,DIVERGENT,0
CLM-NEW-B9236E,CUST-NEW-B9236E,Auto Insurance,545000.0,Under Review,98,High,100,High,Priority Manual Investigation — Consider SIU Referral,70,22,51,DIVERGENT,1
